ISO-10303-21;
HEADER;
FILE_DESCRIPTION((''),'2;1');
FILE_NAME('servo_holder', '2026-08-14T14:31:40', (''), (''), 'ImageToStl.com STEP Converter','', '');
FILE_SCHEMA(('AUTOMOTIVE_DESIGN_CC2'));
ENDSEC;
DATA;
#1=PRODUCT_DEFINITION_CONTEXT('',#4,'design');
#2=APPLICATION_PROTOCOL_DEFINITION('INTERNATIONAL STANDARD','automotive_design',1994,#4);
#3=(GEOMETRIC_REPRESENTATION_CONTEXT(3)GLOBAL_UNCERTAINTY_ASSIGNED_CONTEXT((#5))GLOBAL_UNIT_ASSIGNED_CONTEXT((#6,#7,#8))REPRESENTATION_CONTEXT('NONE','WORKSPACE'));
#4=APPLICATION_CONTEXT(' ');
#5=UNCERTAINTY_MEASURE_WITH_UNIT(LENGTH_MEASURE(1.0E-006),#6,'','');
#6=(CONVERSION_BASED_UNIT('METRE',#10)LENGTH_UNIT()NAMED_UNIT(#11));
#7=(NAMED_UNIT(#12)PLANE_ANGLE_UNIT()SI_UNIT($,.RADIAN.));
#8=(NAMED_UNIT(#12)SOLID_ANGLE_UNIT()SI_UNIT($,.STERADIAN.));
#9=AXIS2_PLACEMENT_3D('',#14,#15,#16);
#10=LENGTH_MEASURE_WITH_UNIT(LENGTH_MEASURE(1.0),#17);
#11=DIMENSIONAL_EXPONENTS(1.0,0.0,0.0,0.0,0.0,0.0,0.0);
#12=DIMENSIONAL_EXPONENTS(0.0,0.0,0.0,0.0,0.0,0.0,0.0);
#13=PRODUCT_CONTEXT('',#4,'mechanical');
#14=CARTESIAN_POINT('',(0.0,0.0,0.0));
#15=DIRECTION('',(0.0,0.0,1.0));
#16=DIRECTION('',(1.0,0.0,0.0));
#17=(NAMED_UNIT(#11)LENGTH_UNIT()SI_UNIT(.MILLI.,.METRE.));
#18=PRESENTATION_STYLE_ASSIGNMENT((#19));
#19=SURFACE_STYLE_USAGE(.BOTH.,#20);
#20=SURFACE_SIDE_STYLE('',(#21));
#21=SURFACE_STYLE_FILL_AREA(#22);
#22=FILL_AREA_STYLE('',(#23));
#23=FILL_AREA_STYLE_COLOUR('',#24);
#24=COLOUR_RGB('',0.9,0.9,0.9);
#25=SHAPE_DEFINITION_REPRESENTATION(#26,#27);
#26=PRODUCT_DEFINITION_SHAPE('productshape0','',#30);
#27=MANIFOLD_SURFACE_SHAPE_REPRESENTATION('',(#28,#9),#3);
#28=SHELL_BASED_SURFACE_MODEL('shell0',(#33));
#29=PRODUCT('product0','','',(#13));
#30=PRODUCT_DEFINITION('mesh0','',#31,#2);
#31=PRODUCT_DEFINITION_FORMATION_WITH_SPECIFIED_SOURCE('prodsource0','',#29,.NOT_KNOWN.);
#32=STYLED_ITEM('',(#18),#33);
#33=CLOSED_SHELL('',(#1018,#1040,#1062,#1084,#1106,#1128,#1150,#1172,#1194,#1216,#1238,#1260,#1282,#1304,#1326,#1348,#1370,#1392,#1414,#1436,#1458,#1480,#1502,#1524,#1546,#1568,#1590,#1612,#1634,#1656,#1678,#1700,#1722,#1744,#1766,#1788,#1810,#1832,#1854,#1876,#1898,#1920,#1942,#1964,#1986,#2008,#2030,#2052,#2074,#2096,#2118,#2140,#2162,#2184,#2206,#2228,#2250,#2272,#2294,#2316,#2338,#2360,#2382,#2404,#2426,#2448,#2470,#2492,#2514,#2536,#2558,#2580,#2602,#2624,#2646,#2668,#2690,#2712,#2734,#2756,#2778,#2800,#2822,#2844,#2866,#2888,#2910,#2932,#2954,#2976,#2998,#3020,#3042,#3064,#3086,#3108,#3130,#3152,#3174,#3196,#3218,#3240,#3262,#3284,#3306,#3328,#3350,#3372,#3394,#3416,#3438,#3460,#3482,#3504,#3526,#3548,#3570,#3592,#3614,#3636,#3658,#3680,#3702,#3724,#3746,#3768,#3790,#3812,#3834,#3856,#3878,#3900,#3922,#3944,#3966,#3988,#4010,#4032,#4054,#4076,#4098,#4120,#4142,#4164,#4186,#4208,#4230,#4252,#4274,#4296,#4318,#4340,#4362,#4384,#4406,#4428,#4450,#4472,#4494,#4516,#4538,#4560,#4582,#4604,#4626,#4648,#4670,#4692,#4714,#4736,#4758,#4780,#4802,#4824,#4846,#4868,#4890,#4912,#4934,#4956,#4978,#5000,#5022,#5044,#5066,#5088,#5110,#5132,#5154,#5176,#5198,#5220,#5242,#5264,#5286,#5308,#5330,#5352,#5374,#5396,#5418,#5440,#5462,#5484,#5506,#5528,#5550,#5572,#5594,#5616,#5638,#5660,#5682,#5704,#5726,#5748,#5770,#5792,#5814,#5836,#5858,#5880,#5902,#5924,#5946,#5968,#5990,#6012,#6034,#6056,#6078,#6100,#6122,#6144,#6166,#6188,#6210,#6232,#6254,#6276,#6298,#6320,#6342,#6364,#6386,#6408,#6430,#6452,#6474,#6496,#6518,#6540,#6562,#6584,#6606,#6628,#6650,#6672,#6694,#6716,#6738,#6760,#6782,#6804,#6826,#6848,#6870,#6892,#6914,#6936,#6958,#6980,#7002,#7024,#7046,#7068,#7090,#7112,#7134,#7156,#7178,#7200,#7222,#7244,#7266,#7288,#7310,#7332,#7354,#7376,#7398,#7420,#7442,#7464,#7486,#7508,#7530,#7552,#7574,#7596,#7618,#7640,#7662,#7684,#7706,#7728,#7750,#7772,#7794,#7816,#7838,#7860,#7882,#7904,#7926,#7948,#7970,#7992,#8014,#8036,#8058,#8080,#8102,#8124,#8146,#8168,#8190,#8212,#8234,#8256,#8278,#8300,#8322,#8344,#8366,#8388,#8410,#8432,#8454,#8476,#8498,#8520,#8542,#8564,#8586,#8608,#8630,#8652,#8674,#8696,#8718,#8740,#8762,#8784,#8806,#8828,#8850,#8872,#8894,#8916,#8938,#8960,#8982,#9004,#9026,#9048,#9070,#9092,#9114,#9136,#9158,#9180,#9202,#9224,#9246,#9268,#9290,#9312,#9334,#9356,#9378,#9400,#9422,#9444,#9466,#9488,#9510,#9532,#9554,#9576,#9598,#9620,#9642,#9664,#9686,#9708,#9730,#9752,#9774,#9796,#9818,#9840,#9862,#9884,#9906,#9928,#9950,#9972,#9994,#10016,#10038,#10060,#10082,#10104,#10126,#10148,#10170,#10192,#10214,#10236,#10258,#10280,#10302,#10324,#10346,#10368,#10390,#10412,#10434,#10456,#10478,#10500,#10522,#10544,#10566,#10588,#10610,#10632,#10654,#10676,#10698,#10720,#10742,#10764,#10786,#10808,#10830,#10852,#10874,#10896,#10918,#10940,#10962,#10984,#11006,#11028,#11050,#11072,#11094,#11116,#11138,#11160,#11182,#11204,#11226,#11248,#11270,#11292,#11314,#11336,#11358,#11380,#11402,#11424,#11446,#11468,#11490,#11512,#11534,#11556,#11578,#11600,#11622,#11644,#11666,#11688,#11710,#11732,#11754,#11776,#11798,#11820,#11842,#11864,#11886,#11908,#11930,#11952,#11974,#11996,#12018,#12040,#12062,#12084,#12106,#12128,#12150,#12172,#12194,#12216,#12238,#12260,#12282,#12304,#12326,#12348,#12370,#12392,#12414,#12436,#12458,#12480,#12502,#12524,#12546,#12568,#12590,#12612,#12634,#12656,#12678,#12700,#12722,#12744,#12766,#12788,#12810,#12832,#12854,#12876,#12898,#12920,#12942,#12964,#12986,#13008,#13030,#13052,#13074,#13096,#13118,#13140,#13162,#13184,#13206,#13228,#13250,#13272,#13294,#13316,#13338,#13360,#13382,#13404,#13426,#13448,#13470,#13492,#13514,#13536,#13558,#13580,#13602,#13624,#13646,#13668,#13690,#13712,#13734,#13756,#13778,#13800,#13822,#13844,#13866,#13888,#13910,#13932,#13954,#13976,#13998,#14020,#14042,#14064,#14086,#14108,#14130,#14152,#14174,#14196,#14218,#14240,#14262,#14284,#14306,#14328,#14350,#14372,#14394,#14416,#14438,#14460,#14482,#14504,#14526,#14548,#14570,#14592,#14614,#14636,#14658,#14680,#14702,#14724,#14746,#14768,#14790,#14812,#14834,#14856,#14878,#14900,#14922,#14944,#14966,#14988,#15010,#15032,#15054,#15076,#15098,#15120,#15142,#15164,#15186,#15208,#15230,#15252,#15274,#15296,#15318,#15340,#15362,#15384,#15406,#15428,#15450,#15472,#15494,#15516,#15538,#15560,#15582,#15604,#15626,#15648,#15670,#15692,#15714,#15736,#15758,#15780,#15802,#15824,#15846,#15868,#15890,#15912,#15934,#15956,#15978,#16000,#16022,#16044,#16066,#16088,#16110,#16132,#16154,#16176,#16198,#16220,#16242,#16264,#16286,#16308,#16330,#16352,#16374,#16396,#16418,#16440,#16462,#16484,#16506,#16528,#16550,#16572,#16594,#16616,#16638,#16660,#16682,#16704,#16726,#16748,#16770,#16792,#16814,#16836,#16858,#16880,#16902,#16924,#16946,#16968,#16990,#17012,#17034,#17056,#17078,#17100,#17122,#17144,#17166,#17188,#17210,#17232,#17254,#17276,#17298,#17320,#17342,#17364,#17386,#17408,#17430,#17452,#17474,#17496,#17518,#17540,#17562,#17584,#17606,#17628,#17650,#17672,#17694,#17716,#17738,#17760,#17782,#17804,#17826,#17848,#17870,#17892,#17914,#17936,#17958,#17980,#18002,#18024,#18046,#18068,#18090,#18112,#18134,#18156,#18178,#18200,#18222,#18244,#18266,#18288,#18310,#18332,#18354,#18376,#18398,#18420,#18442,#18464,#18486,#18508,#18530,#18552,#18574,#18596,#18618,#18640,#18662,#18684,#18706,#18728,#18750,#18772,#18794,#18816,#18838,#18860,#18882,#18904,#18926,#18948,#18970,#18992,#19014,#19036,#19058,#19080,#19102,#19124,#19146,#19168,#19190,#19212,#19234,#19256,#19278,#19300,#19322,#19344,#19366,#19388,#19410,#19432,#19454,#19476,#19498,#19520,#19542,#19564,#19586,#19608,#19630,#19652,#19674,#19696,#19718,#19740,#19762,#19784,#19806,#19828,#19850,#19872,#19894,#19916,#19938,#19960,#19982,#20004,#20026,#20048,#20070,#20092,#20114,#20136,#20158,#20180,#20202,#20224,#20246,#20268,#20290,#20312,#20334,#20356,#20378,#20400,#20422,#20444,#20466,#20488,#20510,#20532,#20554,#20576,#20598,#20620,#20642,#20664,#20686,#20708,#20730,#20752,#20774,#20796,#20818,#20840,#20862,#20884,#20906,#20928,#20950,#20972,#20994,#21016,#21038,#21060,#21082,#21104,#21126,#21148,#21170,#21192,#21214,#21236,#21258,#21280,#21302,#21324,#21346,#21368,#21390,#21412,#21434,#21456,#21478,#21500,#21522,#21544,#21566,#21588,#21610,#21632,#21654,#21676,#21698,#21720,#21742,#21764,#21786,#21808,#21830,#21852,#21874,#21896,#21918,#21940,#21962,#21984,#22006,#22028,#22050,#22072,#22094,#22116,#22138,#22160,#22182,#22204,#22226,#22248,#22270,#22292,#22314,#22336,#22358,#22380,#22402,#22424,#22446,#22468,#22490,#22512,#22534,#22556,#22578,#22600,#22622,#22644));
#34=CARTESIAN_POINT('',(-26.04796600341797,250.92999267578125,19.003000259399414));
#35=VERTEX_POINT('',#34);
#36=CARTESIAN_POINT('',(-26.04796600341797,250.92999267578125,20));
#37=VERTEX_POINT('',#36);
#38=CARTESIAN_POINT('',(-26.98696517944336,251.39300537109375,19.003000259399414));
#39=VERTEX_POINT('',#38);
#40=CARTESIAN_POINT('',(-25.176965713500977,250.3489990234375,19.003000259399414));
#41=VERTEX_POINT('',#40);
#42=CARTESIAN_POINT('',(-25.176965713500977,250.3489990234375,20));
#43=VERTEX_POINT('',#42);
#44=CARTESIAN_POINT('',(-24.389965057373047,249.65899658203125,19.003000259399414));
#45=VERTEX_POINT('',#44);
#46=CARTESIAN_POINT('',(-24.389965057373047,249.65899658203125,20));
#47=VERTEX_POINT('',#46);
#48=CARTESIAN_POINT('',(-23.69996452331543,248.8719940185547,19.003000259399414));
#49=VERTEX_POINT('',#48);
#50=CARTESIAN_POINT('',(-23.69996452331543,248.8719940185547,20));
#51=VERTEX_POINT('',#50);
#52=CARTESIAN_POINT('',(-23.11896514892578,248.00100708007812,19.003000259399414));
#53=VERTEX_POINT('',#52);
#54=CARTESIAN_POINT('',(-23.11896514892578,248.00100708007812,20));
#55=VERTEX_POINT('',#54);
#56=CARTESIAN_POINT('',(-22.65596580505371,247.06199645996094,19.003000259399414));
#57=VERTEX_POINT('',#56);
#58=CARTESIAN_POINT('',(-22.65596580505371,247.06199645996094,20));
#59=VERTEX_POINT('',#58);
#60=CARTESIAN_POINT('',(-22.318965911865234,246.0709991455078,19.003000259399414));
#61=VERTEX_POINT('',#60);
#62=CARTESIAN_POINT('',(-22.318965911865234,246.0709991455078,20));
#63=VERTEX_POINT('',#62);
#64=CARTESIAN_POINT('',(-22.114965438842773,245.0449981689453,19.003000259399414));
#65=VERTEX_POINT('',#64);
#66=CARTESIAN_POINT('',(-22.114965438842773,245.0449981689453,20));
#67=VERTEX_POINT('',#66);
#68=CARTESIAN_POINT('',(-22.046964645385742,244,19.003000259399414));
#69=VERTEX_POINT('',#68);
#70=CARTESIAN_POINT('',(-22.046964645385742,244,20));
#71=VERTEX_POINT('',#70);
#72=CARTESIAN_POINT('',(-22.114965438842773,242.9550018310547,19.003000259399414));
#73=VERTEX_POINT('',#72);
#74=CARTESIAN_POINT('',(-22.114965438842773,242.9550018310547,20));
#75=VERTEX_POINT('',#74);
#76=CARTESIAN_POINT('',(-22.318965911865234,241.9290008544922,19.003000259399414));
#77=VERTEX_POINT('',#76);
#78=CARTESIAN_POINT('',(-22.318965911865234,241.9290008544922,20));
#79=VERTEX_POINT('',#78);
#80=CARTESIAN_POINT('',(-22.65596580505371,240.93800354003906,19.003000259399414));
#81=VERTEX_POINT('',#80);
#82=CARTESIAN_POINT('',(-22.65596580505371,240.93800354003906,20));
#83=VERTEX_POINT('',#82);
#84=CARTESIAN_POINT('',(-23.11896514892578,239.99899291992188,19.003000259399414));
#85=VERTEX_POINT('',#84);
#86=CARTESIAN_POINT('',(-23.11896514892578,239.99899291992188,20));
#87=VERTEX_POINT('',#86);
#88=CARTESIAN_POINT('',(-30.0797061920166,236,19.003000259399414));
#89=VERTEX_POINT('',#88);
#90=CARTESIAN_POINT('',(-38.02596664428711,236,19.003000259399414));
#91=VERTEX_POINT('',#90);
#92=CARTESIAN_POINT('',(-31.093965530395508,236.0659942626953,19.003000259399414));
#93=VERTEX_POINT('',#92);
#94=CARTESIAN_POINT('',(-32.119964599609375,236.27000427246094,19.003000259399414));
#95=VERTEX_POINT('',#94);
#96=CARTESIAN_POINT('',(-33.110965728759766,236.60699462890625,19.003000259399414));
#97=VERTEX_POINT('',#96);
#98=CARTESIAN_POINT('',(-34.049964904785156,237.07000732421875,19.003000259399414));
#99=VERTEX_POINT('',#98);
#100=CARTESIAN_POINT('',(-34.92096710205078,237.6510009765625,19.003000259399414));
#101=VERTEX_POINT('',#100);
#102=CARTESIAN_POINT('',(-35.70796585083008,238.34100341796875,19.003000259399414));
#103=VERTEX_POINT('',#102);
#104=CARTESIAN_POINT('',(-36.39796447753906,239.1280059814453,19.003000259399414));
#105=VERTEX_POINT('',#104);
#106=CARTESIAN_POINT('',(-36.978965759277344,239.99899291992188,19.003000259399414));
#107=VERTEX_POINT('',#106);
#108=CARTESIAN_POINT('',(-27.97796630859375,236.27000427246094,19.003000259399414));
#109=VERTEX_POINT('',#108);
#110=CARTESIAN_POINT('',(-26.98696517944336,236.60699462890625,19.003000259399414));
#111=VERTEX_POINT('',#110);
#112=CARTESIAN_POINT('',(-18.025964736938477,236,19.003000259399414));
#113=VERTEX_POINT('',#112);
#114=CARTESIAN_POINT('',(-30.018224716186523,236,19.003000259399414));
#115=VERTEX_POINT('',#114);
#116=CARTESIAN_POINT('',(-29.003965377807617,236.0659942626953,19.003000259399414));
#117=VERTEX_POINT('',#116);
#118=CARTESIAN_POINT('',(-38.02596664428711,232,19.003000259399414));
#119=VERTEX_POINT('',#118);
#120=CARTESIAN_POINT('',(-68.77796173095703,227.54400634765625,19.003000259399414));
#121=VERTEX_POINT('',#120);
#122=CARTESIAN_POINT('',(-36.39796447753906,248.8719940185547,19.003000259399414));
#123=VERTEX_POINT('',#122);
#124=CARTESIAN_POINT('',(-36.978965759277344,248.00100708007812,19.003000259399414));
#125=VERTEX_POINT('',#124);
#126=CARTESIAN_POINT('',(-38.69096374511719,252,19.003000259399414));
#127=VERTEX_POINT('',#126);
#128=CARTESIAN_POINT('',(-35.70796585083008,249.65899658203125,19.003000259399414));
#129=VERTEX_POINT('',#128);
#130=CARTESIAN_POINT('',(-34.049964904785156,250.92999267578125,19.003000259399414));
#131=VERTEX_POINT('',#130);
#132=CARTESIAN_POINT('',(-34.92096710205078,250.3489990234375,19.003000259399414));
#133=VERTEX_POINT('',#132);
#134=CARTESIAN_POINT('',(-33.110965728759766,251.39300537109375,19.003000259399414));
#135=VERTEX_POINT('',#134);
#136=CARTESIAN_POINT('',(-32.119964599609375,251.72999572753906,19.003000259399414));
#137=VERTEX_POINT('',#136);
#138=CARTESIAN_POINT('',(-31.093965530395508,251.9340057373047,19.003000259399414));
#139=VERTEX_POINT('',#138);
#140=CARTESIAN_POINT('',(-30.003536224365234,252,19.003000259399414));
#141=VERTEX_POINT('',#140);
#142=CARTESIAN_POINT('',(-18.69096565246582,252,19.003000259399414));
#143=VERTEX_POINT('',#142);
#144=CARTESIAN_POINT('',(-29.003965377807617,251.9340057373047,19.003000259399414));
#145=VERTEX_POINT('',#144);
#146=CARTESIAN_POINT('',(-27.97796630859375,251.72999572753906,19.003000259399414));
#147=VERTEX_POINT('',#146);
#148=CARTESIAN_POINT('',(-31.093965530395508,236.0659942626953,20));
#149=VERTEX_POINT('',#148);
#150=CARTESIAN_POINT('',(-30.0797061920166,236,20));
#151=VERTEX_POINT('',#150);
#152=CARTESIAN_POINT('',(-32.119964599609375,236.27000427246094,20));
#153=VERTEX_POINT('',#152);
#154=CARTESIAN_POINT('',(-33.110965728759766,236.60699462890625,20));
#155=VERTEX_POINT('',#154);
#156=CARTESIAN_POINT('',(-34.049964904785156,237.07000732421875,20));
#157=VERTEX_POINT('',#156);
#158=CARTESIAN_POINT('',(-34.92096710205078,237.6510009765625,20));
#159=VERTEX_POINT('',#158);
#160=CARTESIAN_POINT('',(-35.70796585083008,238.34100341796875,20));
#161=VERTEX_POINT('',#160);
#162=CARTESIAN_POINT('',(-36.39796447753906,239.1280059814453,20));
#163=VERTEX_POINT('',#162);
#164=CARTESIAN_POINT('',(-36.978965759277344,239.99899291992188,20));
#165=VERTEX_POINT('',#164);
#166=CARTESIAN_POINT('',(-26.98696517944336,236.60699462890625,20));
#167=VERTEX_POINT('',#166);
#168=CARTESIAN_POINT('',(-27.97796630859375,236.27000427246094,20));
#169=VERTEX_POINT('',#168);
#170=CARTESIAN_POINT('',(-29.003965377807617,236.0659942626953,20));
#171=VERTEX_POINT('',#170);
#172=CARTESIAN_POINT('',(-30.018224716186523,236,20));
#173=VERTEX_POINT('',#172);
#174=CARTESIAN_POINT('',(-37.44196701049805,240.93800354003906,19.003000259399414));
#175=VERTEX_POINT('',#174);
#176=CARTESIAN_POINT('',(-37.44196701049805,240.93800354003906,20));
#177=VERTEX_POINT('',#176);
#178=CARTESIAN_POINT('',(-37.77896499633789,241.9290008544922,19.003000259399414));
#179=VERTEX_POINT('',#178);
#180=CARTESIAN_POINT('',(-37.77896499633789,241.9290008544922,20));
#181=VERTEX_POINT('',#180);
#182=CARTESIAN_POINT('',(-37.98296356201172,242.9550018310547,19.003000259399414));
#183=VERTEX_POINT('',#182);
#184=CARTESIAN_POINT('',(-37.98296356201172,242.9550018310547,20));
#185=VERTEX_POINT('',#184);
#186=CARTESIAN_POINT('',(-38.051963806152344,244,20));
#187=VERTEX_POINT('',#186);
#188=CARTESIAN_POINT('',(-38.051963806152344,244,19.003000259399414));
#189=VERTEX_POINT('',#188);
#190=CARTESIAN_POINT('',(-37.98296356201172,245.0449981689453,20));
#191=VERTEX_POINT('',#190);
#192=CARTESIAN_POINT('',(-37.98296356201172,245.0449981689453,19.003000259399414));
#193=VERTEX_POINT('',#192);
#194=CARTESIAN_POINT('',(-37.77896499633789,246.0709991455078,19.003000259399414));
#195=VERTEX_POINT('',#194);
#196=CARTESIAN_POINT('',(-37.77896499633789,246.0709991455078,20));
#197=VERTEX_POINT('',#196);
#198=CARTESIAN_POINT('',(-37.44196701049805,247.06199645996094,19.003000259399414));
#199=VERTEX_POINT('',#198);
#200=CARTESIAN_POINT('',(-37.44196701049805,247.06199645996094,20));
#201=VERTEX_POINT('',#200);
#202=CARTESIAN_POINT('',(-36.978965759277344,248.00100708007812,20));
#203=VERTEX_POINT('',#202);
#204=CARTESIAN_POINT('',(-36.39796447753906,248.8719940185547,20));
#205=VERTEX_POINT('',#204);
#206=CARTESIAN_POINT('',(-35.70796585083008,249.65899658203125,20));
#207=VERTEX_POINT('',#206);
#208=CARTESIAN_POINT('',(-34.92096710205078,250.3489990234375,20));
#209=VERTEX_POINT('',#208);
#210=CARTESIAN_POINT('',(-34.049964904785156,250.92999267578125,20));
#211=VERTEX_POINT('',#210);
#212=CARTESIAN_POINT('',(-33.110965728759766,251.39300537109375,20));
#213=VERTEX_POINT('',#212);
#214=CARTESIAN_POINT('',(-32.119964599609375,251.72999572753906,20));
#215=VERTEX_POINT('',#214);
#216=CARTESIAN_POINT('',(-31.093965530395508,251.9340057373047,20));
#217=VERTEX_POINT('',#216);
#218=CARTESIAN_POINT('',(-30.09439468383789,252,19.003000259399414));
#219=VERTEX_POINT('',#218);
#220=CARTESIAN_POINT('',(-30.09439468383789,252,20));
#221=VERTEX_POINT('',#220);
#222=CARTESIAN_POINT('',(-29.003965377807617,251.9340057373047,20));
#223=VERTEX_POINT('',#222);
#224=CARTESIAN_POINT('',(-30.003536224365234,252,20));
#225=VERTEX_POINT('',#224);
#226=CARTESIAN_POINT('',(-27.97796630859375,251.72999572753906,20));
#227=VERTEX_POINT('',#226);
#228=CARTESIAN_POINT('',(-26.98696517944336,251.39300537109375,20));
#229=VERTEX_POINT('',#228);
#230=CARTESIAN_POINT('',(-38.02596664428711,236,-3.5083047578154947E-14));
#231=VERTEX_POINT('',#230);
#232=CARTESIAN_POINT('',(-18.025964736938477,236,-3.5083047578154947E-14));
#233=VERTEX_POINT('',#232);
#234=CARTESIAN_POINT('',(-18.025964736938477,236,20));
#235=VERTEX_POINT('',#234);
#236=CARTESIAN_POINT('',(-18.025964736938477,232,20));
#237=VERTEX_POINT('',#236);
#238=CARTESIAN_POINT('',(-38.02596664428711,232,20));
#239=VERTEX_POINT('',#238);
#240=CARTESIAN_POINT('',(-38.02596664428711,236,20));
#241=VERTEX_POINT('',#240);
#242=CARTESIAN_POINT('',(-38.69096374511719,252,-3.5083047578154947E-14));
#243=VERTEX_POINT('',#242);
#244=CARTESIAN_POINT('',(-18.69096565246582,252,-3.5083047578154947E-14));
#245=VERTEX_POINT('',#244);
#246=CARTESIAN_POINT('',(-38.69096374511719,256,-3.5083047578154947E-14));
#247=VERTEX_POINT('',#246);
#248=CARTESIAN_POINT('',(-18.69096565246582,256,-3.5083047578154947E-14));
#249=VERTEX_POINT('',#248);
#250=CARTESIAN_POINT('',(-38.69096374511719,256,20));
#251=VERTEX_POINT('',#250);
#252=CARTESIAN_POINT('',(-38.69096374511719,252,20));
#253=VERTEX_POINT('',#252);
#254=CARTESIAN_POINT('',(-18.69096565246582,252,20));
#255=VERTEX_POINT('',#254);
#256=CARTESIAN_POINT('',(-18.69096565246582,256,20));
#257=VERTEX_POINT('',#256);
#258=CARTESIAN_POINT('',(5.067034721374512,270.1780090332031,-3.5083047578154947E-14));
#259=VERTEX_POINT('',#258);
#260=CARTESIAN_POINT('',(5.067034721374512,270.1780090332031,19.003000259399414));
#261=VERTEX_POINT('',#260);
#262=CARTESIAN_POINT('',(1.3580344915390015,274.4070129394531,19.003000259399414));
#263=VERTEX_POINT('',#262);
#264=CARTESIAN_POINT('',(1.3580344915390015,274.4070129394531,-3.5083047578154947E-14));
#265=VERTEX_POINT('',#264);
#266=CARTESIAN_POINT('',(-18.69096565246582,256,19.003000259399414));
#267=VERTEX_POINT('',#266);
#268=CARTESIAN_POINT('',(-2.8709654808044434,278.1159973144531,19.003000259399414));
#269=VERTEX_POINT('',#268);
#270=CARTESIAN_POINT('',(-11.82796573638916,285.57501220703125,-3.5083047578154947E-14));
#271=VERTEX_POINT('',#270);
#272=CARTESIAN_POINT('',(-13.888965606689453,286.3689880371094,-3.5083047578154947E-14));
#273=VERTEX_POINT('',#272);
#274=CARTESIAN_POINT('',(-11.82796573638916,285.57501220703125,20));
#275=VERTEX_POINT('',#274);
#276=CARTESIAN_POINT('',(-13.888965606689453,286.3689880371094,20));
#277=VERTEX_POINT('',#276);
#278=CARTESIAN_POINT('',(-15.985965728759766,287.06201171875,20));
#279=VERTEX_POINT('',#278);
#280=CARTESIAN_POINT('',(-15.985965728759766,287.06201171875,-3.5083047578154947E-14));
#281=VERTEX_POINT('',#280);
#282=CARTESIAN_POINT('',(-18.114965438842773,287.6510009765625,-3.5083047578154947E-14));
#283=VERTEX_POINT('',#282);
#284=CARTESIAN_POINT('',(-17.91896629333496,285.5369873046875,-3.5083047578154947E-14));
#285=VERTEX_POINT('',#284);
#286=CARTESIAN_POINT('',(-17.91896629333496,285.5369873046875,19.003000259399414));
#287=VERTEX_POINT('',#286);
#288=CARTESIAN_POINT('',(-23.435964584350586,286.6349792480469,-3.5083047578154947E-14));
#289=VERTEX_POINT('',#288);
#290=CARTESIAN_POINT('',(-12.592965126037598,283.72900390625,-3.5083047578154947E-14));
#291=VERTEX_POINT('',#290);
#292=CARTESIAN_POINT('',(-12.592965126037598,283.72900390625,19.003000259399414));
#293=VERTEX_POINT('',#292);
#294=CARTESIAN_POINT('',(-7.5479655265808105,281.2409973144531,19.003000259399414));
#295=VERTEX_POINT('',#294);
#296=CARTESIAN_POINT('',(10.680034637451172,260.45599365234375,19.003000259399414));
#297=VERTEX_POINT('',#296);
#298=CARTESIAN_POINT('',(8.192034721374512,265.5010070800781,19.003000259399414));
#299=VERTEX_POINT('',#298);
#300=CARTESIAN_POINT('',(8.367034912109375,218.99899291992188,20));
#301=VERTEX_POINT('',#300);
#302=CARTESIAN_POINT('',(7.095034599304199,217.19400024414062,20));
#303=VERTEX_POINT('',#302);
#304=CARTESIAN_POINT('',(8.367034912109375,218.99899291992188,-3.5083047578154947E-14));
#305=VERTEX_POINT('',#304);
#306=CARTESIAN_POINT('',(7.095034599304199,217.19400024414062,-3.5083047578154947E-14));
#307=VERTEX_POINT('',#306);
#308=CARTESIAN_POINT('',(9.549034118652344,220.86500549316406,20));
#309=VERTEX_POINT('',#308);
#310=CARTESIAN_POINT('',(9.549034118652344,220.86500549316406,-3.5083047578154947E-14));
#311=VERTEX_POINT('',#310);
#312=CARTESIAN_POINT('',(10.63703441619873,222.78700256347656,-3.5083047578154947E-14));
#313=VERTEX_POINT('',#312);
#314=CARTESIAN_POINT('',(10.63703441619873,222.78700256347656,20));
#315=VERTEX_POINT('',#314);
#316=CARTESIAN_POINT('',(8.192034721374512,222.49899291992188,19.003000259399414));
#317=VERTEX_POINT('',#316);
#318=CARTESIAN_POINT('',(8.192034721374512,222.49899291992188,-3.5083047578154947E-14));
#319=VERTEX_POINT('',#318);
#320=CARTESIAN_POINT('',(5.067034721374512,217.82200622558594,19.003000259399414));
#321=VERTEX_POINT('',#320);
#322=CARTESIAN_POINT('',(-7.835965633392334,204.31399536132812,20));
#323=VERTEX_POINT('',#322);
#324=CARTESIAN_POINT('',(-9.808965682983398,203.32000732421875,20));
#325=VERTEX_POINT('',#324);
#326=CARTESIAN_POINT('',(-7.835965633392334,204.31399536132812,-3.5083047578154947E-14));
#327=VERTEX_POINT('',#326);
#328=CARTESIAN_POINT('',(-9.808965682983398,203.32000732421875,-3.5083047578154947E-14));
#329=VERTEX_POINT('',#328);
#330=CARTESIAN_POINT('',(-5.913965225219727,205.40199279785156,20));
#331=VERTEX_POINT('',#330);
#332=CARTESIAN_POINT('',(-5.913965225219727,205.40199279785156,-3.5083047578154947E-14));
#333=VERTEX_POINT('',#332);
#334=CARTESIAN_POINT('',(-4.0479655265808105,206.58399963378906,20));
#335=VERTEX_POINT('',#334);
#336=CARTESIAN_POINT('',(-4.0479655265808105,206.58399963378906,-3.5083047578154947E-14));
#337=VERTEX_POINT('',#336);
#338=CARTESIAN_POINT('',(-2.2429654598236084,207.8560028076172,-3.5083047578154947E-14));
#339=VERTEX_POINT('',#338);
#340=CARTESIAN_POINT('',(-2.2429654598236084,207.8560028076172,20));
#341=VERTEX_POINT('',#340);
#342=CARTESIAN_POINT('',(-0.5009654760360718,209.21499633789062,20));
#343=VERTEX_POINT('',#342);
#344=CARTESIAN_POINT('',(-0.5009654760360718,209.21499633789062,-3.5083047578154947E-14));
#345=VERTEX_POINT('',#344);
#346=CARTESIAN_POINT('',(1.171034574508667,210.65699768066406,-3.5083047578154947E-14));
#347=VERTEX_POINT('',#346);
#348=CARTESIAN_POINT('',(1.171034574508667,210.65699768066406,20));
#349=VERTEX_POINT('',#348);
#350=CARTESIAN_POINT('',(2.7710344791412354,212.17999267578125,-3.5083047578154947E-14));
#351=VERTEX_POINT('',#350);
#352=CARTESIAN_POINT('',(2.7710344791412354,212.17999267578125,20));
#353=VERTEX_POINT('',#352);
#354=CARTESIAN_POINT('',(4.294034481048584,213.77999877929688,-3.5083047578154947E-14));
#355=VERTEX_POINT('',#354);
#356=CARTESIAN_POINT('',(4.294034481048584,213.77999877929688,20));
#357=VERTEX_POINT('',#356);
#358=CARTESIAN_POINT('',(5.736034393310547,215.45199584960938,-3.5083047578154947E-14));
#359=VERTEX_POINT('',#358);
#360=CARTESIAN_POINT('',(5.736034393310547,215.45199584960938,20));
#361=VERTEX_POINT('',#360);
#362=CARTESIAN_POINT('',(5.067034721374512,217.82200622558594,-3.5083047578154947E-14));
#363=VERTEX_POINT('',#362);
#364=CARTESIAN_POINT('',(1.3580344915390015,213.59300231933594,-3.5083047578154947E-14));
#365=VERTEX_POINT('',#364);
#366=CARTESIAN_POINT('',(1.3580344915390015,213.59300231933594,19.003000259399414));
#367=VERTEX_POINT('',#366);
#368=CARTESIAN_POINT('',(-2.8709654808044434,209.88400268554688,-3.5083047578154947E-14));
#369=VERTEX_POINT('',#368);
#370=CARTESIAN_POINT('',(-2.8709654808044434,209.88400268554688,19.003000259399414));
#371=VERTEX_POINT('',#370);
#372=CARTESIAN_POINT('',(-7.5479655265808105,206.75900268554688,-3.5083047578154947E-14));
#373=VERTEX_POINT('',#372);
#374=CARTESIAN_POINT('',(-7.5479655265808105,206.75900268554688,19.003000259399414));
#375=VERTEX_POINT('',#374);
#376=CARTESIAN_POINT('',(-12.592965126037598,204.27099609375,19.003000259399414));
#377=VERTEX_POINT('',#376);
#378=CARTESIAN_POINT('',(-18.025964736938477,232,19.003000259399414));
#379=VERTEX_POINT('',#378);
#380=CARTESIAN_POINT('',(-15.985965728759766,200.93800354003906,20));
#381=VERTEX_POINT('',#380);
#382=CARTESIAN_POINT('',(-13.888965606689453,201.63099670410156,-3.5083047578154947E-14));
#383=VERTEX_POINT('',#382);
#384=CARTESIAN_POINT('',(-13.888965606689453,201.63099670410156,20));
#385=VERTEX_POINT('',#384);
#386=CARTESIAN_POINT('',(-15.985965728759766,200.93800354003906,-3.5083047578154947E-14));
#387=VERTEX_POINT('',#386);
#388=CARTESIAN_POINT('',(-11.82796573638916,202.4250030517578,20));
#389=VERTEX_POINT('',#388);
#390=CARTESIAN_POINT('',(-11.82796573638916,202.4250030517578,-3.5083047578154947E-14));
#391=VERTEX_POINT('',#390);
#392=CARTESIAN_POINT('',(-12.592965126037598,204.27099609375,-3.5083047578154947E-14));
#393=VERTEX_POINT('',#392);
#394=CARTESIAN_POINT('',(-17.91896629333496,202.46299743652344,-3.5083047578154947E-14));
#395=VERTEX_POINT('',#394);
#396=CARTESIAN_POINT('',(-17.91896629333496,202.46299743652344,19.003000259399414));
#397=VERTEX_POINT('',#396);
#398=CARTESIAN_POINT('',(-18.025964736938477,232,-3.5083047578154947E-14));
#399=VERTEX_POINT('',#398);
#400=CARTESIAN_POINT('',(-18.114965438842773,200.3489990234375,20));
#401=VERTEX_POINT('',#400);
#402=CARTESIAN_POINT('',(-18.114965438842773,200.3489990234375,-3.5083047578154947E-14));
#403=VERTEX_POINT('',#402);
#404=CARTESIAN_POINT('',(-23.435964584350586,201.36500549316406,-3.5083047578154947E-14));
#405=VERTEX_POINT('',#404);
#406=CARTESIAN_POINT('',(-23.435964584350586,201.36500549316406,19.003000259399414));
#407=VERTEX_POINT('',#406);
#408=CARTESIAN_POINT('',(-20.26996612548828,288.1349792480469,20));
#409=VERTEX_POINT('',#408);
#410=CARTESIAN_POINT('',(-18.114965438842773,287.6510009765625,20));
#411=VERTEX_POINT('',#410);
#412=CARTESIAN_POINT('',(-9.808965682983398,284.67999267578125,20));
#413=VERTEX_POINT('',#412);
#414=CARTESIAN_POINT('',(12.526034355163574,261.22100830078125,20));
#415=VERTEX_POINT('',#414);
#416=CARTESIAN_POINT('',(12.948034286499023,246.0030059814453,20));
#417=VERTEX_POINT('',#416);
#418=CARTESIAN_POINT('',(-20.26996612548828,199.86500549316406,20));
#419=VERTEX_POINT('',#418);
#420=CARTESIAN_POINT('',(14.01303482055664,257.06298828125,20));
#421=VERTEX_POINT('',#420);
#422=CARTESIAN_POINT('',(14.01303482055664,257.06298828125,-3.5083047578154947E-14));
#423=VERTEX_POINT('',#422);
#424=CARTESIAN_POINT('',(13.320034980773926,259.1600036621094,20));
#425=VERTEX_POINT('',#424);
#426=CARTESIAN_POINT('',(13.320034980773926,259.1600036621094,-3.5083047578154947E-14));
#427=VERTEX_POINT('',#426);
#428=CARTESIAN_POINT('',(12.526034355163574,261.22100830078125,-3.5083047578154947E-14));
#429=VERTEX_POINT('',#428);
#430=CARTESIAN_POINT('',(11.631034851074219,263.239990234375,20));
#431=VERTEX_POINT('',#430);
#432=CARTESIAN_POINT('',(11.631034851074219,263.239990234375,-3.5083047578154947E-14));
#433=VERTEX_POINT('',#432);
#434=CARTESIAN_POINT('',(10.63703441619873,265.2130126953125,-3.5083047578154947E-14));
#435=VERTEX_POINT('',#434);
#436=CARTESIAN_POINT('',(10.63703441619873,265.2130126953125,20));
#437=VERTEX_POINT('',#436);
#438=CARTESIAN_POINT('',(9.549034118652344,267.135009765625,-3.5083047578154947E-14));
#439=VERTEX_POINT('',#438);
#440=CARTESIAN_POINT('',(9.549034118652344,267.135009765625,20));
#441=VERTEX_POINT('',#440);
#442=CARTESIAN_POINT('',(8.367034912109375,269.0010070800781,20));
#443=VERTEX_POINT('',#442);
#444=CARTESIAN_POINT('',(8.367034912109375,269.0010070800781,-3.5083047578154947E-14));
#445=VERTEX_POINT('',#444);
#446=CARTESIAN_POINT('',(7.095034599304199,270.8059997558594,20));
#447=VERTEX_POINT('',#446);
#448=CARTESIAN_POINT('',(7.095034599304199,270.8059997558594,-3.5083047578154947E-14));
#449=VERTEX_POINT('',#448);
#450=CARTESIAN_POINT('',(8.192034721374512,265.5010070800781,-3.5083047578154947E-14));
#451=VERTEX_POINT('',#450);
#452=CARTESIAN_POINT('',(10.680034637451172,260.45599365234375,-3.5083047578154947E-14));
#453=VERTEX_POINT('',#452);
#454=CARTESIAN_POINT('',(12.48803424835205,255.1300048828125,19.003000259399414));
#455=VERTEX_POINT('',#454);
#456=CARTESIAN_POINT('',(11.631034851074219,224.75999450683594,-3.5083047578154947E-14));
#457=VERTEX_POINT('',#456);
#458=CARTESIAN_POINT('',(11.631034851074219,224.75999450683594,20));
#459=VERTEX_POINT('',#458);
#460=CARTESIAN_POINT('',(12.526034355163574,226.7790069580078,-3.5083047578154947E-14));
#461=VERTEX_POINT('',#460);
#462=CARTESIAN_POINT('',(12.526034355163574,226.7790069580078,20));
#463=VERTEX_POINT('',#462);
#464=CARTESIAN_POINT('',(13.320034980773926,228.83999633789062,-3.5083047578154947E-14));
#465=VERTEX_POINT('',#464);
#466=CARTESIAN_POINT('',(13.320034980773926,228.83999633789062,20));
#467=VERTEX_POINT('',#466);
#468=CARTESIAN_POINT('',(14.01303482055664,230.93699645996094,-3.5083047578154947E-14));
#469=VERTEX_POINT('',#468);
#470=CARTESIAN_POINT('',(14.01303482055664,230.93699645996094,20));
#471=VERTEX_POINT('',#470);
#472=CARTESIAN_POINT('',(14.602034568786621,233.0659942626953,-3.5083047578154947E-14));
#473=VERTEX_POINT('',#472);
#474=CARTESIAN_POINT('',(14.602034568786621,233.0659942626953,20));
#475=VERTEX_POINT('',#474);
#476=CARTESIAN_POINT('',(15.086034774780273,235.2209930419922,-3.5083047578154947E-14));
#477=VERTEX_POINT('',#476);
#478=CARTESIAN_POINT('',(15.086034774780273,235.2209930419922,20));
#479=VERTEX_POINT('',#478);
#480=CARTESIAN_POINT('',(15.464034080505371,237.39700317382812,-3.5083047578154947E-14));
#481=VERTEX_POINT('',#480);
#482=CARTESIAN_POINT('',(15.464034080505371,237.39700317382812,20));
#483=VERTEX_POINT('',#482);
#484=CARTESIAN_POINT('',(15.734034538269043,239.58900451660156,-3.5083047578154947E-14));
#485=VERTEX_POINT('',#484);
#486=CARTESIAN_POINT('',(15.734034538269043,239.58900451660156,20));
#487=VERTEX_POINT('',#486);
#488=CARTESIAN_POINT('',(15.897034645080566,241.79200744628906,-3.5083047578154947E-14));
#489=VERTEX_POINT('',#488);
#490=CARTESIAN_POINT('',(15.897034645080566,241.79200744628906,20));
#491=VERTEX_POINT('',#490);
#492=CARTESIAN_POINT('',(15.902074813842773,241.9980010986328,-3.5083047578154947E-14));
#493=VERTEX_POINT('',#492);
#494=CARTESIAN_POINT('',(15.902074813842773,241.9980010986328,20));
#495=VERTEX_POINT('',#494);
#496=CARTESIAN_POINT('',(15.897034645080566,246.20799255371094,-3.5083047578154947E-14));
#497=VERTEX_POINT('',#496);
#498=CARTESIAN_POINT('',(15.897034645080566,246.20799255371094,20));
#499=VERTEX_POINT('',#498);
#500=CARTESIAN_POINT('',(15.902054786682129,246.0030059814453,20));
#501=VERTEX_POINT('',#500);
#502=CARTESIAN_POINT('',(15.902054786682129,246.0030059814453,-3.5083047578154947E-14));
#503=VERTEX_POINT('',#502);
#504=CARTESIAN_POINT('',(15.734034538269043,248.41099548339844,-3.5083047578154947E-14));
#505=VERTEX_POINT('',#504);
#506=CARTESIAN_POINT('',(15.734034538269043,248.41099548339844,20));
#507=VERTEX_POINT('',#506);
#508=CARTESIAN_POINT('',(15.464034080505371,250.60299682617188,-3.5083047578154947E-14));
#509=VERTEX_POINT('',#508);
#510=CARTESIAN_POINT('',(15.464034080505371,250.60299682617188,20));
#511=VERTEX_POINT('',#510);
#512=CARTESIAN_POINT('',(15.086034774780273,252.7790069580078,-3.5083047578154947E-14));
#513=VERTEX_POINT('',#512);
#514=CARTESIAN_POINT('',(15.086034774780273,252.7790069580078,20));
#515=VERTEX_POINT('',#514);
#516=CARTESIAN_POINT('',(14.602034568786621,254.9340057373047,-3.5083047578154947E-14));
#517=VERTEX_POINT('',#516);
#518=CARTESIAN_POINT('',(14.602034568786621,254.9340057373047,20));
#519=VERTEX_POINT('',#518);
#520=CARTESIAN_POINT('',(12.948034286499023,246.0030059814453,19.003000259399414));
#521=VERTEX_POINT('',#520);
#522=CARTESIAN_POINT('',(13.822074890136719,246.0030059814453,19.003000259399414));
#523=VERTEX_POINT('',#522);
#524=CARTESIAN_POINT('',(13.822074890136719,246.0030059814453,-3.5083047578154947E-14));
#525=VERTEX_POINT('',#524);
#526=CARTESIAN_POINT('',(13.586034774780273,249.61300659179688,-3.5083047578154947E-14));
#527=VERTEX_POINT('',#526);
#528=CARTESIAN_POINT('',(13.586034774780273,249.61300659179688,19.003000259399414));
#529=VERTEX_POINT('',#528);
#530=CARTESIAN_POINT('',(12.948034286499023,241.9980010986328,19.003000259399414));
#531=VERTEX_POINT('',#530);
#532=CARTESIAN_POINT('',(12.948034286499023,241.9980010986328,20));
#533=VERTEX_POINT('',#532);
#534=CARTESIAN_POINT('',(13.822134971618652,241.9980010986328,19.003000259399414));
#535=VERTEX_POINT('',#534);
#536=CARTESIAN_POINT('',(13.822134971618652,241.9980010986328,-3.5083047578154947E-14));
#537=VERTEX_POINT('',#536);
#538=CARTESIAN_POINT('',(13.586034774780273,238.38699340820312,-3.5083047578154947E-14));
#539=VERTEX_POINT('',#538);
#540=CARTESIAN_POINT('',(13.586034774780273,238.38699340820312,19.003000259399414));
#541=VERTEX_POINT('',#540);
#542=CARTESIAN_POINT('',(12.48803424835205,255.1300048828125,-3.5083047578154947E-14));
#543=VERTEX_POINT('',#542);
#544=CARTESIAN_POINT('',(12.48803424835205,232.8699951171875,-3.5083047578154947E-14));
#545=VERTEX_POINT('',#544);
#546=CARTESIAN_POINT('',(12.48803424835205,232.8699951171875,19.003000259399414));
#547=VERTEX_POINT('',#546);
#548=CARTESIAN_POINT('',(10.680034637451172,227.54400634765625,-3.5083047578154947E-14));
#549=VERTEX_POINT('',#548);
#550=CARTESIAN_POINT('',(10.680034637451172,227.54400634765625,19.003000259399414));
#551=VERTEX_POINT('',#550);
#552=CARTESIAN_POINT('',(5.736034393310547,272.5480041503906,20));
#553=VERTEX_POINT('',#552);
#554=CARTESIAN_POINT('',(5.736034393310547,272.5480041503906,-3.5083047578154947E-14));
#555=VERTEX_POINT('',#554);
#556=CARTESIAN_POINT('',(4.294034481048584,274.2200012207031,-3.5083047578154947E-14));
#557=VERTEX_POINT('',#556);
#558=CARTESIAN_POINT('',(4.294034481048584,274.2200012207031,20));
#559=VERTEX_POINT('',#558);
#560=CARTESIAN_POINT('',(2.7710344791412354,275.82000732421875,-3.5083047578154947E-14));
#561=VERTEX_POINT('',#560);
#562=CARTESIAN_POINT('',(2.7710344791412354,275.82000732421875,20));
#563=VERTEX_POINT('',#562);
#564=CARTESIAN_POINT('',(1.171034574508667,277.3429870605469,-3.5083047578154947E-14));
#565=VERTEX_POINT('',#564);
#566=CARTESIAN_POINT('',(1.171034574508667,277.3429870605469,20));
#567=VERTEX_POINT('',#566);
#568=CARTESIAN_POINT('',(-0.5009654760360718,278.7850036621094,-3.5083047578154947E-14));
#569=VERTEX_POINT('',#568);
#570=CARTESIAN_POINT('',(-0.5009654760360718,278.7850036621094,20));
#571=VERTEX_POINT('',#570);
#572=CARTESIAN_POINT('',(-2.2429654598236084,280.1440124511719,-3.5083047578154947E-14));
#573=VERTEX_POINT('',#572);
#574=CARTESIAN_POINT('',(-2.2429654598236084,280.1440124511719,20));
#575=VERTEX_POINT('',#574);
#576=CARTESIAN_POINT('',(-4.0479655265808105,281.4159851074219,20));
#577=VERTEX_POINT('',#576);
#578=CARTESIAN_POINT('',(-4.0479655265808105,281.4159851074219,-3.5083047578154947E-14));
#579=VERTEX_POINT('',#578);
#580=CARTESIAN_POINT('',(-5.913965225219727,282.5979919433594,20));
#581=VERTEX_POINT('',#580);
#582=CARTESIAN_POINT('',(-5.913965225219727,282.5979919433594,-3.5083047578154947E-14));
#583=VERTEX_POINT('',#582);
#584=CARTESIAN_POINT('',(-7.835965633392334,283.6860046386719,20));
#585=VERTEX_POINT('',#584);
#586=CARTESIAN_POINT('',(-7.835965633392334,283.6860046386719,-3.5083047578154947E-14));
#587=VERTEX_POINT('',#586);
#588=CARTESIAN_POINT('',(-9.808965682983398,284.67999267578125,-3.5083047578154947E-14));
#589=VERTEX_POINT('',#588);
#590=CARTESIAN_POINT('',(-7.5479655265808105,281.2409973144531,-3.5083047578154947E-14));
#591=VERTEX_POINT('',#590);
#592=CARTESIAN_POINT('',(-2.8709654808044434,278.1159973144531,-3.5083047578154947E-14));
#593=VERTEX_POINT('',#592);
#594=CARTESIAN_POINT('',(-39.98296356201172,287.6510009765625,-3.5083047578154947E-14));
#595=VERTEX_POINT('',#594);
#596=CARTESIAN_POINT('',(-40.1789665222168,285.5369873046875,-3.5083047578154947E-14));
#597=VERTEX_POINT('',#596);
#598=CARTESIAN_POINT('',(-42.11196517944336,287.06201171875,-3.5083047578154947E-14));
#599=VERTEX_POINT('',#598);
#600=CARTESIAN_POINT('',(-54.049964904785156,281.4159851074219,-3.5083047578154947E-14));
#601=VERTEX_POINT('',#600);
#602=CARTESIAN_POINT('',(-52.183963775634766,282.5979919433594,-3.5083047578154947E-14));
#603=VERTEX_POINT('',#602);
#604=CARTESIAN_POINT('',(-50.549964904785156,281.2409973144531,-3.5083047578154947E-14));
#605=VERTEX_POINT('',#604);
#606=CARTESIAN_POINT('',(-55.226966857910156,278.1159973144531,-3.5083047578154947E-14));
#607=VERTEX_POINT('',#606);
#608=CARTESIAN_POINT('',(-55.85496520996094,280.1440124511719,-3.5083047578154947E-14));
#609=VERTEX_POINT('',#608);
#610=CARTESIAN_POINT('',(-57.59696578979492,278.7850036621094,-3.5083047578154947E-14));
#611=VERTEX_POINT('',#610);
#612=CARTESIAN_POINT('',(-50.261966705322266,283.6860046386719,-3.5083047578154947E-14));
#613=VERTEX_POINT('',#612);
#614=CARTESIAN_POINT('',(-48.28896713256836,284.67999267578125,-3.5083047578154947E-14));
#615=VERTEX_POINT('',#614);
#616=CARTESIAN_POINT('',(-45.504966735839844,283.72900390625,-3.5083047578154947E-14));
#617=VERTEX_POINT('',#616);
#618=CARTESIAN_POINT('',(-46.26996612548828,285.57501220703125,-3.5083047578154947E-14));
#619=VERTEX_POINT('',#618);
#620=CARTESIAN_POINT('',(-44.20896530151367,286.3689880371094,-3.5083047578154947E-14));
#621=VERTEX_POINT('',#620);
#622=CARTESIAN_POINT('',(-71.41796875,259.1600036621094,-3.5083047578154947E-14));
#623=VERTEX_POINT('',#622);
#624=CARTESIAN_POINT('',(-70.62396240234375,261.22100830078125,-3.5083047578154947E-14));
#625=VERTEX_POINT('',#624);
#626=CARTESIAN_POINT('',(-68.77796173095703,260.45599365234375,-3.5083047578154947E-14));
#627=VERTEX_POINT('',#626);
#628=CARTESIAN_POINT('',(-69.72895812988281,263.239990234375,-3.5083047578154947E-14));
#629=VERTEX_POINT('',#628);
#630=CARTESIAN_POINT('',(-66.28996276855469,265.5010070800781,-3.5083047578154947E-14));
#631=VERTEX_POINT('',#630);
#632=CARTESIAN_POINT('',(-68.7349624633789,265.2130126953125,-3.5083047578154947E-14));
#633=VERTEX_POINT('',#632);
#634=CARTESIAN_POINT('',(-67.64697265625,267.135009765625,-3.5083047578154947E-14));
#635=VERTEX_POINT('',#634);
#636=CARTESIAN_POINT('',(-66.4649658203125,269.0010070800781,-3.5083047578154947E-14));
#637=VERTEX_POINT('',#636);
#638=CARTESIAN_POINT('',(-63.16496658325195,270.1780090332031,-3.5083047578154947E-14));
#639=VERTEX_POINT('',#638);
#640=CARTESIAN_POINT('',(-65.19296264648438,270.8059997558594,-3.5083047578154947E-14));
#641=VERTEX_POINT('',#640);
#642=CARTESIAN_POINT('',(-63.83396530151367,272.5480041503906,-3.5083047578154947E-14));
#643=VERTEX_POINT('',#642);
#644=CARTESIAN_POINT('',(-62.391963958740234,274.2200012207031,-3.5083047578154947E-14));
#645=VERTEX_POINT('',#644);
#646=CARTESIAN_POINT('',(-59.45596694946289,274.4070129394531,-3.5083047578154947E-14));
#647=VERTEX_POINT('',#646);
#648=CARTESIAN_POINT('',(-60.86897659301758,275.82000732421875,-3.5083047578154947E-14));
#649=VERTEX_POINT('',#648);
#650=CARTESIAN_POINT('',(-59.26896667480469,277.3429870605469,-3.5083047578154947E-14));
#651=VERTEX_POINT('',#650);
#652=CARTESIAN_POINT('',(-70.58596801757812,255.1300048828125,-3.5083047578154947E-14));
#653=VERTEX_POINT('',#652);
#654=CARTESIAN_POINT('',(-72.1109619140625,257.06298828125,-3.5083047578154947E-14));
#655=VERTEX_POINT('',#654);
#656=CARTESIAN_POINT('',(-73.99496459960938,246.20799255371094,-3.5083047578154947E-14));
#657=VERTEX_POINT('',#656);
#658=CARTESIAN_POINT('',(-73.83196258544922,248.41099548339844,-3.5083047578154947E-14));
#659=VERTEX_POINT('',#658);
#660=CARTESIAN_POINT('',(-71.92063903808594,246.0030059814453,-3.5083047578154947E-14));
#661=VERTEX_POINT('',#660);
#662=CARTESIAN_POINT('',(-73.99998474121094,246.0030059814453,-3.5083047578154947E-14));
#663=VERTEX_POINT('',#662);
#664=CARTESIAN_POINT('',(-71.68395233154297,249.61300659179688,-3.5083047578154947E-14));
#665=VERTEX_POINT('',#664);
#666=CARTESIAN_POINT('',(-73.56196594238281,250.60299682617188,-3.5083047578154947E-14));
#667=VERTEX_POINT('',#666);
#668=CARTESIAN_POINT('',(-73.18395233154297,252.7790069580078,-3.5083047578154947E-14));
#669=VERTEX_POINT('',#668);
#670=CARTESIAN_POINT('',(-72.69996643066406,254.9340057373047,-3.5083047578154947E-14));
#671=VERTEX_POINT('',#670);
#672=CARTESIAN_POINT('',(-72.1109619140625,230.93699645996094,-3.5083047578154947E-14));
#673=VERTEX_POINT('',#672);
#674=CARTESIAN_POINT('',(-70.58596801757812,232.8699951171875,-3.5083047578154947E-14));
#675=VERTEX_POINT('',#674);
#676=CARTESIAN_POINT('',(-71.41796875,228.83999633789062,-3.5083047578154947E-14));
#677=VERTEX_POINT('',#676);
#678=CARTESIAN_POINT('',(-72.69996643066406,233.0659942626953,-3.5083047578154947E-14));
#679=VERTEX_POINT('',#678);
#680=CARTESIAN_POINT('',(-73.18395233154297,235.2209930419922,-3.5083047578154947E-14));
#681=VERTEX_POINT('',#680);
#682=CARTESIAN_POINT('',(-71.68395233154297,238.38699340820312,-3.5083047578154947E-14));
#683=VERTEX_POINT('',#682);
#684=CARTESIAN_POINT('',(-73.56196594238281,237.39700317382812,-3.5083047578154947E-14));
#685=VERTEX_POINT('',#684);
#686=CARTESIAN_POINT('',(-73.83196258544922,239.58900451660156,-3.5083047578154947E-14));
#687=VERTEX_POINT('',#686);
#688=CARTESIAN_POINT('',(-71.92071533203125,241.9980010986328,-3.5083047578154947E-14));
#689=VERTEX_POINT('',#688);
#690=CARTESIAN_POINT('',(-73.99496459960938,241.79200744628906,-3.5083047578154947E-14));
#691=VERTEX_POINT('',#690);
#692=CARTESIAN_POINT('',(-73.99999237060547,241.9980010986328,-3.5083047578154947E-14));
#693=VERTEX_POINT('',#692);
#694=CARTESIAN_POINT('',(-69.72895812988281,224.75999450683594,-3.5083047578154947E-14));
#695=VERTEX_POINT('',#694);
#696=CARTESIAN_POINT('',(-70.62396240234375,226.7790069580078,-3.5083047578154947E-14));
#697=VERTEX_POINT('',#696);
#698=CARTESIAN_POINT('',(-68.77796173095703,227.54400634765625,-3.5083047578154947E-14));
#699=VERTEX_POINT('',#698);
#700=CARTESIAN_POINT('',(-66.28996276855469,222.49899291992188,-3.5083047578154947E-14));
#701=VERTEX_POINT('',#700);
#702=CARTESIAN_POINT('',(-39.98296356201172,200.3489990234375,-3.5083047578154947E-14));
#703=VERTEX_POINT('',#702);
#704=CARTESIAN_POINT('',(-42.11196517944336,200.93800354003906,-3.5083047578154947E-14));
#705=VERTEX_POINT('',#704);
#706=CARTESIAN_POINT('',(-40.1789665222168,202.46299743652344,-3.5083047578154947E-14));
#707=VERTEX_POINT('',#706);
#708=CARTESIAN_POINT('',(-44.20896530151367,201.63099670410156,-3.5083047578154947E-14));
#709=VERTEX_POINT('',#708);
#710=CARTESIAN_POINT('',(-46.26996612548828,202.4250030517578,-3.5083047578154947E-14));
#711=VERTEX_POINT('',#710);
#712=CARTESIAN_POINT('',(-48.28896713256836,203.32000732421875,-3.5083047578154947E-14));
#713=VERTEX_POINT('',#712);
#714=CARTESIAN_POINT('',(-45.504966735839844,204.27099609375,-3.5083047578154947E-14));
#715=VERTEX_POINT('',#714);
#716=CARTESIAN_POINT('',(-50.549964904785156,206.75900268554688,-3.5083047578154947E-14));
#717=VERTEX_POINT('',#716);
#718=CARTESIAN_POINT('',(-50.261966705322266,204.31399536132812,-3.5083047578154947E-14));
#719=VERTEX_POINT('',#718);
#720=CARTESIAN_POINT('',(-52.183963775634766,205.40199279785156,-3.5083047578154947E-14));
#721=VERTEX_POINT('',#720);
#722=CARTESIAN_POINT('',(-54.049964904785156,206.58399963378906,-3.5083047578154947E-14));
#723=VERTEX_POINT('',#722);
#724=CARTESIAN_POINT('',(-55.226966857910156,209.88400268554688,-3.5083047578154947E-14));
#725=VERTEX_POINT('',#724);
#726=CARTESIAN_POINT('',(-55.85496520996094,207.8560028076172,-3.5083047578154947E-14));
#727=VERTEX_POINT('',#726);
#728=CARTESIAN_POINT('',(-57.59696578979492,209.21499633789062,-3.5083047578154947E-14));
#729=VERTEX_POINT('',#728);
#730=CARTESIAN_POINT('',(-59.26896667480469,210.65699768066406,-3.5083047578154947E-14));
#731=VERTEX_POINT('',#730);
#732=CARTESIAN_POINT('',(-59.45596694946289,213.59300231933594,-3.5083047578154947E-14));
#733=VERTEX_POINT('',#732);
#734=CARTESIAN_POINT('',(-60.86897659301758,212.17999267578125,-3.5083047578154947E-14));
#735=VERTEX_POINT('',#734);
#736=CARTESIAN_POINT('',(-63.16496658325195,217.82200622558594,-3.5083047578154947E-14));
#737=VERTEX_POINT('',#736);
#738=CARTESIAN_POINT('',(-62.391963958740234,213.77999877929688,-3.5083047578154947E-14));
#739=VERTEX_POINT('',#738);
#740=CARTESIAN_POINT('',(-63.83396530151367,215.45199584960938,-3.5083047578154947E-14));
#741=VERTEX_POINT('',#740);
#742=CARTESIAN_POINT('',(-65.19296264648438,217.19400024414062,-3.5083047578154947E-14));
#743=VERTEX_POINT('',#742);
#744=CARTESIAN_POINT('',(-66.4649658203125,218.99899291992188,-3.5083047578154947E-14));
#745=VERTEX_POINT('',#744);
#746=CARTESIAN_POINT('',(-67.64697265625,220.86500549316406,-3.5083047578154947E-14));
#747=VERTEX_POINT('',#746);
#748=CARTESIAN_POINT('',(-68.7349624633789,222.78700256347656,-3.5083047578154947E-14));
#749=VERTEX_POINT('',#748);
#750=CARTESIAN_POINT('',(-42.11196517944336,287.06201171875,20));
#751=VERTEX_POINT('',#750);
#752=CARTESIAN_POINT('',(-39.98296356201172,287.6510009765625,20));
#753=VERTEX_POINT('',#752);
#754=CARTESIAN_POINT('',(-48.28896713256836,284.67999267578125,20));
#755=VERTEX_POINT('',#754);
#756=CARTESIAN_POINT('',(-46.26996612548828,285.57501220703125,20));
#757=VERTEX_POINT('',#756);
#758=CARTESIAN_POINT('',(-50.261966705322266,283.6860046386719,20));
#759=VERTEX_POINT('',#758);
#760=CARTESIAN_POINT('',(-52.183963775634766,282.5979919433594,20));
#761=VERTEX_POINT('',#760);
#762=CARTESIAN_POINT('',(-54.049964904785156,281.4159851074219,20));
#763=VERTEX_POINT('',#762);
#764=CARTESIAN_POINT('',(-55.85496520996094,280.1440124511719,20));
#765=VERTEX_POINT('',#764);
#766=CARTESIAN_POINT('',(-57.59696578979492,278.7850036621094,20));
#767=VERTEX_POINT('',#766);
#768=CARTESIAN_POINT('',(-59.26896667480469,277.3429870605469,20));
#769=VERTEX_POINT('',#768);
#770=CARTESIAN_POINT('',(-44.20896530151367,286.3689880371094,20));
#771=VERTEX_POINT('',#770);
#772=CARTESIAN_POINT('',(-70.62396240234375,261.22100830078125,20));
#773=VERTEX_POINT('',#772);
#774=CARTESIAN_POINT('',(-62.391963958740234,274.2200012207031,20));
#775=VERTEX_POINT('',#774);
#776=CARTESIAN_POINT('',(-63.83396530151367,272.5480041503906,20));
#777=VERTEX_POINT('',#776);
#778=CARTESIAN_POINT('',(-65.19296264648438,270.8059997558594,20));
#779=VERTEX_POINT('',#778);
#780=CARTESIAN_POINT('',(-66.4649658203125,269.0010070800781,20));
#781=VERTEX_POINT('',#780);
#782=CARTESIAN_POINT('',(-67.64697265625,267.135009765625,20));
#783=VERTEX_POINT('',#782);
#784=CARTESIAN_POINT('',(-68.7349624633789,265.2130126953125,20));
#785=VERTEX_POINT('',#784);
#786=CARTESIAN_POINT('',(-69.72895812988281,263.239990234375,20));
#787=VERTEX_POINT('',#786);
#788=CARTESIAN_POINT('',(-71.41796875,259.1600036621094,20));
#789=VERTEX_POINT('',#788);
#790=CARTESIAN_POINT('',(-72.1109619140625,257.06298828125,20));
#791=VERTEX_POINT('',#790);
#792=CARTESIAN_POINT('',(-60.86897659301758,275.82000732421875,20));
#793=VERTEX_POINT('',#792);
#794=CARTESIAN_POINT('',(-72.69996643066406,254.9340057373047,20));
#795=VERTEX_POINT('',#794);
#796=CARTESIAN_POINT('',(-73.18395233154297,252.7790069580078,20));
#797=VERTEX_POINT('',#796);
#798=CARTESIAN_POINT('',(-73.56196594238281,250.60299682617188,20));
#799=VERTEX_POINT('',#798);
#800=CARTESIAN_POINT('',(-71.04696655273438,246.0030059814453,20));
#801=VERTEX_POINT('',#800);
#802=CARTESIAN_POINT('',(-73.83196258544922,248.41099548339844,20));
#803=VERTEX_POINT('',#802);
#804=CARTESIAN_POINT('',(-73.99496459960938,246.20799255371094,20));
#805=VERTEX_POINT('',#804);
#806=CARTESIAN_POINT('',(-73.99998474121094,246.0030059814453,20));
#807=VERTEX_POINT('',#806);
#808=CARTESIAN_POINT('',(-73.99999237060547,241.9980010986328,20));
#809=VERTEX_POINT('',#808);
#810=CARTESIAN_POINT('',(-73.99496459960938,241.79200744628906,20));
#811=VERTEX_POINT('',#810);
#812=CARTESIAN_POINT('',(-71.04696655273438,241.9980010986328,20));
#813=VERTEX_POINT('',#812);
#814=CARTESIAN_POINT('',(-73.56196594238281,237.39700317382812,20));
#815=VERTEX_POINT('',#814);
#816=CARTESIAN_POINT('',(-73.83196258544922,239.58900451660156,20));
#817=VERTEX_POINT('',#816);
#818=CARTESIAN_POINT('',(-73.18395233154297,235.2209930419922,20));
#819=VERTEX_POINT('',#818);
#820=CARTESIAN_POINT('',(-72.69996643066406,233.0659942626953,20));
#821=VERTEX_POINT('',#820);
#822=CARTESIAN_POINT('',(-72.1109619140625,230.93699645996094,20));
#823=VERTEX_POINT('',#822);
#824=CARTESIAN_POINT('',(-71.41796875,228.83999633789062,20));
#825=VERTEX_POINT('',#824);
#826=CARTESIAN_POINT('',(-69.72895812988281,224.75999450683594,20));
#827=VERTEX_POINT('',#826);
#828=CARTESIAN_POINT('',(-70.62396240234375,226.7790069580078,20));
#829=VERTEX_POINT('',#828);
#830=CARTESIAN_POINT('',(-48.28896713256836,203.32000732421875,20));
#831=VERTEX_POINT('',#830);
#832=CARTESIAN_POINT('',(-50.261966705322266,204.31399536132812,20));
#833=VERTEX_POINT('',#832);
#834=CARTESIAN_POINT('',(-44.20896530151367,201.63099670410156,20));
#835=VERTEX_POINT('',#834);
#836=CARTESIAN_POINT('',(-46.26996612548828,202.4250030517578,20));
#837=VERTEX_POINT('',#836);
#838=CARTESIAN_POINT('',(-42.11196517944336,200.93800354003906,20));
#839=VERTEX_POINT('',#838);
#840=CARTESIAN_POINT('',(-52.183963775634766,205.40199279785156,20));
#841=VERTEX_POINT('',#840);
#842=CARTESIAN_POINT('',(-54.049964904785156,206.58399963378906,20));
#843=VERTEX_POINT('',#842);
#844=CARTESIAN_POINT('',(-55.85496520996094,207.8560028076172,20));
#845=VERTEX_POINT('',#844);
#846=CARTESIAN_POINT('',(-67.64697265625,220.86500549316406,20));
#847=VERTEX_POINT('',#846);
#848=CARTESIAN_POINT('',(-68.7349624633789,222.78700256347656,20));
#849=VERTEX_POINT('',#848);
#850=CARTESIAN_POINT('',(-66.4649658203125,218.99899291992188,20));
#851=VERTEX_POINT('',#850);
#852=CARTESIAN_POINT('',(-65.19296264648438,217.19400024414062,20));
#853=VERTEX_POINT('',#852);
#854=CARTESIAN_POINT('',(-63.83396530151367,215.45199584960938,20));
#855=VERTEX_POINT('',#854);
#856=CARTESIAN_POINT('',(-62.391963958740234,213.77999877929688,20));
#857=VERTEX_POINT('',#856);
#858=CARTESIAN_POINT('',(-59.26896667480469,210.65699768066406,20));
#859=VERTEX_POINT('',#858);
#860=CARTESIAN_POINT('',(-60.86897659301758,212.17999267578125,20));
#861=VERTEX_POINT('',#860);
#862=CARTESIAN_POINT('',(-57.59696578979492,209.21499633789062,20));
#863=VERTEX_POINT('',#862);
#864=CARTESIAN_POINT('',(-37.827964782714844,288.1349792480469,-3.5083047578154947E-14));
#865=VERTEX_POINT('',#864);
#866=CARTESIAN_POINT('',(-37.827964782714844,288.1349792480469,20));
#867=VERTEX_POINT('',#866);
#868=CARTESIAN_POINT('',(-40.1789665222168,285.5369873046875,19.003000259399414));
#869=VERTEX_POINT('',#868);
#870=CARTESIAN_POINT('',(-45.504966735839844,283.72900390625,19.003000259399414));
#871=VERTEX_POINT('',#870);
#872=CARTESIAN_POINT('',(-55.226966857910156,278.1159973144531,19.003000259399414));
#873=VERTEX_POINT('',#872);
#874=CARTESIAN_POINT('',(-50.549964904785156,281.2409973144531,19.003000259399414));
#875=VERTEX_POINT('',#874);
#876=CARTESIAN_POINT('',(-71.04696655273438,241.9980010986328,19.003000259399414));
#877=VERTEX_POINT('',#876);
#878=CARTESIAN_POINT('',(-71.04696655273438,246.0030059814453,19.003000259399414));
#879=VERTEX_POINT('',#878);
#880=CARTESIAN_POINT('',(-38.69096374511719,256,19.003000259399414));
#881=VERTEX_POINT('',#880);
#882=CARTESIAN_POINT('',(-70.58596801757812,232.8699951171875,19.003000259399414));
#883=VERTEX_POINT('',#882);
#884=CARTESIAN_POINT('',(-71.68395233154297,238.38699340820312,19.003000259399414));
#885=VERTEX_POINT('',#884);
#886=CARTESIAN_POINT('',(-55.226966857910156,209.88400268554688,19.003000259399414));
#887=VERTEX_POINT('',#886);
#888=CARTESIAN_POINT('',(-59.45596694946289,213.59300231933594,19.003000259399414));
#889=VERTEX_POINT('',#888);
#890=CARTESIAN_POINT('',(-20.26996612548828,288.1349792480469,-3.5083047578154947E-14));
#891=VERTEX_POINT('',#890);
#892=CARTESIAN_POINT('',(-38.02596664428711,232,-3.5083047578154947E-14));
#893=VERTEX_POINT('',#892);
#894=CARTESIAN_POINT('',(-24.63796615600586,288.7829895019531,-3.5083047578154947E-14));
#895=VERTEX_POINT('',#894);
#896=CARTESIAN_POINT('',(-22.445964813232422,288.51300048828125,-3.5083047578154947E-14));
#897=VERTEX_POINT('',#896);
#898=CARTESIAN_POINT('',(-34.661964416503906,286.6349792480469,-3.5083047578154947E-14));
#899=VERTEX_POINT('',#898);
#900=CARTESIAN_POINT('',(-29.048965454101562,287.0030212402344,-3.5083047578154947E-14));
#901=VERTEX_POINT('',#900);
#902=CARTESIAN_POINT('',(-26.840965270996094,288.9460144042969,-3.5083047578154947E-14));
#903=VERTEX_POINT('',#902);
#904=CARTESIAN_POINT('',(-33.459964752197266,288.7829895019531,-3.5083047578154947E-14));
#905=VERTEX_POINT('',#904);
#906=CARTESIAN_POINT('',(-35.6519660949707,288.51300048828125,-3.5083047578154947E-14));
#907=VERTEX_POINT('',#906);
#908=CARTESIAN_POINT('',(-31.25696563720703,288.9460144042969,-3.5083047578154947E-14));
#909=VERTEX_POINT('',#908);
#910=CARTESIAN_POINT('',(-29.048965454101562,289,-3.5083047578154947E-14));
#911=VERTEX_POINT('',#910);
#912=CARTESIAN_POINT('',(-26.840965270996094,288.9460144042969,20));
#913=VERTEX_POINT('',#912);
#914=CARTESIAN_POINT('',(-29.048965454101562,289,20));
#915=VERTEX_POINT('',#914);
#916=CARTESIAN_POINT('',(-22.445964813232422,288.51300048828125,20));
#917=VERTEX_POINT('',#916);
#918=CARTESIAN_POINT('',(-24.63796615600586,288.7829895019531,20));
#919=VERTEX_POINT('',#918);
#920=CARTESIAN_POINT('',(-33.459964752197266,288.7829895019531,20));
#921=VERTEX_POINT('',#920);
#922=CARTESIAN_POINT('',(-35.6519660949707,288.51300048828125,20));
#923=VERTEX_POINT('',#922);
#924=CARTESIAN_POINT('',(-31.25696563720703,288.9460144042969,20));
#925=VERTEX_POINT('',#924);
#926=CARTESIAN_POINT('',(-29.048965454101562,287.0030212402344,19.003000259399414));
#927=VERTEX_POINT('',#926);
#928=CARTESIAN_POINT('',(-23.435964584350586,286.6349792480469,19.003000259399414));
#929=VERTEX_POINT('',#928);
#930=CARTESIAN_POINT('',(-34.661964416503906,286.6349792480469,19.003000259399414));
#931=VERTEX_POINT('',#930);
#932=CARTESIAN_POINT('',(-34.661964416503906,201.36500549316406,-3.5083047578154947E-14));
#933=VERTEX_POINT('',#932);
#934=CARTESIAN_POINT('',(-37.827964782714844,199.86500549316406,-3.5083047578154947E-14));
#935=VERTEX_POINT('',#934);
#936=CARTESIAN_POINT('',(-37.827964782714844,199.86500549316406,20));
#937=VERTEX_POINT('',#936);
#938=CARTESIAN_POINT('',(-35.6519660949707,199.48699951171875,20));
#939=VERTEX_POINT('',#938);
#940=CARTESIAN_POINT('',(-39.98296356201172,200.3489990234375,20));
#941=VERTEX_POINT('',#940);
#942=CARTESIAN_POINT('',(-63.16496658325195,217.82200622558594,19.003000259399414));
#943=VERTEX_POINT('',#942);
#944=CARTESIAN_POINT('',(-66.28996276855469,222.49899291992188,19.003000259399414));
#945=VERTEX_POINT('',#944);
#946=CARTESIAN_POINT('',(-34.661964416503906,201.36500549316406,19.003000259399414));
#947=VERTEX_POINT('',#946);
#948=CARTESIAN_POINT('',(-45.504966735839844,204.27099609375,19.003000259399414));
#949=VERTEX_POINT('',#948);
#950=CARTESIAN_POINT('',(-40.1789665222168,202.46299743652344,19.003000259399414));
#951=VERTEX_POINT('',#950);
#952=CARTESIAN_POINT('',(-20.26996612548828,199.86500549316406,-3.5083047578154947E-14));
#953=VERTEX_POINT('',#952);
#954=CARTESIAN_POINT('',(-24.63796615600586,199.2169952392578,-3.5083047578154947E-14));
#955=VERTEX_POINT('',#954);
#956=CARTESIAN_POINT('',(-22.445964813232422,199.48699951171875,-3.5083047578154947E-14));
#957=VERTEX_POINT('',#956);
#958=CARTESIAN_POINT('',(-29.048965454101562,199,-3.5083047578154947E-14));
#959=VERTEX_POINT('',#958);
#960=CARTESIAN_POINT('',(-31.25696563720703,199.0540008544922,-3.5083047578154947E-14));
#961=VERTEX_POINT('',#960);
#962=CARTESIAN_POINT('',(-29.048965454101562,200.9980010986328,-3.5083047578154947E-14));
#963=VERTEX_POINT('',#962);
#964=CARTESIAN_POINT('',(-33.459964752197266,199.2169952392578,-3.5083047578154947E-14));
#965=VERTEX_POINT('',#964);
#966=CARTESIAN_POINT('',(-35.6519660949707,199.48699951171875,-3.5083047578154947E-14));
#967=VERTEX_POINT('',#966);
#968=CARTESIAN_POINT('',(-26.840965270996094,199.0540008544922,-3.5083047578154947E-14));
#969=VERTEX_POINT('',#968);
#970=CARTESIAN_POINT('',(-26.840965270996094,199.0540008544922,20));
#971=VERTEX_POINT('',#970);
#972=CARTESIAN_POINT('',(-24.63796615600586,199.2169952392578,20));
#973=VERTEX_POINT('',#972);
#974=CARTESIAN_POINT('',(-22.445964813232422,199.48699951171875,20));
#975=VERTEX_POINT('',#974);
#976=CARTESIAN_POINT('',(-33.459964752197266,199.2169952392578,20));
#977=VERTEX_POINT('',#976);
#978=CARTESIAN_POINT('',(-29.048965454101562,199,20));
#979=VERTEX_POINT('',#978);
#980=CARTESIAN_POINT('',(-31.25696563720703,199.0540008544922,20));
#981=VERTEX_POINT('',#980);
#982=CARTESIAN_POINT('',(-29.048965454101562,200.9980010986328,19.003000259399414));
#983=VERTEX_POINT('',#982);
#984=CARTESIAN_POINT('',(-25.176965713500977,237.6510009765625,20));
#985=VERTEX_POINT('',#984);
#986=CARTESIAN_POINT('',(-24.389965057373047,238.34100341796875,20));
#987=VERTEX_POINT('',#986);
#988=CARTESIAN_POINT('',(-26.04796600341797,237.07000732421875,20));
#989=VERTEX_POINT('',#988);
#990=CARTESIAN_POINT('',(-23.69996452331543,239.1280059814453,20));
#991=VERTEX_POINT('',#990);
#992=CARTESIAN_POINT('',(-50.549964904785156,206.75900268554688,19.003000259399414));
#993=VERTEX_POINT('',#992);
#994=CARTESIAN_POINT('',(-23.69996452331543,239.1280059814453,19.003000259399414));
#995=VERTEX_POINT('',#994);
#996=CARTESIAN_POINT('',(-24.389965057373047,238.34100341796875,19.003000259399414));
#997=VERTEX_POINT('',#996);
#998=CARTESIAN_POINT('',(-25.176965713500977,237.6510009765625,19.003000259399414));
#999=VERTEX_POINT('',#998);
#1000=CARTESIAN_POINT('',(-26.04796600341797,237.07000732421875,19.003000259399414));
#1001=VERTEX_POINT('',#1000);
#1002=CARTESIAN_POINT('',(-66.28996276855469,265.5010070800781,19.003000259399414));
#1003=VERTEX_POINT('',#1002);
#1004=CARTESIAN_POINT('',(-68.77796173095703,260.45599365234375,19.003000259399414));
#1005=VERTEX_POINT('',#1004);
#1006=CARTESIAN_POINT('',(-63.16496658325195,270.1780090332031,19.003000259399414));
#1007=VERTEX_POINT('',#1006);
#1008=CARTESIAN_POINT('',(-59.45596694946289,274.4070129394531,19.003000259399414));
#1009=VERTEX_POINT('',#1008);
#1010=CARTESIAN_POINT('',(-71.68395233154297,249.61300659179688,19.003000259399414));
#1011=VERTEX_POINT('',#1010);
#1012=CARTESIAN_POINT('',(-70.58596801757812,255.1300048828125,19.003000259399414));
#1013=VERTEX_POINT('',#1012);
#1014=CARTESIAN_POINT('',(-71.92063903808594,246.0030059814453,19.003000259399414));
#1015=VERTEX_POINT('',#1014);
#1016=CARTESIAN_POINT('',(-71.92071533203125,241.9980010986328,19.003000259399414));
#1017=VERTEX_POINT('',#1016);
#1018=FACE_SURFACE('',(#1023),#1019,.T.);
#1019=PLANE('',#1020);
#1020=AXIS2_PLACEMENT_3D('',#34,#1021,#1022);
#1021=DIRECTION('',(-0.4422499259576045,-0.8968918569094567,0));
#1022=DIRECTION('',(0,0,1));
#1023=FACE_BOUND('',#1024,.T.);
#1024=EDGE_LOOP('',(#1025,#1026,#1027));
#1025=ORIENTED_EDGE('',*,*,#1028,.T.);
#1026=ORIENTED_EDGE('',*,*,#1029,.T.);
#1027=ORIENTED_EDGE('',*,*,#1030,.T.);
#1028=EDGE_CURVE('',#35,#37,#1031,.F.);
#1029=EDGE_CURVE('',#37,#39,#1032,.T.);
#1030=EDGE_CURVE('',#39,#35,#1033,.T.);
#1031=LINE('',#34,#1034);
#1032=LINE('',#36,#1035);
#1033=LINE('',#38,#1036);
#1034=VECTOR('',#1037,1.0);
#1035=VECTOR('',#1038,1.0);
#1036=VECTOR('',#1039,1.0);
#1037=DIRECTION('',(0,0,1));
#1038=DIRECTION('',(-0.6495024230073556,0.32026425066905867,-0.6896212092525581));
#1039=DIRECTION('',(0.8968918569094566,-0.44224992595760443,0));
#1040=FACE_SURFACE('',(#1045),#1041,.T.);
#1041=PLANE('',#1042);
#1042=AXIS2_PLACEMENT_3D('',#40,#1043,#1044);
#1043=DIRECTION('',(-0.5549162637875629,-0.8319062087663801,0));
#1044=DIRECTION('',(0,0,1));
#1045=FACE_BOUND('',#1046,.T.);
#1046=EDGE_LOOP('',(#1047,#1048,#1049));
#1047=ORIENTED_EDGE('',*,*,#1050,.T.);
#1048=ORIENTED_EDGE('',*,*,#1051,.T.);
#1049=ORIENTED_EDGE('',*,*,#1052,.T.);
#1050=EDGE_CURVE('',#41,#43,#1053,.F.);
#1051=EDGE_CURVE('',#43,#37,#1054,.T.);
#1052=EDGE_CURVE('',#37,#41,#1055,.T.);
#1053=LINE('',#40,#1056);
#1054=LINE('',#42,#1057);
#1055=LINE('',#36,#1058);
#1056=VECTOR('',#1059,1.0);
#1057=VECTOR('',#1060,1.0);
#1058=VECTOR('',#1061,1.0);
#1059=DIRECTION('',(0,0,1));
#1060=DIRECTION('',(-0.8319062087663801,0.5549162637875629,0));
#1061=DIRECTION('',(0.6024541531553271,-0.40186213812251675,-0.6896055505065899));
#1062=FACE_SURFACE('',(#1067),#1063,.T.);
#1063=PLANE('',#1064);
#1064=AXIS2_PLACEMENT_3D('',#40,#1065,#1066);
#1065=DIRECTION('',(-0.5549162637875629,-0.8319062087663801,0));
#1066=DIRECTION('',(-0.6024541531553271,0.40186213812251675,0.6896055505065899));
#1067=FACE_BOUND('',#1068,.T.);
#1068=EDGE_LOOP('',(#1069,#1070,#1071));
#1069=ORIENTED_EDGE('',*,*,#1072,.T.);
#1070=ORIENTED_EDGE('',*,*,#1073,.T.);
#1071=ORIENTED_EDGE('',*,*,#1074,.T.);
#1072=EDGE_CURVE('',#41,#37,#1075,.F.);
#1073=EDGE_CURVE('',#37,#35,#1076,.T.);
#1074=EDGE_CURVE('',#35,#41,#1077,.T.);
#1075=LINE('',#40,#1078);
#1076=LINE('',#36,#1079);
#1077=LINE('',#34,#1080);
#1078=VECTOR('',#1081,1.0);
#1079=VECTOR('',#1082,1.0);
#1080=VECTOR('',#1083,1.0);
#1081=DIRECTION('',(-0.6024541531553271,0.40186213812251675,0.6896055505065899));
#1082=DIRECTION('',(0,0,-1));
#1083=DIRECTION('',(0.8319062087663801,-0.5549162637875629,0));
#1084=FACE_SURFACE('',(#1089),#1085,.T.);
#1085=PLANE('',#1086);
#1086=AXIS2_PLACEMENT_3D('',#44,#1087,#1088);
#1087=DIRECTION('',(-0.6592493476418816,-0.7519243962219564,0));
#1088=DIRECTION('',(0,0,1));
#1089=FACE_BOUND('',#1090,.T.);
#1090=EDGE_LOOP('',(#1091,#1092,#1093));
#1091=ORIENTED_EDGE('',*,*,#1094,.T.);
#1092=ORIENTED_EDGE('',*,*,#1095,.T.);
#1093=ORIENTED_EDGE('',*,*,#1096,.T.);
#1094=EDGE_CURVE('',#45,#47,#1097,.F.);
#1095=EDGE_CURVE('',#47,#43,#1098,.T.);
#1096=EDGE_CURVE('',#43,#45,#1099,.T.);
#1097=LINE('',#44,#1100);
#1098=LINE('',#46,#1101);
#1099=LINE('',#42,#1102);
#1100=VECTOR('',#1103,1.0);
#1101=VECTOR('',#1104,1.0);
#1102=VECTOR('',#1105,1.0);
#1103=DIRECTION('',(0,0,1));
#1104=DIRECTION('',(-0.7519243962219564,0.6592493476418815,0));
#1105=DIRECTION('',(0.5444472258989422,-0.4773438397566772,-0.6897246384299301));
#1106=FACE_SURFACE('',(#1111),#1107,.T.);
#1107=PLANE('',#1108);
#1108=AXIS2_PLACEMENT_3D('',#44,#1109,#1110);
#1109=DIRECTION('',(-0.6592493476418816,-0.7519243962219564,0));
#1110=DIRECTION('',(-0.5444472258989422,0.4773438397566772,0.6897246384299301));
#1111=FACE_BOUND('',#1112,.T.);
#1112=EDGE_LOOP('',(#1113,#1114,#1115));
#1113=ORIENTED_EDGE('',*,*,#1116,.T.);
#1114=ORIENTED_EDGE('',*,*,#1117,.T.);
#1115=ORIENTED_EDGE('',*,*,#1118,.T.);
#1116=EDGE_CURVE('',#45,#43,#1119,.F.);
#1117=EDGE_CURVE('',#43,#41,#1120,.T.);
#1118=EDGE_CURVE('',#41,#45,#1121,.T.);
#1119=LINE('',#44,#1122);
#1120=LINE('',#42,#1123);
#1121=LINE('',#40,#1124);
#1122=VECTOR('',#1125,1.0);
#1123=VECTOR('',#1126,1.0);
#1124=VECTOR('',#1127,1.0);
#1125=DIRECTION('',(-0.5444472258989422,0.4773438397566772,0.6897246384299301));
#1126=DIRECTION('',(0,0,-1));
#1127=DIRECTION('',(0.7519243962219564,-0.6592493476418815,0));
#1128=FACE_SURFACE('',(#1133),#1129,.T.);
#1129=PLANE('',#1130);
#1130=AXIS2_PLACEMENT_3D('',#46,#1131,#1132);
#1131=DIRECTION('',(-0.7519260915691418,-0.6592474139634943,-0));
#1132=DIRECTION('',(0,0,-1));
#1133=FACE_BOUND('',#1134,.T.);
#1134=EDGE_LOOP('',(#1135,#1136,#1137));
#1135=ORIENTED_EDGE('',*,*,#1138,.T.);
#1136=ORIENTED_EDGE('',*,*,#1139,.T.);
#1137=ORIENTED_EDGE('',*,*,#1140,.T.);
#1138=EDGE_CURVE('',#47,#45,#1141,.F.);
#1139=EDGE_CURVE('',#45,#49,#1142,.T.);
#1140=EDGE_CURVE('',#49,#47,#1143,.T.);
#1141=LINE('',#46,#1144);
#1142=LINE('',#44,#1145);
#1143=LINE('',#48,#1146);
#1144=VECTOR('',#1147,1.0);
#1145=VECTOR('',#1148,1.0);
#1146=VECTOR('',#1149,1.0);
#1147=DIRECTION('',(0,0,-1));
#1148=DIRECTION('',(0.6592474139634943,-0.7519260915691417,0));
#1149=DIRECTION('',(-0.4773424779862165,0.5444484971949853,0.6897245773583108));
#1150=FACE_SURFACE('',(#1155),#1151,.T.);
#1151=PLANE('',#1152);
#1152=AXIS2_PLACEMENT_3D('',#46,#1153,#1154);
#1153=DIRECTION('',(-0.7519260915691418,-0.6592474139634943,0));
#1154=DIRECTION('',(0.4773424779862165,-0.5444484971949853,-0.6897245773583108));
#1155=FACE_BOUND('',#1156,.T.);
#1156=EDGE_LOOP('',(#1157,#1158,#1159));
#1157=ORIENTED_EDGE('',*,*,#1160,.T.);
#1158=ORIENTED_EDGE('',*,*,#1161,.T.);
#1159=ORIENTED_EDGE('',*,*,#1162,.T.);
#1160=EDGE_CURVE('',#47,#49,#1163,.F.);
#1161=EDGE_CURVE('',#49,#51,#1164,.T.);
#1162=EDGE_CURVE('',#51,#47,#1165,.T.);
#1163=LINE('',#46,#1166);
#1164=LINE('',#48,#1167);
#1165=LINE('',#50,#1168);
#1166=VECTOR('',#1169,1.0);
#1167=VECTOR('',#1170,1.0);
#1168=VECTOR('',#1171,1.0);
#1169=DIRECTION('',(0.4773424779862165,-0.5444484971949853,-0.6897245773583108));
#1170=DIRECTION('',(0,0,1));
#1171=DIRECTION('',(-0.6592474139634943,0.7519260915691417,0));
#1172=FACE_SURFACE('',(#1177),#1173,.T.);
#1173=PLANE('',#1174);
#1174=AXIS2_PLACEMENT_3D('',#52,#1175,#1176);
#1175=DIRECTION('',(-0.8318997589051321,-0.5549259330159142,0));
#1176=DIRECTION('',(0,0,1));
#1177=FACE_BOUND('',#1178,.T.);
#1178=EDGE_LOOP('',(#1179,#1180,#1181));
#1179=ORIENTED_EDGE('',*,*,#1182,.T.);
#1180=ORIENTED_EDGE('',*,*,#1183,.T.);
#1181=ORIENTED_EDGE('',*,*,#1184,.T.);
#1182=EDGE_CURVE('',#53,#55,#1185,.F.);
#1183=EDGE_CURVE('',#55,#51,#1186,.T.);
#1184=EDGE_CURVE('',#51,#53,#1187,.T.);
#1185=LINE('',#52,#1188);
#1186=LINE('',#54,#1189);
#1187=LINE('',#50,#1190);
#1188=VECTOR('',#1191,1.0);
#1189=VECTOR('',#1192,1.0);
#1190=VECTOR('',#1193,1.0);
#1191=DIRECTION('',(0,0,1));
#1192=DIRECTION('',(-0.5549259330159142,0.8318997589051321,0));
#1193=DIRECTION('',(0.4018676926043211,-0.6024473117923451,-0.6896082903758161));
#1194=FACE_SURFACE('',(#1199),#1195,.T.);
#1195=PLANE('',#1196);
#1196=AXIS2_PLACEMENT_3D('',#52,#1197,#1198);
#1197=DIRECTION('',(-0.8318997589051321,-0.5549259330159142,0));
#1198=DIRECTION('',(-0.4018676926043211,0.6024473117923451,0.6896082903758161));
#1199=FACE_BOUND('',#1200,.T.);
#1200=EDGE_LOOP('',(#1201,#1202,#1203));
#1201=ORIENTED_EDGE('',*,*,#1204,.T.);
#1202=ORIENTED_EDGE('',*,*,#1205,.T.);
#1203=ORIENTED_EDGE('',*,*,#1206,.T.);
#1204=EDGE_CURVE('',#53,#51,#1207,.F.);
#1205=EDGE_CURVE('',#51,#49,#1208,.T.);
#1206=EDGE_CURVE('',#49,#53,#1209,.T.);
#1207=LINE('',#52,#1210);
#1208=LINE('',#50,#1211);
#1209=LINE('',#48,#1212);
#1210=VECTOR('',#1213,1.0);
#1211=VECTOR('',#1214,1.0);
#1212=VECTOR('',#1215,1.0);
#1213=DIRECTION('',(-0.4018676926043211,0.6024473117923451,0.6896082903758161));
#1214=DIRECTION('',(0,0,-1));
#1215=DIRECTION('',(0.5549259330159142,-0.8318997589051321,0));
#1216=FACE_SURFACE('',(#1221),#1217,.T.);
#1217=PLANE('',#1218);
#1218=AXIS2_PLACEMENT_3D('',#56,#1219,#1220);
#1219=DIRECTION('',(-0.8968990530550813,-0.44223533172836677,0));
#1220=DIRECTION('',(0,0,1));
#1221=FACE_BOUND('',#1222,.T.);
#1222=EDGE_LOOP('',(#1223,#1224,#1225));
#1223=ORIENTED_EDGE('',*,*,#1226,.T.);
#1224=ORIENTED_EDGE('',*,*,#1227,.T.);
#1225=ORIENTED_EDGE('',*,*,#1228,.T.);
#1226=EDGE_CURVE('',#57,#59,#1229,.F.);
#1227=EDGE_CURVE('',#59,#55,#1230,.T.);
#1228=EDGE_CURVE('',#55,#57,#1231,.T.);
#1229=LINE('',#56,#1232);
#1230=LINE('',#58,#1233);
#1231=LINE('',#54,#1234);
#1232=VECTOR('',#1235,1.0);
#1233=VECTOR('',#1236,1.0);
#1234=VECTOR('',#1237,1.0);
#1235=DIRECTION('',(0,0,1));
#1236=DIRECTION('',(-0.44223533172836677,0.8968990530550812,0));
#1237=DIRECTION('',(0.320254316172265,-0.6495089204861074,-0.6896197033017591));
#1238=FACE_SURFACE('',(#1243),#1239,.T.);
#1239=PLANE('',#1240);
#1240=AXIS2_PLACEMENT_3D('',#56,#1241,#1242);
#1241=DIRECTION('',(-0.8968990530550813,-0.44223533172836677,0));
#1242=DIRECTION('',(-0.320254316172265,0.6495089204861074,0.6896197033017591));
#1243=FACE_BOUND('',#1244,.T.);
#1244=EDGE_LOOP('',(#1245,#1246,#1247));
#1245=ORIENTED_EDGE('',*,*,#1248,.T.);
#1246=ORIENTED_EDGE('',*,*,#1249,.T.);
#1247=ORIENTED_EDGE('',*,*,#1250,.T.);
#1248=EDGE_CURVE('',#57,#55,#1251,.F.);
#1249=EDGE_CURVE('',#55,#53,#1252,.T.);
#1250=EDGE_CURVE('',#53,#57,#1253,.T.);
#1251=LINE('',#56,#1254);
#1252=LINE('',#54,#1255);
#1253=LINE('',#52,#1256);
#1254=VECTOR('',#1257,1.0);
#1255=VECTOR('',#1258,1.0);
#1256=VECTOR('',#1259,1.0);
#1257=DIRECTION('',(-0.320254316172265,0.6495089204861074,0.6896197033017591));
#1258=DIRECTION('',(0,0,-1));
#1259=DIRECTION('',(0.44223533172836677,-0.8968990530550812,0));
#1260=FACE_SURFACE('',(#1265),#1261,.T.);
#1261=PLANE('',#1262);
#1262=AXIS2_PLACEMENT_3D('',#60,#1263,#1264);
#1263=DIRECTION('',(-0.9467550388759994,-0.3219548048451905,0));
#1264=DIRECTION('',(0,0,1));
#1265=FACE_BOUND('',#1266,.T.);
#1266=EDGE_LOOP('',(#1267,#1268,#1269));
#1267=ORIENTED_EDGE('',*,*,#1270,.T.);
#1268=ORIENTED_EDGE('',*,*,#1271,.T.);
#1269=ORIENTED_EDGE('',*,*,#1272,.T.);
#1270=EDGE_CURVE('',#61,#63,#1273,.F.);
#1271=EDGE_CURVE('',#63,#59,#1274,.T.);
#1272=EDGE_CURVE('',#59,#61,#1275,.T.);
#1273=LINE('',#60,#1276);
#1274=LINE('',#62,#1277);
#1275=LINE('',#58,#1278);
#1276=VECTOR('',#1279,1.0);
#1277=VECTOR('',#1280,1.0);
#1278=VECTOR('',#1281,1.0);
#1279=DIRECTION('',(0,0,1));
#1280=DIRECTION('',(-0.32195480484519057,0.9467550388759994,0));
#1281=DIRECTION('',(0.23312704922508895,-0.6855440739835358,-0.6896963835961875));
#1282=FACE_SURFACE('',(#1287),#1283,.T.);
#1283=PLANE('',#1284);
#1284=AXIS2_PLACEMENT_3D('',#60,#1285,#1286);
#1285=DIRECTION('',(-0.9467550388759994,-0.3219548048451905,0));
#1286=DIRECTION('',(-0.23312704922508895,0.6855440739835358,0.6896963835961875));
#1287=FACE_BOUND('',#1288,.T.);
#1288=EDGE_LOOP('',(#1289,#1290,#1291));
#1289=ORIENTED_EDGE('',*,*,#1292,.T.);
#1290=ORIENTED_EDGE('',*,*,#1293,.T.);
#1291=ORIENTED_EDGE('',*,*,#1294,.T.);
#1292=EDGE_CURVE('',#61,#59,#1295,.F.);
#1293=EDGE_CURVE('',#59,#57,#1296,.T.);
#1294=EDGE_CURVE('',#57,#61,#1297,.T.);
#1295=LINE('',#60,#1298);
#1296=LINE('',#58,#1299);
#1297=LINE('',#56,#1300);
#1298=VECTOR('',#1301,1.0);
#1299=VECTOR('',#1302,1.0);
#1300=VECTOR('',#1303,1.0);
#1301=DIRECTION('',(-0.23312704922508895,0.6855440739835358,0.6896963835961875));
#1302=DIRECTION('',(0,0,-1));
#1303=DIRECTION('',(0.32195480484519057,-0.9467550388759994,0));
#1304=FACE_SURFACE('',(#1309),#1305,.T.);
#1305=PLANE('',#1306);
#1306=AXIS2_PLACEMENT_3D('',#64,#1307,#1308);
#1307=DIRECTION('',(-0.9808006072739143,-0.19501325280893347,0));
#1308=DIRECTION('',(0,0,1));
#1309=FACE_BOUND('',#1310,.T.);
#1310=EDGE_LOOP('',(#1311,#1312,#1313));
#1311=ORIENTED_EDGE('',*,*,#1314,.T.);
#1312=ORIENTED_EDGE('',*,*,#1315,.T.);
#1313=ORIENTED_EDGE('',*,*,#1316,.T.);
#1314=EDGE_CURVE('',#65,#67,#1317,.F.);
#1315=EDGE_CURVE('',#67,#63,#1318,.T.);
#1316=EDGE_CURVE('',#63,#65,#1319,.T.);
#1317=LINE('',#64,#1320);
#1318=LINE('',#66,#1321);
#1319=LINE('',#62,#1322);
#1320=VECTOR('',#1323,1.0);
#1321=VECTOR('',#1324,1.0);
#1322=VECTOR('',#1325,1.0);
#1323=DIRECTION('',(0,0,1));
#1324=DIRECTION('',(-0.19501325280893347,0.9808006072739143,0));
#1325=DIRECTION('',(0.14116741155385587,-0.7099880699644725,-0.6899193448681574));
#1326=FACE_SURFACE('',(#1331),#1327,.T.);
#1327=PLANE('',#1328);
#1328=AXIS2_PLACEMENT_3D('',#64,#1329,#1330);
#1329=DIRECTION('',(-0.9808006072739143,-0.19501325280893347,0));
#1330=DIRECTION('',(-0.14116741155385587,0.7099880699644725,0.6899193448681574));
#1331=FACE_BOUND('',#1332,.T.);
#1332=EDGE_LOOP('',(#1333,#1334,#1335));
#1333=ORIENTED_EDGE('',*,*,#1336,.T.);
#1334=ORIENTED_EDGE('',*,*,#1337,.T.);
#1335=ORIENTED_EDGE('',*,*,#1338,.T.);
#1336=EDGE_CURVE('',#65,#63,#1339,.F.);
#1337=EDGE_CURVE('',#63,#61,#1340,.T.);
#1338=EDGE_CURVE('',#61,#65,#1341,.T.);
#1339=LINE('',#64,#1342);
#1340=LINE('',#62,#1343);
#1341=LINE('',#60,#1344);
#1342=VECTOR('',#1345,1.0);
#1343=VECTOR('',#1346,1.0);
#1344=VECTOR('',#1347,1.0);
#1345=DIRECTION('',(-0.14116741155385587,0.7099880699644725,0.6899193448681574));
#1346=DIRECTION('',(0,0,-1));
#1347=DIRECTION('',(0.19501325280893347,-0.9808006072739143,0));
#1348=FACE_SURFACE('',(#1353),#1349,.T.);
#1349=PLANE('',#1350);
#1350=AXIS2_PLACEMENT_3D('',#68,#1351,#1352);
#1351=DIRECTION('',(-0.9978894758444637,-0.06493530625831719,0));
#1352=DIRECTION('',(0,0,1));
#1353=FACE_BOUND('',#1354,.T.);
#1354=EDGE_LOOP('',(#1355,#1356,#1357));
#1355=ORIENTED_EDGE('',*,*,#1358,.T.);
#1356=ORIENTED_EDGE('',*,*,#1359,.T.);
#1357=ORIENTED_EDGE('',*,*,#1360,.T.);
#1358=EDGE_CURVE('',#69,#71,#1361,.F.);
#1359=EDGE_CURVE('',#71,#67,#1362,.T.);
#1360=EDGE_CURVE('',#67,#69,#1363,.T.);
#1361=LINE('',#68,#1364);
#1362=LINE('',#70,#1365);
#1363=LINE('',#66,#1366);
#1364=VECTOR('',#1367,1.0);
#1365=VECTOR('',#1368,1.0);
#1366=VECTOR('',#1369,1.0);
#1367=DIRECTION('',(0,0,1));
#1368=DIRECTION('',(-0.06493530625831719,0.9978894758444636,0));
#1369=DIRECTION('',(0.047029777374146674,-0.7227273204237484,-0.6895313048391978));
#1370=FACE_SURFACE('',(#1375),#1371,.T.);
#1371=PLANE('',#1372);
#1372=AXIS2_PLACEMENT_3D('',#68,#1373,#1374);
#1373=DIRECTION('',(-0.9978894758444637,-0.06493530625831719,0));
#1374=DIRECTION('',(-0.047029777374146674,0.7227273204237484,0.6895313048391978));
#1375=FACE_BOUND('',#1376,.T.);
#1376=EDGE_LOOP('',(#1377,#1378,#1379));
#1377=ORIENTED_EDGE('',*,*,#1380,.T.);
#1378=ORIENTED_EDGE('',*,*,#1381,.T.);
#1379=ORIENTED_EDGE('',*,*,#1382,.T.);
#1380=EDGE_CURVE('',#69,#67,#1383,.F.);
#1381=EDGE_CURVE('',#67,#65,#1384,.T.);
#1382=EDGE_CURVE('',#65,#69,#1385,.T.);
#1383=LINE('',#68,#1386);
#1384=LINE('',#66,#1387);
#1385=LINE('',#64,#1388);
#1386=VECTOR('',#1389,1.0);
#1387=VECTOR('',#1390,1.0);
#1388=VECTOR('',#1391,1.0);
#1389=DIRECTION('',(-0.047029777374146674,0.7227273204237484,0.6895313048391978));
#1390=DIRECTION('',(0,0,-1));
#1391=DIRECTION('',(0.06493530625831719,-0.9978894758444636,0));
#1392=FACE_SURFACE('',(#1397),#1393,.T.);
#1393=PLANE('',#1394);
#1394=AXIS2_PLACEMENT_3D('',#72,#1395,#1396);
#1395=DIRECTION('',(-0.9978894758444637,0.06493530625831719,0));
#1396=DIRECTION('',(0,0,1));
#1397=FACE_BOUND('',#1398,.T.);
#1398=EDGE_LOOP('',(#1399,#1400,#1401));
#1399=ORIENTED_EDGE('',*,*,#1402,.T.);
#1400=ORIENTED_EDGE('',*,*,#1403,.T.);
#1401=ORIENTED_EDGE('',*,*,#1404,.T.);
#1402=EDGE_CURVE('',#73,#75,#1405,.F.);
#1403=EDGE_CURVE('',#75,#71,#1406,.T.);
#1404=EDGE_CURVE('',#71,#73,#1407,.T.);
#1405=LINE('',#72,#1408);
#1406=LINE('',#74,#1409);
#1407=LINE('',#70,#1410);
#1408=VECTOR('',#1411,1.0);
#1409=VECTOR('',#1412,1.0);
#1410=VECTOR('',#1413,1.0);
#1411=DIRECTION('',(0,0,1));
#1412=DIRECTION('',(0.06493530625831719,0.9978894758444636,0));
#1413=DIRECTION('',(-0.047029777374146674,-0.7227273204237484,-0.6895313048391978));
#1414=FACE_SURFACE('',(#1419),#1415,.T.);
#1415=PLANE('',#1416);
#1416=AXIS2_PLACEMENT_3D('',#72,#1417,#1418);
#1417=DIRECTION('',(-0.9978894758444637,0.06493530625831719,0));
#1418=DIRECTION('',(0.047029777374146674,0.7227273204237484,0.6895313048391978));
#1419=FACE_BOUND('',#1420,.T.);
#1420=EDGE_LOOP('',(#1421,#1422,#1423));
#1421=ORIENTED_EDGE('',*,*,#1424,.T.);
#1422=ORIENTED_EDGE('',*,*,#1425,.T.);
#1423=ORIENTED_EDGE('',*,*,#1426,.T.);
#1424=EDGE_CURVE('',#73,#71,#1427,.F.);
#1425=EDGE_CURVE('',#71,#69,#1428,.T.);
#1426=EDGE_CURVE('',#69,#73,#1429,.T.);
#1427=LINE('',#72,#1430);
#1428=LINE('',#70,#1431);
#1429=LINE('',#68,#1432);
#1430=VECTOR('',#1433,1.0);
#1431=VECTOR('',#1434,1.0);
#1432=VECTOR('',#1435,1.0);
#1433=DIRECTION('',(0.047029777374146674,0.7227273204237484,0.6895313048391978));
#1434=DIRECTION('',(0,0,-1));
#1435=DIRECTION('',(-0.06493530625831719,-0.9978894758444636,0));
#1436=FACE_SURFACE('',(#1441),#1437,.T.);
#1437=PLANE('',#1438);
#1438=AXIS2_PLACEMENT_3D('',#76,#1439,#1440);
#1439=DIRECTION('',(-0.9808006072739143,0.19501325280893347,0));
#1440=DIRECTION('',(0,0,1));
#1441=FACE_BOUND('',#1442,.T.);
#1442=EDGE_LOOP('',(#1443,#1444,#1445));
#1443=ORIENTED_EDGE('',*,*,#1446,.T.);
#1444=ORIENTED_EDGE('',*,*,#1447,.T.);
#1445=ORIENTED_EDGE('',*,*,#1448,.T.);
#1446=EDGE_CURVE('',#77,#79,#1449,.F.);
#1447=EDGE_CURVE('',#79,#75,#1450,.T.);
#1448=EDGE_CURVE('',#75,#77,#1451,.T.);
#1449=LINE('',#76,#1452);
#1450=LINE('',#78,#1453);
#1451=LINE('',#74,#1454);
#1452=VECTOR('',#1455,1.0);
#1453=VECTOR('',#1456,1.0);
#1454=VECTOR('',#1457,1.0);
#1455=DIRECTION('',(0,0,1));
#1456=DIRECTION('',(0.19501325280893347,0.9808006072739143,0));
#1457=DIRECTION('',(-0.14116741155385587,-0.7099880699644725,-0.6899193448681574));
#1458=FACE_SURFACE('',(#1463),#1459,.T.);
#1459=PLANE('',#1460);
#1460=AXIS2_PLACEMENT_3D('',#76,#1461,#1462);
#1461=DIRECTION('',(-0.9808006072739143,0.19501325280893347,0));
#1462=DIRECTION('',(0.14116741155385587,0.7099880699644725,0.6899193448681574));
#1463=FACE_BOUND('',#1464,.T.);
#1464=EDGE_LOOP('',(#1465,#1466,#1467));
#1465=ORIENTED_EDGE('',*,*,#1468,.T.);
#1466=ORIENTED_EDGE('',*,*,#1469,.T.);
#1467=ORIENTED_EDGE('',*,*,#1470,.T.);
#1468=EDGE_CURVE('',#77,#75,#1471,.F.);
#1469=EDGE_CURVE('',#75,#73,#1472,.T.);
#1470=EDGE_CURVE('',#73,#77,#1473,.T.);
#1471=LINE('',#76,#1474);
#1472=LINE('',#74,#1475);
#1473=LINE('',#72,#1476);
#1474=VECTOR('',#1477,1.0);
#1475=VECTOR('',#1478,1.0);
#1476=VECTOR('',#1479,1.0);
#1477=DIRECTION('',(0.14116741155385587,0.7099880699644725,0.6899193448681574));
#1478=DIRECTION('',(0,0,-1));
#1479=DIRECTION('',(-0.19501325280893347,-0.9808006072739143,0));
#1480=FACE_SURFACE('',(#1485),#1481,.T.);
#1481=PLANE('',#1482);
#1482=AXIS2_PLACEMENT_3D('',#80,#1483,#1484);
#1483=DIRECTION('',(-0.9467550388759994,0.3219548048451905,0));
#1484=DIRECTION('',(0,0,1));
#1485=FACE_BOUND('',#1486,.T.);
#1486=EDGE_LOOP('',(#1487,#1488,#1489));
#1487=ORIENTED_EDGE('',*,*,#1490,.T.);
#1488=ORIENTED_EDGE('',*,*,#1491,.T.);
#1489=ORIENTED_EDGE('',*,*,#1492,.T.);
#1490=EDGE_CURVE('',#81,#83,#1493,.F.);
#1491=EDGE_CURVE('',#83,#79,#1494,.T.);
#1492=EDGE_CURVE('',#79,#81,#1495,.T.);
#1493=LINE('',#80,#1496);
#1494=LINE('',#82,#1497);
#1495=LINE('',#78,#1498);
#1496=VECTOR('',#1499,1.0);
#1497=VECTOR('',#1500,1.0);
#1498=VECTOR('',#1501,1.0);
#1499=DIRECTION('',(0,0,1));
#1500=DIRECTION('',(0.32195480484519057,0.9467550388759994,0));
#1501=DIRECTION('',(-0.23312704922508895,-0.6855440739835358,-0.6896963835961875));
#1502=FACE_SURFACE('',(#1507),#1503,.T.);
#1503=PLANE('',#1504);
#1504=AXIS2_PLACEMENT_3D('',#80,#1505,#1506);
#1505=DIRECTION('',(-0.9467550388759994,0.3219548048451905,0));
#1506=DIRECTION('',(0.23312704922508895,0.6855440739835358,0.6896963835961875));
#1507=FACE_BOUND('',#1508,.T.);
#1508=EDGE_LOOP('',(#1509,#1510,#1511));
#1509=ORIENTED_EDGE('',*,*,#1512,.T.);
#1510=ORIENTED_EDGE('',*,*,#1513,.T.);
#1511=ORIENTED_EDGE('',*,*,#1514,.T.);
#1512=EDGE_CURVE('',#81,#79,#1515,.F.);
#1513=EDGE_CURVE('',#79,#77,#1516,.T.);
#1514=EDGE_CURVE('',#77,#81,#1517,.T.);
#1515=LINE('',#80,#1518);
#1516=LINE('',#78,#1519);
#1517=LINE('',#76,#1520);
#1518=VECTOR('',#1521,1.0);
#1519=VECTOR('',#1522,1.0);
#1520=VECTOR('',#1523,1.0);
#1521=DIRECTION('',(0.23312704922508895,0.6855440739835358,0.6896963835961875));
#1522=DIRECTION('',(0,0,-1));
#1523=DIRECTION('',(-0.32195480484519057,-0.9467550388759994,0));
#1524=FACE_SURFACE('',(#1529),#1525,.T.);
#1525=PLANE('',#1526);
#1526=AXIS2_PLACEMENT_3D('',#84,#1527,#1528);
#1527=DIRECTION('',(-0.8968990530550813,0.44223533172836677,0));
#1528=DIRECTION('',(0,0,1));
#1529=FACE_BOUND('',#1530,.T.);
#1530=EDGE_LOOP('',(#1531,#1532,#1533));
#1531=ORIENTED_EDGE('',*,*,#1534,.T.);
#1532=ORIENTED_EDGE('',*,*,#1535,.T.);
#1533=ORIENTED_EDGE('',*,*,#1536,.T.);
#1534=EDGE_CURVE('',#85,#87,#1537,.F.);
#1535=EDGE_CURVE('',#87,#83,#1538,.T.);
#1536=EDGE_CURVE('',#83,#85,#1539,.T.);
#1537=LINE('',#84,#1540);
#1538=LINE('',#86,#1541);
#1539=LINE('',#82,#1542);
#1540=VECTOR('',#1543,1.0);
#1541=VECTOR('',#1544,1.0);
#1542=VECTOR('',#1545,1.0);
#1543=DIRECTION('',(0,0,1));
#1544=DIRECTION('',(0.44223533172836677,0.8968990530550812,0));
#1545=DIRECTION('',(-0.320254316172265,-0.6495089204861074,-0.6896197033017591));
#1546=FACE_SURFACE('',(#1551),#1547,.T.);
#1547=PLANE('',#1548);
#1548=AXIS2_PLACEMENT_3D('',#84,#1549,#1550);
#1549=DIRECTION('',(-0.8968990530550813,0.44223533172836677,0));
#1550=DIRECTION('',(0.320254316172265,0.6495089204861074,0.6896197033017591));
#1551=FACE_BOUND('',#1552,.T.);
#1552=EDGE_LOOP('',(#1553,#1554,#1555));
#1553=ORIENTED_EDGE('',*,*,#1556,.T.);
#1554=ORIENTED_EDGE('',*,*,#1557,.T.);
#1555=ORIENTED_EDGE('',*,*,#1558,.T.);
#1556=EDGE_CURVE('',#85,#83,#1559,.F.);
#1557=EDGE_CURVE('',#83,#81,#1560,.T.);
#1558=EDGE_CURVE('',#81,#85,#1561,.T.);
#1559=LINE('',#84,#1562);
#1560=LINE('',#82,#1563);
#1561=LINE('',#80,#1564);
#1562=VECTOR('',#1565,1.0);
#1563=VECTOR('',#1566,1.0);
#1564=VECTOR('',#1567,1.0);
#1565=DIRECTION('',(0.320254316172265,0.6495089204861074,0.6896197033017591));
#1566=DIRECTION('',(0,0,-1));
#1567=DIRECTION('',(-0.44223533172836677,-0.8968990530550812,0));
#1568=FACE_SURFACE('',(#1573),#1569,.T.);
#1569=PLANE('',#1570);
#1570=AXIS2_PLACEMENT_3D('',#88,#1571,#1572);
#1571=DIRECTION('',(0,0,-1));
#1572=DIRECTION('',(-1,0,0));
#1573=FACE_BOUND('',#1574,.T.);
#1574=EDGE_LOOP('',(#1575,#1576,#1577));
#1575=ORIENTED_EDGE('',*,*,#1578,.T.);
#1576=ORIENTED_EDGE('',*,*,#1579,.T.);
#1577=ORIENTED_EDGE('',*,*,#1580,.T.);
#1578=EDGE_CURVE('',#89,#91,#1581,.F.);
#1579=EDGE_CURVE('',#91,#93,#1582,.T.);
#1580=EDGE_CURVE('',#93,#89,#1583,.T.);
#1581=LINE('',#88,#1584);
#1582=LINE('',#90,#1585);
#1583=LINE('',#92,#1586);
#1584=VECTOR('',#1587,1.0);
#1585=VECTOR('',#1588,1.0);
#1586=VECTOR('',#1589,1.0);
#1587=DIRECTION('',(-1,0,0));
#1588=DIRECTION('',(0.9999546856662919,0.009519801154824488,0));
#1589=DIRECTION('',(0.9978898757953395,-0.06492915974477163,0));
#1590=FACE_SURFACE('',(#1595),#1591,.T.);
#1591=PLANE('',#1592);
#1592=AXIS2_PLACEMENT_3D('',#94,#1593,#1594);
#1593=DIRECTION('',(0,-0,-1));
#1594=DIRECTION('',(0.980798794165731,-0.1950223714424785,0));
#1595=FACE_BOUND('',#1596,.T.);
#1596=EDGE_LOOP('',(#1597,#1598,#1599));
#1597=ORIENTED_EDGE('',*,*,#1600,.T.);
#1598=ORIENTED_EDGE('',*,*,#1601,.T.);
#1599=ORIENTED_EDGE('',*,*,#1602,.T.);
#1600=EDGE_CURVE('',#95,#93,#1603,.F.);
#1601=EDGE_CURVE('',#93,#91,#1604,.T.);
#1602=EDGE_CURVE('',#91,#95,#1605,.T.);
#1603=LINE('',#94,#1606);
#1604=LINE('',#92,#1607);
#1605=LINE('',#90,#1608);
#1606=VECTOR('',#1609,1.0);
#1607=VECTOR('',#1610,1.0);
#1608=VECTOR('',#1611,1.0);
#1609=DIRECTION('',(0.980798794165731,-0.1950223714424785,0));
#1610=DIRECTION('',(-0.9999546856662919,-0.009519801154824488,0));
#1611=DIRECTION('',(0.998956616478447,0.0456692280855823,0));
#1612=FACE_SURFACE('',(#1617),#1613,.T.);
#1613=PLANE('',#1614);
#1614=AXIS2_PLACEMENT_3D('',#96,#1615,#1616);
#1615=DIRECTION('',(0,-0,-1));
#1616=DIRECTION('',(0.9467581937280892,-0.3219455273935731,0));
#1617=FACE_BOUND('',#1618,.T.);
#1618=EDGE_LOOP('',(#1619,#1620,#1621));
#1619=ORIENTED_EDGE('',*,*,#1622,.T.);
#1620=ORIENTED_EDGE('',*,*,#1623,.T.);
#1621=ORIENTED_EDGE('',*,*,#1624,.T.);
#1622=EDGE_CURVE('',#97,#95,#1625,.F.);
#1623=EDGE_CURVE('',#95,#91,#1626,.T.);
#1624=EDGE_CURVE('',#91,#97,#1627,.T.);
#1625=LINE('',#96,#1628);
#1626=LINE('',#94,#1629);
#1627=LINE('',#90,#1630);
#1628=VECTOR('',#1631,1.0);
#1629=VECTOR('',#1632,1.0);
#1630=VECTOR('',#1633,1.0);
#1631=DIRECTION('',(0.9467581937280892,-0.3219455273935731,0));
#1632=DIRECTION('',(-0.998956616478447,-0.0456692280855823,0));
#1633=DIRECTION('',(0.9924602135890094,0.12256722417864357,0));
#1634=FACE_SURFACE('',(#1639),#1635,.T.);
#1635=PLANE('',#1636);
#1636=AXIS2_PLACEMENT_3D('',#98,#1637,#1638);
#1637=DIRECTION('',(0,-0,-1));
#1638=DIRECTION('',(0.8968918569094566,-0.44224992595760443,0));
#1639=FACE_BOUND('',#1640,.T.);
#1640=EDGE_LOOP('',(#1641,#1642,#1643));
#1641=ORIENTED_EDGE('',*,*,#1644,.T.);
#1642=ORIENTED_EDGE('',*,*,#1645,.T.);
#1643=ORIENTED_EDGE('',*,*,#1646,.T.);
#1644=EDGE_CURVE('',#99,#97,#1647,.F.);
#1645=EDGE_CURVE('',#97,#91,#1648,.T.);
#1646=EDGE_CURVE('',#91,#99,#1649,.T.);
#1647=LINE('',#98,#1650);
#1648=LINE('',#96,#1651);
#1649=LINE('',#90,#1652);
#1650=VECTOR('',#1653,1.0);
#1651=VECTOR('',#1654,1.0);
#1652=VECTOR('',#1655,1.0);
#1653=DIRECTION('',(0.8968918569094566,-0.44224992595760443,0));
#1654=DIRECTION('',(-0.9924602135890094,-0.12256722417864357,0));
#1655=DIRECTION('',(0.96564347422506,0.2598705075351103,0));
#1656=FACE_SURFACE('',(#1661),#1657,.T.);
#1657=PLANE('',#1658);
#1658=AXIS2_PLACEMENT_3D('',#100,#1659,#1660);
#1659=DIRECTION('',(0,-0,-1));
#1660=DIRECTION('',(0.831906769736938,-0.5549154228041003,0));
#1661=FACE_BOUND('',#1662,.T.);
#1662=EDGE_LOOP('',(#1663,#1664,#1665));
#1663=ORIENTED_EDGE('',*,*,#1666,.T.);
#1664=ORIENTED_EDGE('',*,*,#1667,.T.);
#1665=ORIENTED_EDGE('',*,*,#1668,.T.);
#1666=EDGE_CURVE('',#101,#99,#1669,.F.);
#1667=EDGE_CURVE('',#99,#91,#1670,.T.);
#1668=EDGE_CURVE('',#91,#101,#1671,.T.);
#1669=LINE('',#100,#1672);
#1670=LINE('',#98,#1673);
#1671=LINE('',#90,#1674);
#1672=VECTOR('',#1675,1.0);
#1673=VECTOR('',#1676,1.0);
#1674=VECTOR('',#1677,1.0);
#1675=DIRECTION('',(0.831906769736938,-0.5549154228041003,0));
#1676=DIRECTION('',(-0.96564347422506,-0.2598705075351103,0));
#1677=DIRECTION('',(0.8829424730249912,0.46948119166641017,0));
#1678=FACE_SURFACE('',(#1683),#1679,.T.);
#1679=PLANE('',#1680);
#1680=AXIS2_PLACEMENT_3D('',#102,#1681,#1682);
#1681=DIRECTION('',(0,-0,-1));
#1682=DIRECTION('',(0.751923604214129,-0.659250250986402,0));
#1683=FACE_BOUND('',#1684,.T.);
#1684=EDGE_LOOP('',(#1685,#1686,#1687));
#1685=ORIENTED_EDGE('',*,*,#1688,.T.);
#1686=ORIENTED_EDGE('',*,*,#1689,.T.);
#1687=ORIENTED_EDGE('',*,*,#1690,.T.);
#1688=EDGE_CURVE('',#103,#101,#1691,.F.);
#1689=EDGE_CURVE('',#101,#91,#1692,.T.);
#1690=EDGE_CURVE('',#91,#103,#1693,.T.);
#1691=LINE('',#102,#1694);
#1692=LINE('',#100,#1695);
#1693=LINE('',#90,#1696);
#1694=VECTOR('',#1697,1.0);
#1695=VECTOR('',#1698,1.0);
#1696=VECTOR('',#1699,1.0);
#1697=DIRECTION('',(0.751923604214129,-0.659250250986402,0));
#1698=DIRECTION('',(-0.8829424730249912,-0.46948119166641017,0));
#1699=DIRECTION('',(0.703607049282271,0.7105892767276295,0));
#1700=FACE_SURFACE('',(#1705),#1701,.T.);
#1701=PLANE('',#1702);
#1702=AXIS2_PLACEMENT_3D('',#104,#1703,#1704);
#1703=DIRECTION('',(0,-0,-1));
#1704=DIRECTION('',(0.6592463836243898,-0.7519269949125139,0));
#1705=FACE_BOUND('',#1706,.T.);
#1706=EDGE_LOOP('',(#1707,#1708,#1709));
#1707=ORIENTED_EDGE('',*,*,#1710,.T.);
#1708=ORIENTED_EDGE('',*,*,#1711,.T.);
#1709=ORIENTED_EDGE('',*,*,#1712,.T.);
#1710=EDGE_CURVE('',#105,#103,#1713,.F.);
#1711=EDGE_CURVE('',#103,#91,#1714,.T.);
#1712=EDGE_CURVE('',#91,#105,#1715,.T.);
#1713=LINE('',#104,#1716);
#1714=LINE('',#102,#1717);
#1715=LINE('',#90,#1718);
#1716=VECTOR('',#1719,1.0);
#1717=VECTOR('',#1720,1.0);
#1718=VECTOR('',#1721,1.0);
#1719=DIRECTION('',(0.6592463836243898,-0.7519269949125139,0));
#1720=DIRECTION('',(-0.703607049282271,-0.7105892767276295,0));
#1721=DIRECTION('',(0.46167393759402153,0.8870497028613625,0));
#1722=FACE_SURFACE('',(#1727),#1723,.T.);
#1723=PLANE('',#1724);
#1724=AXIS2_PLACEMENT_3D('',#106,#1725,#1726);
#1725=DIRECTION('',(0,-0,-1));
#1726=DIRECTION('',(0.5549271937711396,-0.8318989179060686,0));
#1727=FACE_BOUND('',#1728,.T.);
#1728=EDGE_LOOP('',(#1729,#1730,#1731));
#1729=ORIENTED_EDGE('',*,*,#1732,.T.);
#1730=ORIENTED_EDGE('',*,*,#1733,.T.);
#1731=ORIENTED_EDGE('',*,*,#1734,.T.);
#1732=EDGE_CURVE('',#107,#105,#1735,.F.);
#1733=EDGE_CURVE('',#105,#91,#1736,.T.);
#1734=EDGE_CURVE('',#91,#107,#1737,.T.);
#1735=LINE('',#106,#1738);
#1736=LINE('',#104,#1739);
#1737=LINE('',#90,#1740);
#1738=VECTOR('',#1741,1.0);
#1739=VECTOR('',#1742,1.0);
#1740=VECTOR('',#1743,1.0);
#1741=DIRECTION('',(0.5549271937711396,-0.8318989179060686,0));
#1742=DIRECTION('',(-0.46167393759402153,-0.8870497028613625,0));
#1743=DIRECTION('',(0.253279160800705,0.9673932327156785,0));
#1744=FACE_SURFACE('',(#1749),#1745,.T.);
#1745=PLANE('',#1746);
#1746=AXIS2_PLACEMENT_3D('',#108,#1747,#1748);
#1747=DIRECTION('',(0,0,-1));
#1748=DIRECTION('',(0.9467581937280892,0.3219455273935731,0));
#1749=FACE_BOUND('',#1750,.T.);
#1750=EDGE_LOOP('',(#1751,#1752,#1753));
#1751=ORIENTED_EDGE('',*,*,#1754,.T.);
#1752=ORIENTED_EDGE('',*,*,#1755,.T.);
#1753=ORIENTED_EDGE('',*,*,#1756,.T.);
#1754=EDGE_CURVE('',#109,#111,#1757,.F.);
#1755=EDGE_CURVE('',#111,#113,#1758,.T.);
#1756=EDGE_CURVE('',#113,#109,#1759,.T.);
#1757=LINE('',#108,#1760);
#1758=LINE('',#110,#1761);
#1759=LINE('',#112,#1762);
#1760=VECTOR('',#1763,1.0);
#1761=VECTOR('',#1764,1.0);
#1762=VECTOR('',#1765,1.0);
#1763=DIRECTION('',(0.9467581937280892,0.3219455273935731,0));
#1764=DIRECTION('',(0.9977136889513742,-0.06758250423771198,0));
#1765=DIRECTION('',(-0.9996321669638016,0.02712067055318195,0));
#1766=FACE_SURFACE('',(#1771),#1767,.T.);
#1767=PLANE('',#1768);
#1768=AXIS2_PLACEMENT_3D('',#112,#1769,#1770);
#1769=DIRECTION('',(0,0,-1));
#1770=DIRECTION('',(-1,0,0));
#1771=FACE_BOUND('',#1772,.T.);
#1772=EDGE_LOOP('',(#1773,#1774,#1775));
#1773=ORIENTED_EDGE('',*,*,#1776,.T.);
#1774=ORIENTED_EDGE('',*,*,#1777,.T.);
#1775=ORIENTED_EDGE('',*,*,#1778,.T.);
#1776=EDGE_CURVE('',#113,#115,#1779,.F.);
#1777=EDGE_CURVE('',#115,#117,#1780,.T.);
#1778=EDGE_CURVE('',#117,#113,#1781,.T.);
#1779=LINE('',#112,#1782);
#1780=LINE('',#114,#1783);
#1781=LINE('',#116,#1784);
#1782=VECTOR('',#1785,1.0);
#1783=VECTOR('',#1786,1.0);
#1784=VECTOR('',#1787,1.0);
#1785=DIRECTION('',(-1,0,0));
#1786=DIRECTION('',(0.9978898757953395,0.06492915974477163,0));
#1787=DIRECTION('',(0.9999819314171123,-0.00601139245946356,0));
#1788=FACE_SURFACE('',(#1793),#1789,.T.);
#1789=PLANE('',#1790);
#1790=AXIS2_PLACEMENT_3D('',#116,#1791,#1792);
#1791=DIRECTION('',(0,0,-1));
#1792=DIRECTION('',(0.980798794165731,0.1950223714424785,0));
#1793=FACE_BOUND('',#1794,.T.);
#1794=EDGE_LOOP('',(#1795,#1796,#1797));
#1795=ORIENTED_EDGE('',*,*,#1798,.T.);
#1796=ORIENTED_EDGE('',*,*,#1799,.T.);
#1797=ORIENTED_EDGE('',*,*,#1800,.T.);
#1798=EDGE_CURVE('',#117,#109,#1801,.F.);
#1799=EDGE_CURVE('',#109,#113,#1802,.T.);
#1800=EDGE_CURVE('',#113,#117,#1803,.T.);
#1801=LINE('',#116,#1804);
#1802=LINE('',#108,#1805);
#1803=LINE('',#112,#1806);
#1804=VECTOR('',#1807,1.0);
#1805=VECTOR('',#1808,1.0);
#1806=VECTOR('',#1809,1.0);
#1807=DIRECTION('',(0.980798794165731,0.1950223714424785,0));
#1808=DIRECTION('',(0.9996321669638016,-0.02712067055318195,0));
#1809=DIRECTION('',(-0.9999819314171123,0.00601139245946356,0));
#1810=FACE_SURFACE('',(#1815),#1811,.T.);
#1811=PLANE('',#1812);
#1812=AXIS2_PLACEMENT_3D('',#90,#1813,#1814);
#1813=DIRECTION('',(0,-0,-1));
#1814=DIRECTION('',(0,-1,0));
#1815=FACE_BOUND('',#1816,.T.);
#1816=EDGE_LOOP('',(#1817,#1818,#1819));
#1817=ORIENTED_EDGE('',*,*,#1820,.T.);
#1818=ORIENTED_EDGE('',*,*,#1821,.T.);
#1819=ORIENTED_EDGE('',*,*,#1822,.T.);
#1820=EDGE_CURVE('',#91,#119,#1823,.F.);
#1821=EDGE_CURVE('',#119,#121,#1824,.T.);
#1822=EDGE_CURVE('',#121,#91,#1825,.T.);
#1823=LINE('',#90,#1826);
#1824=LINE('',#118,#1827);
#1825=LINE('',#120,#1828);
#1826=VECTOR('',#1829,1.0);
#1827=VECTOR('',#1830,1.0);
#1828=VECTOR('',#1831,1.0);
#1829=DIRECTION('',(0,-1,0));
#1830=DIRECTION('',(-0.9896643318738858,-0.14340331312984084,0));
#1831=DIRECTION('',(0.9642118455671964,0.26513301730999267,0));
#1832=FACE_SURFACE('',(#1837),#1833,.T.);
#1833=PLANE('',#1834);
#1834=AXIS2_PLACEMENT_3D('',#122,#1835,#1836);
#1835=DIRECTION('',(-0,0,-1));
#1836=DIRECTION('',(-0.5549271937711396,-0.8318989179060686,0));
#1837=FACE_BOUND('',#1838,.T.);
#1838=EDGE_LOOP('',(#1839,#1840,#1841));
#1839=ORIENTED_EDGE('',*,*,#1842,.T.);
#1840=ORIENTED_EDGE('',*,*,#1843,.T.);
#1841=ORIENTED_EDGE('',*,*,#1844,.T.);
#1842=EDGE_CURVE('',#123,#125,#1845,.F.);
#1843=EDGE_CURVE('',#125,#127,#1846,.T.);
#1844=EDGE_CURVE('',#127,#123,#1847,.T.);
#1845=LINE('',#122,#1848);
#1846=LINE('',#124,#1849);
#1847=LINE('',#126,#1850);
#1848=VECTOR('',#1851,1.0);
#1849=VECTOR('',#1852,1.0);
#1850=VECTOR('',#1853,1.0);
#1851=DIRECTION('',(-0.5549271937711396,-0.8318989179060686,0));
#1852=DIRECTION('',(-0.39355878831803687,0.9192994507436839,0));
#1853=DIRECTION('',(0.5912174835231844,-0.8065121742270933,0));
#1854=FACE_SURFACE('',(#1859),#1855,.T.);
#1855=PLANE('',#1856);
#1856=AXIS2_PLACEMENT_3D('',#128,#1857,#1858);
#1857=DIRECTION('',(-0,0,-1));
#1858=DIRECTION('',(-0.6592463836243898,-0.7519269949125139,0));
#1859=FACE_BOUND('',#1860,.T.);
#1860=EDGE_LOOP('',(#1861,#1862,#1863));
#1861=ORIENTED_EDGE('',*,*,#1864,.T.);
#1862=ORIENTED_EDGE('',*,*,#1865,.T.);
#1863=ORIENTED_EDGE('',*,*,#1866,.T.);
#1864=EDGE_CURVE('',#129,#123,#1867,.F.);
#1865=EDGE_CURVE('',#123,#127,#1868,.T.);
#1866=EDGE_CURVE('',#127,#129,#1869,.T.);
#1867=LINE('',#128,#1870);
#1868=LINE('',#122,#1871);
#1869=LINE('',#126,#1872);
#1870=VECTOR('',#1873,1.0);
#1871=VECTOR('',#1874,1.0);
#1872=VECTOR('',#1875,1.0);
#1873=DIRECTION('',(-0.6592463836243898,-0.7519269949125139,0));
#1874=DIRECTION('',(-0.5912174835231844,0.8065121742270933,0));
#1875=DIRECTION('',(0.7866744529657247,-0.6173680466715764,0));
#1876=FACE_SURFACE('',(#1881),#1877,.T.);
#1877=PLANE('',#1878);
#1878=AXIS2_PLACEMENT_3D('',#130,#1879,#1880);
#1879=DIRECTION('',(-0,0,-1));
#1880=DIRECTION('',(-0.831906769736938,-0.5549154228041003,0));
#1881=FACE_BOUND('',#1882,.T.);
#1882=EDGE_LOOP('',(#1883,#1884,#1885));
#1883=ORIENTED_EDGE('',*,*,#1886,.T.);
#1884=ORIENTED_EDGE('',*,*,#1887,.T.);
#1885=ORIENTED_EDGE('',*,*,#1888,.T.);
#1886=EDGE_CURVE('',#131,#133,#1889,.F.);
#1887=EDGE_CURVE('',#133,#127,#1890,.T.);
#1888=EDGE_CURVE('',#127,#131,#1891,.T.);
#1889=LINE('',#130,#1892);
#1890=LINE('',#132,#1893);
#1891=LINE('',#126,#1894);
#1892=VECTOR('',#1895,1.0);
#1893=VECTOR('',#1896,1.0);
#1894=VECTOR('',#1897,1.0);
#1895=DIRECTION('',(-0.831906769736938,-0.5549154228041003,0));
#1896=DIRECTION('',(-0.9160120687051301,0.401150707324003,0));
#1897=DIRECTION('',(0.9744368294356941,-0.22466166882517358,0));
#1898=FACE_SURFACE('',(#1903),#1899,.T.);
#1899=PLANE('',#1900);
#1900=AXIS2_PLACEMENT_3D('',#134,#1901,#1902);
#1901=DIRECTION('',(-0,0,-1));
#1902=DIRECTION('',(-0.8968918569094566,-0.44224992595760443,0));
#1903=FACE_BOUND('',#1904,.T.);
#1904=EDGE_LOOP('',(#1905,#1906,#1907));
#1905=ORIENTED_EDGE('',*,*,#1908,.T.);
#1906=ORIENTED_EDGE('',*,*,#1909,.T.);
#1907=ORIENTED_EDGE('',*,*,#1910,.T.);
#1908=EDGE_CURVE('',#135,#131,#1911,.F.);
#1909=EDGE_CURVE('',#131,#127,#1912,.T.);
#1910=EDGE_CURVE('',#127,#135,#1913,.T.);
#1911=LINE('',#134,#1914);
#1912=LINE('',#130,#1915);
#1913=LINE('',#126,#1916);
#1914=VECTOR('',#1917,1.0);
#1915=VECTOR('',#1918,1.0);
#1916=VECTOR('',#1919,1.0);
#1917=DIRECTION('',(-0.8968918569094566,-0.44224992595760443,0));
#1918=DIRECTION('',(-0.9744368294356941,0.22466166882517358,0));
#1919=DIRECTION('',(0.9941354047437985,-0.10814248487474268,0));
#1920=FACE_SURFACE('',(#1925),#1921,.T.);
#1921=PLANE('',#1922);
#1922=AXIS2_PLACEMENT_3D('',#136,#1923,#1924);
#1923=DIRECTION('',(-0,0,-1));
#1924=DIRECTION('',(-0.9467581937280892,-0.3219455273935731,0));
#1925=FACE_BOUND('',#1926,.T.);
#1926=EDGE_LOOP('',(#1927,#1928,#1929));
#1927=ORIENTED_EDGE('',*,*,#1930,.T.);
#1928=ORIENTED_EDGE('',*,*,#1931,.T.);
#1929=ORIENTED_EDGE('',*,*,#1932,.T.);
#1930=EDGE_CURVE('',#137,#135,#1933,.F.);
#1931=EDGE_CURVE('',#135,#127,#1934,.T.);
#1932=EDGE_CURVE('',#127,#137,#1935,.T.);
#1933=LINE('',#136,#1936);
#1934=LINE('',#134,#1937);
#1935=LINE('',#126,#1938);
#1936=VECTOR('',#1939,1.0);
#1937=VECTOR('',#1940,1.0);
#1938=VECTOR('',#1941,1.0);
#1939=DIRECTION('',(-0.9467581937280892,-0.3219455273935731,0));
#1940=DIRECTION('',(-0.9941354047437985,0.10814248487474268,0));
#1941=DIRECTION('',(0.9991568614827779,-0.04105564701578767,0));
#1942=FACE_SURFACE('',(#1947),#1943,.T.);
#1943=PLANE('',#1944);
#1944=AXIS2_PLACEMENT_3D('',#138,#1945,#1946);
#1945=DIRECTION('',(-0,0,-1));
#1946=DIRECTION('',(-0.980798794165731,-0.1950223714424785,0));
#1947=FACE_BOUND('',#1948,.T.);
#1948=EDGE_LOOP('',(#1949,#1950,#1951));
#1949=ORIENTED_EDGE('',*,*,#1952,.T.);
#1950=ORIENTED_EDGE('',*,*,#1953,.T.);
#1951=ORIENTED_EDGE('',*,*,#1954,.T.);
#1952=EDGE_CURVE('',#139,#137,#1955,.F.);
#1953=EDGE_CURVE('',#137,#127,#1956,.T.);
#1954=EDGE_CURVE('',#127,#139,#1957,.T.);
#1955=LINE('',#138,#1958);
#1956=LINE('',#136,#1959);
#1957=LINE('',#126,#1960);
#1958=VECTOR('',#1961,1.0);
#1959=VECTOR('',#1962,1.0);
#1960=VECTOR('',#1963,1.0);
#1961=DIRECTION('',(-0.980798794165731,-0.1950223714424785,0));
#1962=DIRECTION('',(-0.9991568614827779,0.04105564701578767,0));
#1963=DIRECTION('',(0.9999622711351032,-0.008686558946244132,0));
#1964=FACE_SURFACE('',(#1969),#1965,.T.);
#1965=PLANE('',#1966);
#1966=AXIS2_PLACEMENT_3D('',#140,#1967,#1968);
#1967=DIRECTION('',(0,0,-1));
#1968=DIRECTION('',(1,0,0));
#1969=FACE_BOUND('',#1970,.T.);
#1970=EDGE_LOOP('',(#1971,#1972,#1973));
#1971=ORIENTED_EDGE('',*,*,#1974,.T.);
#1972=ORIENTED_EDGE('',*,*,#1975,.T.);
#1973=ORIENTED_EDGE('',*,*,#1976,.T.);
#1974=EDGE_CURVE('',#141,#143,#1977,.F.);
#1975=EDGE_CURVE('',#143,#145,#1978,.T.);
#1976=EDGE_CURVE('',#145,#141,#1979,.T.);
#1977=LINE('',#140,#1980);
#1978=LINE('',#142,#1981);
#1979=LINE('',#144,#1982);
#1980=VECTOR('',#1983,1.0);
#1981=VECTOR('',#1984,1.0);
#1982=VECTOR('',#1985,1.0);
#1983=DIRECTION('',(1,0,0));
#1984=DIRECTION('',(-0.9999795261735941,-0.006399002549963427,0));
#1985=DIRECTION('',(-0.9978276078658741,0.06587916955052969,0));
#1986=FACE_SURFACE('',(#1991),#1987,.T.);
#1987=PLANE('',#1988);
#1988=AXIS2_PLACEMENT_3D('',#146,#1989,#1990);
#1989=DIRECTION('',(0,0,-1));
#1990=DIRECTION('',(-0.980798794165731,0.1950223714424785,0));
#1991=FACE_BOUND('',#1992,.T.);
#1992=EDGE_LOOP('',(#1993,#1994,#1995));
#1993=ORIENTED_EDGE('',*,*,#1996,.T.);
#1994=ORIENTED_EDGE('',*,*,#1997,.T.);
#1995=ORIENTED_EDGE('',*,*,#1998,.T.);
#1996=EDGE_CURVE('',#147,#145,#1999,.F.);
#1997=EDGE_CURVE('',#145,#143,#2000,.T.);
#1998=EDGE_CURVE('',#143,#147,#2001,.T.);
#1999=LINE('',#146,#2002);
#2000=LINE('',#144,#2003);
#2001=LINE('',#142,#2004);
#2002=VECTOR('',#2005,1.0);
#2003=VECTOR('',#2006,1.0);
#2004=VECTOR('',#2007,1.0);
#2005=DIRECTION('',(-0.980798794165731,0.1950223714424785,0));
#2006=DIRECTION('',(0.9999795261735941,0.006399002549963427,0));
#2007=DIRECTION('',(-0.9995776377329005,-0.029061076103856,0));
#2008=FACE_SURFACE('',(#2013),#2009,.T.);
#2009=PLANE('',#2010);
#2010=AXIS2_PLACEMENT_3D('',#38,#2011,#2012);
#2011=DIRECTION('',(0,0,-1));
#2012=DIRECTION('',(-0.9467581937280892,0.3219455273935731,0));
#2013=FACE_BOUND('',#2014,.T.);
#2014=EDGE_LOOP('',(#2015,#2016,#2017));
#2015=ORIENTED_EDGE('',*,*,#2018,.T.);
#2016=ORIENTED_EDGE('',*,*,#2019,.T.);
#2017=ORIENTED_EDGE('',*,*,#2020,.T.);
#2018=EDGE_CURVE('',#39,#147,#2021,.F.);
#2019=EDGE_CURVE('',#147,#143,#2022,.T.);
#2020=EDGE_CURVE('',#143,#39,#2023,.T.);
#2021=LINE('',#38,#2024);
#2022=LINE('',#146,#2025);
#2023=LINE('',#142,#2026);
#2024=VECTOR('',#2027,1.0);
#2025=VECTOR('',#2028,1.0);
#2026=VECTOR('',#2029,1.0);
#2027=DIRECTION('',(-0.9467581937280892,0.3219455273935731,0));
#2028=DIRECTION('',(0.9995776377329005,0.029061076103856,0));
#2029=DIRECTION('',(-0.9973339836834568,-0.0729720836353624,0));
#2030=FACE_SURFACE('',(#2035),#2031,.T.);
#2031=PLANE('',#2032);
#2032=AXIS2_PLACEMENT_3D('',#92,#2033,#2034);
#2033=DIRECTION('',(0.06492915974477163,0.9978898757953395,-0));
#2034=DIRECTION('',(0,0,1));
#2035=FACE_BOUND('',#2036,.T.);
#2036=EDGE_LOOP('',(#2037,#2038,#2039));
#2037=ORIENTED_EDGE('',*,*,#2040,.T.);
#2038=ORIENTED_EDGE('',*,*,#2041,.T.);
#2039=ORIENTED_EDGE('',*,*,#2042,.T.);
#2040=EDGE_CURVE('',#93,#149,#2043,.F.);
#2041=EDGE_CURVE('',#149,#151,#2044,.T.);
#2042=EDGE_CURVE('',#151,#93,#2045,.T.);
#2043=LINE('',#92,#2046);
#2044=LINE('',#148,#2047);
#2045=LINE('',#150,#2048);
#2046=VECTOR('',#2049,1.0);
#2047=VECTOR('',#2050,1.0);
#2048=VECTOR('',#2051,1.0);
#2049=DIRECTION('',(0,0,1));
#2050=DIRECTION('',(0.9978898757953395,-0.06492915974477163,0));
#2051=DIRECTION('',(-0.7123820315513799,0.04635217557352086,-0.7002594640148253));
#2052=FACE_SURFACE('',(#2057),#2053,.T.);
#2053=PLANE('',#2054);
#2054=AXIS2_PLACEMENT_3D('',#92,#2055,#2056);
#2055=DIRECTION('',(0.06492915974477163,0.9978898757953395,0));
#2056=DIRECTION('',(0.7123820315513799,-0.04635217557352086,0.7002594640148253));
#2057=FACE_BOUND('',#2058,.T.);
#2058=EDGE_LOOP('',(#2059,#2060,#2061));
#2059=ORIENTED_EDGE('',*,*,#2062,.T.);
#2060=ORIENTED_EDGE('',*,*,#2063,.T.);
#2061=ORIENTED_EDGE('',*,*,#2064,.T.);
#2062=EDGE_CURVE('',#93,#151,#2065,.F.);
#2063=EDGE_CURVE('',#151,#89,#2066,.T.);
#2064=EDGE_CURVE('',#89,#93,#2067,.T.);
#2065=LINE('',#92,#2068);
#2066=LINE('',#150,#2069);
#2067=LINE('',#88,#2070);
#2068=VECTOR('',#2071,1.0);
#2069=VECTOR('',#2072,1.0);
#2070=VECTOR('',#2073,1.0);
#2071=DIRECTION('',(0.7123820315513799,-0.04635217557352086,0.7002594640148253));
#2072=DIRECTION('',(0,0,-1));
#2073=DIRECTION('',(-0.9978898757953395,0.06492915974477163,0));
#2074=FACE_SURFACE('',(#2079),#2075,.T.);
#2075=PLANE('',#2076);
#2076=AXIS2_PLACEMENT_3D('',#94,#2077,#2078);
#2077=DIRECTION('',(0.1950223714424785,0.980798794165731,-0));
#2078=DIRECTION('',(0,0,1));
#2079=FACE_BOUND('',#2080,.T.);
#2080=EDGE_LOOP('',(#2081,#2082,#2083));
#2081=ORIENTED_EDGE('',*,*,#2084,.T.);
#2082=ORIENTED_EDGE('',*,*,#2085,.T.);
#2083=ORIENTED_EDGE('',*,*,#2086,.T.);
#2084=EDGE_CURVE('',#95,#153,#2087,.F.);
#2085=EDGE_CURVE('',#153,#149,#2088,.T.);
#2086=EDGE_CURVE('',#149,#95,#2089,.T.);
#2087=LINE('',#94,#2090);
#2088=LINE('',#152,#2091);
#2089=LINE('',#148,#2092);
#2090=VECTOR('',#2093,1.0);
#2091=VECTOR('',#2094,1.0);
#2092=VECTOR('',#2095,1.0);
#2093=DIRECTION('',(0,0,1));
#2094=DIRECTION('',(0.980798794165731,-0.1950223714424785,0));
#2095=DIRECTION('',(-0.7099867539615945,0.14117401170758448,-0.6899193486324797));
#2096=FACE_SURFACE('',(#2101),#2097,.T.);
#2097=PLANE('',#2098);
#2098=AXIS2_PLACEMENT_3D('',#94,#2099,#2100);
#2099=DIRECTION('',(0.1950223714424785,0.980798794165731,0));
#2100=DIRECTION('',(0.7099867539615945,-0.14117401170758448,0.6899193486324797));
#2101=FACE_BOUND('',#2102,.T.);
#2102=EDGE_LOOP('',(#2103,#2104,#2105));
#2103=ORIENTED_EDGE('',*,*,#2106,.T.);
#2104=ORIENTED_EDGE('',*,*,#2107,.T.);
#2105=ORIENTED_EDGE('',*,*,#2108,.T.);
#2106=EDGE_CURVE('',#95,#149,#2109,.F.);
#2107=EDGE_CURVE('',#149,#93,#2110,.T.);
#2108=EDGE_CURVE('',#93,#95,#2111,.T.);
#2109=LINE('',#94,#2112);
#2110=LINE('',#148,#2113);
#2111=LINE('',#92,#2114);
#2112=VECTOR('',#2115,1.0);
#2113=VECTOR('',#2116,1.0);
#2114=VECTOR('',#2117,1.0);
#2115=DIRECTION('',(0.7099867539615945,-0.14117401170758448,0.6899193486324797));
#2116=DIRECTION('',(0,0,-1));
#2117=DIRECTION('',(-0.980798794165731,0.1950223714424785,0));
#2118=FACE_SURFACE('',(#2123),#2119,.T.);
#2119=PLANE('',#2120);
#2120=AXIS2_PLACEMENT_3D('',#96,#2121,#2122);
#2121=DIRECTION('',(0.3219455273935731,0.9467581937280892,-0));
#2122=DIRECTION('',(0,0,1));
#2123=FACE_BOUND('',#2124,.T.);
#2124=EDGE_LOOP('',(#2125,#2126,#2127));
#2125=ORIENTED_EDGE('',*,*,#2128,.T.);
#2126=ORIENTED_EDGE('',*,*,#2129,.T.);
#2127=ORIENTED_EDGE('',*,*,#2130,.T.);
#2128=EDGE_CURVE('',#97,#155,#2131,.F.);
#2129=EDGE_CURVE('',#155,#153,#2132,.T.);
#2130=EDGE_CURVE('',#153,#97,#2133,.T.);
#2131=LINE('',#96,#2134);
#2132=LINE('',#154,#2135);
#2133=LINE('',#152,#2136);
#2134=VECTOR('',#2137,1.0);
#2135=VECTOR('',#2138,1.0);
#2136=VECTOR('',#2139,1.0);
#2137=DIRECTION('',(0,0,1));
#2138=DIRECTION('',(0.9467581937280892,-0.3219455273935731,0));
#2139=DIRECTION('',(-0.6855465270252639,0.23312038877306931,-0.6896961966126043));
#2140=FACE_SURFACE('',(#2145),#2141,.T.);
#2141=PLANE('',#2142);
#2142=AXIS2_PLACEMENT_3D('',#96,#2143,#2144);
#2143=DIRECTION('',(0.3219455273935731,0.9467581937280892,0));
#2144=DIRECTION('',(0.6855465270252639,-0.23312038877306931,0.6896961966126043));
#2145=FACE_BOUND('',#2146,.T.);
#2146=EDGE_LOOP('',(#2147,#2148,#2149));
#2147=ORIENTED_EDGE('',*,*,#2150,.T.);
#2148=ORIENTED_EDGE('',*,*,#2151,.T.);
#2149=ORIENTED_EDGE('',*,*,#2152,.T.);
#2150=EDGE_CURVE('',#97,#153,#2153,.F.);
#2151=EDGE_CURVE('',#153,#95,#2154,.T.);
#2152=EDGE_CURVE('',#95,#97,#2155,.T.);
#2153=LINE('',#96,#2156);
#2154=LINE('',#152,#2157);
#2155=LINE('',#94,#2158);
#2156=VECTOR('',#2159,1.0);
#2157=VECTOR('',#2160,1.0);
#2158=VECTOR('',#2161,1.0);
#2159=DIRECTION('',(0.6855465270252639,-0.23312038877306931,0.6896961966126043));
#2160=DIRECTION('',(0,0,-1));
#2161=DIRECTION('',(-0.9467581937280892,0.3219455273935731,0));
#2162=FACE_SURFACE('',(#2167),#2163,.T.);
#2163=PLANE('',#2164);
#2164=AXIS2_PLACEMENT_3D('',#98,#2165,#2166);
#2165=DIRECTION('',(0.4422499259576045,0.8968918569094567,-0));
#2166=DIRECTION('',(0,0,1));
#2167=FACE_BOUND('',#2168,.T.);
#2168=EDGE_LOOP('',(#2169,#2170,#2171));
#2169=ORIENTED_EDGE('',*,*,#2172,.T.);
#2170=ORIENTED_EDGE('',*,*,#2173,.T.);
#2171=ORIENTED_EDGE('',*,*,#2174,.T.);
#2172=EDGE_CURVE('',#99,#157,#2175,.F.);
#2173=EDGE_CURVE('',#157,#155,#2176,.T.);
#2174=EDGE_CURVE('',#155,#99,#2177,.T.);
#2175=LINE('',#98,#2178);
#2176=LINE('',#156,#2179);
#2177=LINE('',#154,#2180);
#2178=VECTOR('',#2181,1.0);
#2179=VECTOR('',#2182,1.0);
#2180=VECTOR('',#2183,1.0);
#2181=DIRECTION('',(0,0,1));
#2182=DIRECTION('',(0.8968918569094566,-0.44224992595760443,0));
#2183=DIRECTION('',(-0.6495024230073556,0.32026425066905867,-0.6896212092525581));
#2184=FACE_SURFACE('',(#2189),#2185,.T.);
#2185=PLANE('',#2186);
#2186=AXIS2_PLACEMENT_3D('',#98,#2187,#2188);
#2187=DIRECTION('',(0.4422499259576045,0.8968918569094567,0));
#2188=DIRECTION('',(0.6495024230073556,-0.32026425066905867,0.6896212092525581));
#2189=FACE_BOUND('',#2190,.T.);
#2190=EDGE_LOOP('',(#2191,#2192,#2193));
#2191=ORIENTED_EDGE('',*,*,#2194,.T.);
#2192=ORIENTED_EDGE('',*,*,#2195,.T.);
#2193=ORIENTED_EDGE('',*,*,#2196,.T.);
#2194=EDGE_CURVE('',#99,#155,#2197,.F.);
#2195=EDGE_CURVE('',#155,#97,#2198,.T.);
#2196=EDGE_CURVE('',#97,#99,#2199,.T.);
#2197=LINE('',#98,#2200);
#2198=LINE('',#154,#2201);
#2199=LINE('',#96,#2202);
#2200=VECTOR('',#2203,1.0);
#2201=VECTOR('',#2204,1.0);
#2202=VECTOR('',#2205,1.0);
#2203=DIRECTION('',(0.6495024230073556,-0.32026425066905867,0.6896212092525581));
#2204=DIRECTION('',(0,0,-1));
#2205=DIRECTION('',(-0.8968918569094566,0.44224992595760443,0));
#2206=FACE_SURFACE('',(#2211),#2207,.T.);
#2207=PLANE('',#2208);
#2208=AXIS2_PLACEMENT_3D('',#100,#2209,#2210);
#2209=DIRECTION('',(0.5549154228041003,0.831906769736938,-0));
#2210=DIRECTION('',(0,0,1));
#2211=FACE_BOUND('',#2212,.T.);
#2212=EDGE_LOOP('',(#2213,#2214,#2215));
#2213=ORIENTED_EDGE('',*,*,#2216,.T.);
#2214=ORIENTED_EDGE('',*,*,#2217,.T.);
#2215=ORIENTED_EDGE('',*,*,#2218,.T.);
#2216=EDGE_CURVE('',#101,#159,#2219,.F.);
#2217=EDGE_CURVE('',#159,#157,#2220,.T.);
#2218=EDGE_CURVE('',#157,#101,#2221,.T.);
#2219=LINE('',#100,#2222);
#2220=LINE('',#158,#2223);
#2221=LINE('',#156,#2224);
#2222=VECTOR('',#2225,1.0);
#2223=VECTOR('',#2226,1.0);
#2224=VECTOR('',#2227,1.0);
#2225=DIRECTION('',(0,0,1));
#2226=DIRECTION('',(0.831906769736938,-0.5549154228041003,0));
#2227=DIRECTION('',(-0.602454993598012,0.40186181872110127,-0.6896050024057164));
#2228=FACE_SURFACE('',(#2233),#2229,.T.);
#2229=PLANE('',#2230);
#2230=AXIS2_PLACEMENT_3D('',#100,#2231,#2232);
#2231=DIRECTION('',(0.5549154228041003,0.831906769736938,0));
#2232=DIRECTION('',(0.602454993598012,-0.40186181872110127,0.6896050024057164));
#2233=FACE_BOUND('',#2234,.T.);
#2234=EDGE_LOOP('',(#2235,#2236,#2237));
#2235=ORIENTED_EDGE('',*,*,#2238,.T.);
#2236=ORIENTED_EDGE('',*,*,#2239,.T.);
#2237=ORIENTED_EDGE('',*,*,#2240,.T.);
#2238=EDGE_CURVE('',#101,#157,#2241,.F.);
#2239=EDGE_CURVE('',#157,#99,#2242,.T.);
#2240=EDGE_CURVE('',#99,#101,#2243,.T.);
#2241=LINE('',#100,#2244);
#2242=LINE('',#156,#2245);
#2243=LINE('',#98,#2246);
#2244=VECTOR('',#2247,1.0);
#2245=VECTOR('',#2248,1.0);
#2246=VECTOR('',#2249,1.0);
#2247=DIRECTION('',(0.602454993598012,-0.40186181872110127,0.6896050024057164));
#2248=DIRECTION('',(0,0,-1));
#2249=DIRECTION('',(-0.831906769736938,0.5549154228041003,0));
#2250=FACE_SURFACE('',(#2255),#2251,.T.);
#2251=PLANE('',#2252);
#2252=AXIS2_PLACEMENT_3D('',#102,#2253,#2254);
#2253=DIRECTION('',(0.6592502509864021,0.751923604214129,-0));
#2254=DIRECTION('',(0,0,1));
#2255=FACE_BOUND('',#2256,.T.);
#2256=EDGE_LOOP('',(#2257,#2258,#2259));
#2257=ORIENTED_EDGE('',*,*,#2260,.T.);
#2258=ORIENTED_EDGE('',*,*,#2261,.T.);
#2259=ORIENTED_EDGE('',*,*,#2262,.T.);
#2260=EDGE_CURVE('',#103,#161,#2263,.F.);
#2261=EDGE_CURVE('',#161,#159,#2264,.T.);
#2262=EDGE_CURVE('',#159,#103,#2265,.T.);
#2263=LINE('',#102,#2266);
#2264=LINE('',#160,#2267);
#2265=LINE('',#158,#2268);
#2266=VECTOR('',#2269,1.0);
#2267=VECTOR('',#2270,1.0);
#2268=VECTOR('',#2271,1.0);
#2269=DIRECTION('',(0,0,1));
#2270=DIRECTION('',(0.751923604214129,-0.659250250986402,0));
#2271=DIRECTION('',(-0.5444462975248467,0.47734418268063744,-0.689725133928321));
#2272=FACE_SURFACE('',(#2277),#2273,.T.);
#2273=PLANE('',#2274);
#2274=AXIS2_PLACEMENT_3D('',#102,#2275,#2276);
#2275=DIRECTION('',(0.6592502509864021,0.751923604214129,0));
#2276=DIRECTION('',(0.5444462975248467,-0.47734418268063744,0.689725133928321));
#2277=FACE_BOUND('',#2278,.T.);
#2278=EDGE_LOOP('',(#2279,#2280,#2281));
#2279=ORIENTED_EDGE('',*,*,#2282,.T.);
#2280=ORIENTED_EDGE('',*,*,#2283,.T.);
#2281=ORIENTED_EDGE('',*,*,#2284,.T.);
#2282=EDGE_CURVE('',#103,#159,#2285,.F.);
#2283=EDGE_CURVE('',#159,#101,#2286,.T.);
#2284=EDGE_CURVE('',#101,#103,#2287,.T.);
#2285=LINE('',#102,#2288);
#2286=LINE('',#158,#2289);
#2287=LINE('',#100,#2290);
#2288=VECTOR('',#2291,1.0);
#2289=VECTOR('',#2292,1.0);
#2290=VECTOR('',#2293,1.0);
#2291=DIRECTION('',(0.5444462975248467,-0.47734418268063744,0.689725133928321));
#2292=DIRECTION('',(0,0,-1));
#2293=DIRECTION('',(-0.751923604214129,0.659250250986402,0));
#2294=FACE_SURFACE('',(#2299),#2295,.T.);
#2295=PLANE('',#2296);
#2296=AXIS2_PLACEMENT_3D('',#104,#2297,#2298);
#2297=DIRECTION('',(0.751926994912514,0.6592463836243898,-0));
#2298=DIRECTION('',(0,0,1));
#2299=FACE_BOUND('',#2300,.T.);
#2300=EDGE_LOOP('',(#2301,#2302,#2303));
#2301=ORIENTED_EDGE('',*,*,#2304,.T.);
#2302=ORIENTED_EDGE('',*,*,#2305,.T.);
#2303=ORIENTED_EDGE('',*,*,#2306,.T.);
#2304=EDGE_CURVE('',#105,#163,#2307,.F.);
#2305=EDGE_CURVE('',#163,#161,#2308,.T.);
#2306=EDGE_CURVE('',#161,#105,#2309,.T.);
#2307=LINE('',#104,#2310);
#2308=LINE('',#162,#2311);
#2309=LINE('',#160,#2312);
#2310=VECTOR('',#2313,1.0);
#2311=VECTOR('',#2314,1.0);
#2312=VECTOR('',#2315,1.0);
#2313=DIRECTION('',(0,0,1));
#2314=DIRECTION('',(0.6592463836243898,-0.7519269949125139,0));
#2315=DIRECTION('',(-0.4773414591378829,0.5444488401186337,-0.6897250117848354));
#2316=FACE_SURFACE('',(#2321),#2317,.T.);
#2317=PLANE('',#2318);
#2318=AXIS2_PLACEMENT_3D('',#104,#2319,#2320);
#2319=DIRECTION('',(0.751926994912514,0.6592463836243898,0));
#2320=DIRECTION('',(0.4773414591378829,-0.5444488401186337,0.6897250117848354));
#2321=FACE_BOUND('',#2322,.T.);
#2322=EDGE_LOOP('',(#2323,#2324,#2325));
#2323=ORIENTED_EDGE('',*,*,#2326,.T.);
#2324=ORIENTED_EDGE('',*,*,#2327,.T.);
#2325=ORIENTED_EDGE('',*,*,#2328,.T.);
#2326=EDGE_CURVE('',#105,#161,#2329,.F.);
#2327=EDGE_CURVE('',#161,#103,#2330,.T.);
#2328=EDGE_CURVE('',#103,#105,#2331,.T.);
#2329=LINE('',#104,#2332);
#2330=LINE('',#160,#2333);
#2331=LINE('',#102,#2334);
#2332=VECTOR('',#2335,1.0);
#2333=VECTOR('',#2336,1.0);
#2334=VECTOR('',#2337,1.0);
#2335=DIRECTION('',(0.4773414591378829,-0.5444488401186337,0.6897250117848354));
#2336=DIRECTION('',(0,0,-1));
#2337=DIRECTION('',(-0.6592463836243898,0.7519269949125139,0));
#2338=FACE_SURFACE('',(#2343),#2339,.T.);
#2339=PLANE('',#2340);
#2340=AXIS2_PLACEMENT_3D('',#106,#2341,#2342);
#2341=DIRECTION('',(0.8318989179060686,0.5549271937711396,-0));
#2342=DIRECTION('',(0,0,1));
#2343=FACE_BOUND('',#2344,.T.);
#2344=EDGE_LOOP('',(#2345,#2346,#2347));
#2345=ORIENTED_EDGE('',*,*,#2348,.T.);
#2346=ORIENTED_EDGE('',*,*,#2349,.T.);
#2347=ORIENTED_EDGE('',*,*,#2350,.T.);
#2348=EDGE_CURVE('',#107,#165,#2351,.F.);
#2349=EDGE_CURVE('',#165,#163,#2352,.T.);
#2350=EDGE_CURVE('',#163,#107,#2353,.T.);
#2351=LINE('',#106,#2354);
#2352=LINE('',#164,#2355);
#2353=LINE('',#162,#2356);
#2354=VECTOR('',#2357,1.0);
#2355=VECTOR('',#2358,1.0);
#2356=VECTOR('',#2359,1.0);
#2357=DIRECTION('',(0,0,1));
#2358=DIRECTION('',(0.5549271937711396,-0.8318989179060686,0));
#2359=DIRECTION('',(-0.4018687988241875,0.6024469923885717,-0.6896079247612872));
#2360=FACE_SURFACE('',(#2365),#2361,.T.);
#2361=PLANE('',#2362);
#2362=AXIS2_PLACEMENT_3D('',#106,#2363,#2364);
#2363=DIRECTION('',(0.8318989179060686,0.5549271937711396,0));
#2364=DIRECTION('',(0.4018687988241875,-0.6024469923885717,0.6896079247612872));
#2365=FACE_BOUND('',#2366,.T.);
#2366=EDGE_LOOP('',(#2367,#2368,#2369));
#2367=ORIENTED_EDGE('',*,*,#2370,.T.);
#2368=ORIENTED_EDGE('',*,*,#2371,.T.);
#2369=ORIENTED_EDGE('',*,*,#2372,.T.);
#2370=EDGE_CURVE('',#107,#163,#2373,.F.);
#2371=EDGE_CURVE('',#163,#105,#2374,.T.);
#2372=EDGE_CURVE('',#105,#107,#2375,.T.);
#2373=LINE('',#106,#2376);
#2374=LINE('',#162,#2377);
#2375=LINE('',#104,#2378);
#2376=VECTOR('',#2379,1.0);
#2377=VECTOR('',#2380,1.0);
#2378=VECTOR('',#2381,1.0);
#2379=DIRECTION('',(0.4018687988241875,-0.6024469923885717,0.6896079247612872));
#2380=DIRECTION('',(0,0,-1));
#2381=DIRECTION('',(-0.5549271937711396,0.8318989179060686,0));
#2382=FACE_SURFACE('',(#2387),#2383,.T.);
#2383=PLANE('',#2384);
#2384=AXIS2_PLACEMENT_3D('',#166,#2385,#2386);
#2385=DIRECTION('',(-0.3219455273935731,0.9467581937280892,0));
#2386=DIRECTION('',(0,0,-1));
#2387=FACE_BOUND('',#2388,.T.);
#2388=EDGE_LOOP('',(#2389,#2390,#2391));
#2389=ORIENTED_EDGE('',*,*,#2392,.T.);
#2390=ORIENTED_EDGE('',*,*,#2393,.T.);
#2391=ORIENTED_EDGE('',*,*,#2394,.T.);
#2392=EDGE_CURVE('',#167,#111,#2395,.F.);
#2393=EDGE_CURVE('',#111,#109,#2396,.T.);
#2394=EDGE_CURVE('',#109,#167,#2397,.T.);
#2395=LINE('',#166,#2398);
#2396=LINE('',#110,#2399);
#2397=LINE('',#108,#2400);
#2398=VECTOR('',#2401,1.0);
#2399=VECTOR('',#2402,1.0);
#2400=VECTOR('',#2403,1.0);
#2401=DIRECTION('',(0,0,-1));
#2402=DIRECTION('',(-0.9467581937280892,-0.3219455273935731,0));
#2403=DIRECTION('',(0.6855465270252639,0.23312038877306931,0.6896961966126043));
#2404=FACE_SURFACE('',(#2409),#2405,.T.);
#2405=PLANE('',#2406);
#2406=AXIS2_PLACEMENT_3D('',#166,#2407,#2408);
#2407=DIRECTION('',(-0.3219455273935731,0.9467581937280892,0));
#2408=DIRECTION('',(-0.6855465270252639,-0.23312038877306931,-0.6896961966126043));
#2409=FACE_BOUND('',#2410,.T.);
#2410=EDGE_LOOP('',(#2411,#2412,#2413));
#2411=ORIENTED_EDGE('',*,*,#2414,.T.);
#2412=ORIENTED_EDGE('',*,*,#2415,.T.);
#2413=ORIENTED_EDGE('',*,*,#2416,.T.);
#2414=EDGE_CURVE('',#167,#109,#2417,.F.);
#2415=EDGE_CURVE('',#109,#169,#2418,.T.);
#2416=EDGE_CURVE('',#169,#167,#2419,.T.);
#2417=LINE('',#166,#2420);
#2418=LINE('',#108,#2421);
#2419=LINE('',#168,#2422);
#2420=VECTOR('',#2423,1.0);
#2421=VECTOR('',#2424,1.0);
#2422=VECTOR('',#2425,1.0);
#2423=DIRECTION('',(-0.6855465270252639,-0.23312038877306931,-0.6896961966126043));
#2424=DIRECTION('',(0,0,1));
#2425=DIRECTION('',(0.9467581937280892,0.3219455273935731,0));
#2426=FACE_SURFACE('',(#2431),#2427,.T.);
#2427=PLANE('',#2428);
#2428=AXIS2_PLACEMENT_3D('',#168,#2429,#2430);
#2429=DIRECTION('',(-0.1950223714424785,0.980798794165731,0));
#2430=DIRECTION('',(0,0,-1));
#2431=FACE_BOUND('',#2432,.T.);
#2432=EDGE_LOOP('',(#2433,#2434,#2435));
#2433=ORIENTED_EDGE('',*,*,#2436,.T.);
#2434=ORIENTED_EDGE('',*,*,#2437,.T.);
#2435=ORIENTED_EDGE('',*,*,#2438,.T.);
#2436=EDGE_CURVE('',#169,#109,#2439,.F.);
#2437=EDGE_CURVE('',#109,#117,#2440,.T.);
#2438=EDGE_CURVE('',#117,#169,#2441,.T.);
#2439=LINE('',#168,#2442);
#2440=LINE('',#108,#2443);
#2441=LINE('',#116,#2444);
#2442=VECTOR('',#2445,1.0);
#2443=VECTOR('',#2446,1.0);
#2444=VECTOR('',#2447,1.0);
#2445=DIRECTION('',(0,0,-1));
#2446=DIRECTION('',(-0.980798794165731,-0.1950223714424785,0));
#2447=DIRECTION('',(0.7099867539615945,0.14117401170758448,0.6899193486324797));
#2448=FACE_SURFACE('',(#2453),#2449,.T.);
#2449=PLANE('',#2450);
#2450=AXIS2_PLACEMENT_3D('',#168,#2451,#2452);
#2451=DIRECTION('',(-0.1950223714424785,0.980798794165731,0));
#2452=DIRECTION('',(-0.7099867539615945,-0.14117401170758448,-0.6899193486324797));
#2453=FACE_BOUND('',#2454,.T.);
#2454=EDGE_LOOP('',(#2455,#2456,#2457));
#2455=ORIENTED_EDGE('',*,*,#2458,.T.);
#2456=ORIENTED_EDGE('',*,*,#2459,.T.);
#2457=ORIENTED_EDGE('',*,*,#2460,.T.);
#2458=EDGE_CURVE('',#169,#117,#2461,.F.);
#2459=EDGE_CURVE('',#117,#171,#2462,.T.);
#2460=EDGE_CURVE('',#171,#169,#2463,.T.);
#2461=LINE('',#168,#2464);
#2462=LINE('',#116,#2465);
#2463=LINE('',#170,#2466);
#2464=VECTOR('',#2467,1.0);
#2465=VECTOR('',#2468,1.0);
#2466=VECTOR('',#2469,1.0);
#2467=DIRECTION('',(-0.7099867539615945,-0.14117401170758448,-0.6899193486324797));
#2468=DIRECTION('',(0,0,1));
#2469=DIRECTION('',(0.980798794165731,0.1950223714424785,0));
#2470=FACE_SURFACE('',(#2475),#2471,.T.);
#2471=PLANE('',#2472);
#2472=AXIS2_PLACEMENT_3D('',#170,#2473,#2474);
#2473=DIRECTION('',(-0.06492915974477163,0.9978898757953395,0));
#2474=DIRECTION('',(0,0,-1));
#2475=FACE_BOUND('',#2476,.T.);
#2476=EDGE_LOOP('',(#2477,#2478,#2479));
#2477=ORIENTED_EDGE('',*,*,#2480,.T.);
#2478=ORIENTED_EDGE('',*,*,#2481,.T.);
#2479=ORIENTED_EDGE('',*,*,#2482,.T.);
#2480=EDGE_CURVE('',#171,#117,#2483,.F.);
#2481=EDGE_CURVE('',#117,#115,#2484,.T.);
#2482=EDGE_CURVE('',#115,#171,#2485,.T.);
#2483=LINE('',#170,#2486);
#2484=LINE('',#116,#2487);
#2485=LINE('',#114,#2488);
#2486=VECTOR('',#2489,1.0);
#2487=VECTOR('',#2490,1.0);
#2488=VECTOR('',#2491,1.0);
#2489=DIRECTION('',(0,0,-1));
#2490=DIRECTION('',(-0.9978898757953395,-0.06492915974477163,0));
#2491=DIRECTION('',(0.7123820315513799,0.04635217557352086,0.7002594640148253));
#2492=FACE_SURFACE('',(#2497),#2493,.T.);
#2493=PLANE('',#2494);
#2494=AXIS2_PLACEMENT_3D('',#170,#2495,#2496);
#2495=DIRECTION('',(-0.06492915974477163,0.9978898757953395,0));
#2496=DIRECTION('',(-0.7123820315513799,-0.04635217557352086,-0.7002594640148253));
#2497=FACE_BOUND('',#2498,.T.);
#2498=EDGE_LOOP('',(#2499,#2500,#2501));
#2499=ORIENTED_EDGE('',*,*,#2502,.T.);
#2500=ORIENTED_EDGE('',*,*,#2503,.T.);
#2501=ORIENTED_EDGE('',*,*,#2504,.T.);
#2502=EDGE_CURVE('',#171,#115,#2505,.F.);
#2503=EDGE_CURVE('',#115,#173,#2506,.T.);
#2504=EDGE_CURVE('',#173,#171,#2507,.T.);
#2505=LINE('',#170,#2508);
#2506=LINE('',#114,#2509);
#2507=LINE('',#172,#2510);
#2508=VECTOR('',#2511,1.0);
#2509=VECTOR('',#2512,1.0);
#2510=VECTOR('',#2513,1.0);
#2511=DIRECTION('',(-0.7123820315513799,-0.04635217557352086,-0.7002594640148253));
#2512=DIRECTION('',(0,0,1));
#2513=DIRECTION('',(0.9978898757953395,0.06492915974477163,0));
#2514=FACE_SURFACE('',(#2519),#2515,.T.);
#2515=PLANE('',#2516);
#2516=AXIS2_PLACEMENT_3D('',#174,#2517,#2518);
#2517=DIRECTION('',(0.8968983304508239,0.4422367972416185,-0));
#2518=DIRECTION('',(0,0,1));
#2519=FACE_BOUND('',#2520,.T.);
#2520=EDGE_LOOP('',(#2521,#2522,#2523));
#2521=ORIENTED_EDGE('',*,*,#2524,.T.);
#2522=ORIENTED_EDGE('',*,*,#2525,.T.);
#2523=ORIENTED_EDGE('',*,*,#2526,.T.);
#2524=EDGE_CURVE('',#175,#177,#2527,.F.);
#2525=EDGE_CURVE('',#177,#165,#2528,.T.);
#2526=EDGE_CURVE('',#165,#175,#2529,.T.);
#2527=LINE('',#174,#2530);
#2528=LINE('',#176,#2531);
#2529=LINE('',#164,#2532);
#2530=VECTOR('',#2533,1.0);
#2531=VECTOR('',#2534,1.0);
#2532=VECTOR('',#2535,1.0);
#2533=DIRECTION('',(0,0,1));
#2534=DIRECTION('',(0.4422367972416186,-0.896898330450824,0));
#2535=DIRECTION('',(-0.32025550016347387,0.6495086460599975,-0.6896194119283129));
#2536=FACE_SURFACE('',(#2541),#2537,.T.);
#2537=PLANE('',#2538);
#2538=AXIS2_PLACEMENT_3D('',#174,#2539,#2540);
#2539=DIRECTION('',(0.8968983304508239,0.4422367972416185,0));
#2540=DIRECTION('',(0.32025550016347387,-0.6495086460599975,0.6896194119283129));
#2541=FACE_BOUND('',#2542,.T.);
#2542=EDGE_LOOP('',(#2543,#2544,#2545));
#2543=ORIENTED_EDGE('',*,*,#2546,.T.);
#2544=ORIENTED_EDGE('',*,*,#2547,.T.);
#2545=ORIENTED_EDGE('',*,*,#2548,.T.);
#2546=EDGE_CURVE('',#175,#165,#2549,.F.);
#2547=EDGE_CURVE('',#165,#107,#2550,.T.);
#2548=EDGE_CURVE('',#107,#175,#2551,.T.);
#2549=LINE('',#174,#2552);
#2550=LINE('',#164,#2553);
#2551=LINE('',#106,#2554);
#2552=VECTOR('',#2555,1.0);
#2553=VECTOR('',#2556,1.0);
#2554=VECTOR('',#2557,1.0);
#2555=DIRECTION('',(0.32025550016347387,-0.6495086460599975,0.6896194119283129));
#2556=DIRECTION('',(0,0,-1));
#2557=DIRECTION('',(-0.4422367972416186,0.896898330450824,0));
#2558=FACE_SURFACE('',(#2563),#2559,.T.);
#2559=PLANE('',#2560);
#2560=AXIS2_PLACEMENT_3D('',#178,#2561,#2562);
#2561=DIRECTION('',(0.9467555943029122,0.32195317152676023,-0));
#2562=DIRECTION('',(0,0,1));
#2563=FACE_BOUND('',#2564,.T.);
#2564=EDGE_LOOP('',(#2565,#2566,#2567));
#2565=ORIENTED_EDGE('',*,*,#2568,.T.);
#2566=ORIENTED_EDGE('',*,*,#2569,.T.);
#2567=ORIENTED_EDGE('',*,*,#2570,.T.);
#2568=EDGE_CURVE('',#179,#181,#2571,.F.);
#2569=EDGE_CURVE('',#181,#177,#2572,.T.);
#2570=EDGE_CURVE('',#177,#179,#2573,.T.);
#2571=LINE('',#178,#2574);
#2572=LINE('',#180,#2575);
#2573=LINE('',#176,#2576);
#2574=VECTOR('',#2577,1.0);
#2575=VECTOR('',#2578,1.0);
#2576=VECTOR('',#2579,1.0);
#2577=DIRECTION('',(0,0,1));
#2578=DIRECTION('',(0.3219531715267602,-0.9467555943029122,0));
#2579=DIRECTION('',(-0.23312580148413456,0.685544284856064,-0.6896965957459611));
#2580=FACE_SURFACE('',(#2585),#2581,.T.);
#2581=PLANE('',#2582);
#2582=AXIS2_PLACEMENT_3D('',#178,#2583,#2584);
#2583=DIRECTION('',(0.9467555943029122,0.32195317152676023,0));
#2584=DIRECTION('',(0.23312580148413456,-0.685544284856064,0.6896965957459611));
#2585=FACE_BOUND('',#2586,.T.);
#2586=EDGE_LOOP('',(#2587,#2588,#2589));
#2587=ORIENTED_EDGE('',*,*,#2590,.T.);
#2588=ORIENTED_EDGE('',*,*,#2591,.T.);
#2589=ORIENTED_EDGE('',*,*,#2592,.T.);
#2590=EDGE_CURVE('',#179,#177,#2593,.F.);
#2591=EDGE_CURVE('',#177,#175,#2594,.T.);
#2592=EDGE_CURVE('',#175,#179,#2595,.T.);
#2593=LINE('',#178,#2596);
#2594=LINE('',#176,#2597);
#2595=LINE('',#174,#2598);
#2596=VECTOR('',#2599,1.0);
#2597=VECTOR('',#2600,1.0);
#2598=VECTOR('',#2601,1.0);
#2599=DIRECTION('',(0.23312580148413456,-0.685544284856064,0.6896965957459611));
#2600=DIRECTION('',(0,0,-1));
#2601=DIRECTION('',(-0.3219531715267602,0.9467555943029122,0));
#2602=FACE_SURFACE('',(#2607),#2603,.T.);
#2603=PLANE('',#2604);
#2604=AXIS2_PLACEMENT_3D('',#182,#2605,#2606);
#2605=DIRECTION('',(0.9808009560173873,0.1950114988286058,-0));
#2606=DIRECTION('',(0,0,1));
#2607=FACE_BOUND('',#2608,.T.);
#2608=EDGE_LOOP('',(#2609,#2610,#2611));
#2609=ORIENTED_EDGE('',*,*,#2612,.T.);
#2610=ORIENTED_EDGE('',*,*,#2613,.T.);
#2611=ORIENTED_EDGE('',*,*,#2614,.T.);
#2612=EDGE_CURVE('',#183,#185,#2615,.F.);
#2613=EDGE_CURVE('',#185,#181,#2616,.T.);
#2614=EDGE_CURVE('',#181,#183,#2617,.T.);
#2615=LINE('',#182,#2618);
#2616=LINE('',#184,#2619);
#2617=LINE('',#180,#2620);
#2618=VECTOR('',#2621,1.0);
#2619=VECTOR('',#2622,1.0);
#2620=VECTOR('',#2623,1.0);
#2621=DIRECTION('',(0,0,1));
#2622=DIRECTION('',(0.1950114988286058,-0.9808009560173871,0));
#2623=DIRECTION('',(-0.14116611797961967,0.7099882022514072,-0.6899194734158319));
#2624=FACE_SURFACE('',(#2629),#2625,.T.);
#2625=PLANE('',#2626);
#2626=AXIS2_PLACEMENT_3D('',#182,#2627,#2628);
#2627=DIRECTION('',(0.9808009560173873,0.1950114988286058,0));
#2628=DIRECTION('',(0.14116611797961967,-0.7099882022514072,0.6899194734158319));
#2629=FACE_BOUND('',#2630,.T.);
#2630=EDGE_LOOP('',(#2631,#2632,#2633));
#2631=ORIENTED_EDGE('',*,*,#2634,.T.);
#2632=ORIENTED_EDGE('',*,*,#2635,.T.);
#2633=ORIENTED_EDGE('',*,*,#2636,.T.);
#2634=EDGE_CURVE('',#183,#181,#2637,.F.);
#2635=EDGE_CURVE('',#181,#179,#2638,.T.);
#2636=EDGE_CURVE('',#179,#183,#2639,.T.);
#2637=LINE('',#182,#2640);
#2638=LINE('',#180,#2641);
#2639=LINE('',#178,#2642);
#2640=VECTOR('',#2643,1.0);
#2641=VECTOR('',#2644,1.0);
#2642=VECTOR('',#2645,1.0);
#2643=DIRECTION('',(0.14116611797961967,-0.7099882022514072,0.6899194734158319));
#2644=DIRECTION('',(0,0,-1));
#2645=DIRECTION('',(-0.1950114988286058,0.9808009560173871,0));
#2646=FACE_SURFACE('',(#2651),#2647,.T.);
#2647=PLANE('',#2648);
#2648=AXIS2_PLACEMENT_3D('',#184,#2649,#2650);
#2649=DIRECTION('',(0.9978271840514916,0.06588558846872812,0));
#2650=DIRECTION('',(0,0,-1));
#2651=FACE_BOUND('',#2652,.T.);
#2652=EDGE_LOOP('',(#2653,#2654,#2655));
#2653=ORIENTED_EDGE('',*,*,#2656,.T.);
#2654=ORIENTED_EDGE('',*,*,#2657,.T.);
#2655=ORIENTED_EDGE('',*,*,#2658,.T.);
#2656=EDGE_CURVE('',#185,#183,#2659,.F.);
#2657=EDGE_CURVE('',#183,#187,#2660,.T.);
#2658=EDGE_CURVE('',#187,#185,#2661,.T.);
#2659=LINE('',#184,#2662);
#2660=LINE('',#182,#2663);
#2661=LINE('',#186,#2664);
#2662=VECTOR('',#2665,1.0);
#2663=VECTOR('',#2666,1.0);
#2664=VECTOR('',#2667,1.0);
#2665=DIRECTION('',(0,0,-1));
#2666=DIRECTION('',(-0.04771944111791463,0.7227036543477187,0.6895087257836894));
#2667=DIRECTION('',(0.06588558846872812,-0.9978271840514917,0));
#2668=FACE_SURFACE('',(#2673),#2669,.T.);
#2669=PLANE('',#2670);
#2670=AXIS2_PLACEMENT_3D('',#186,#2671,#2672);
#2671=DIRECTION('',(0.9978271840514916,-0.06588558846872812,0));
#2672=DIRECTION('',(0,0,-1));
#2673=FACE_BOUND('',#2674,.T.);
#2674=EDGE_LOOP('',(#2675,#2676,#2677));
#2675=ORIENTED_EDGE('',*,*,#2678,.T.);
#2676=ORIENTED_EDGE('',*,*,#2679,.T.);
#2677=ORIENTED_EDGE('',*,*,#2680,.T.);
#2678=EDGE_CURVE('',#187,#189,#2681,.F.);
#2679=EDGE_CURVE('',#189,#191,#2682,.T.);
#2680=EDGE_CURVE('',#191,#187,#2683,.T.);
#2681=LINE('',#186,#2684);
#2682=LINE('',#188,#2685);
#2683=LINE('',#190,#2686);
#2684=VECTOR('',#2687,1.0);
#2685=VECTOR('',#2688,1.0);
#2686=VECTOR('',#2689,1.0);
#2687=DIRECTION('',(0,0,-1));
#2688=DIRECTION('',(0.04771944111791463,0.7227036543477187,0.6895087257836894));
#2689=DIRECTION('',(-0.06588558846872812,-0.9978271840514917,0));
#2690=FACE_SURFACE('',(#2695),#2691,.T.);
#2691=PLANE('',#2692);
#2692=AXIS2_PLACEMENT_3D('',#192,#2693,#2694);
#2693=DIRECTION('',(0.9978271840514916,-0.06588558846872812,0));
#2694=DIRECTION('',(0,0,1));
#2695=FACE_BOUND('',#2696,.T.);
#2696=EDGE_LOOP('',(#2697,#2698,#2699));
#2697=ORIENTED_EDGE('',*,*,#2700,.T.);
#2698=ORIENTED_EDGE('',*,*,#2701,.T.);
#2699=ORIENTED_EDGE('',*,*,#2702,.T.);
#2700=EDGE_CURVE('',#193,#191,#2703,.F.);
#2701=EDGE_CURVE('',#191,#189,#2704,.T.);
#2702=EDGE_CURVE('',#189,#193,#2705,.T.);
#2703=LINE('',#192,#2706);
#2704=LINE('',#190,#2707);
#2705=LINE('',#188,#2708);
#2706=VECTOR('',#2709,1.0);
#2707=VECTOR('',#2710,1.0);
#2708=VECTOR('',#2711,1.0);
#2709=DIRECTION('',(0,0,1));
#2710=DIRECTION('',(-0.04771944111791463,-0.7227036543477187,-0.6895087257836894));
#2711=DIRECTION('',(0.06588558846872812,0.9978271840514917,0));
#2712=FACE_SURFACE('',(#2717),#2713,.T.);
#2713=PLANE('',#2714);
#2714=AXIS2_PLACEMENT_3D('',#194,#2715,#2716);
#2715=DIRECTION('',(0.9808009560173873,-0.1950114988286058,0));
#2716=DIRECTION('',(0,0,1));
#2717=FACE_BOUND('',#2718,.T.);
#2718=EDGE_LOOP('',(#2719,#2720,#2721));
#2719=ORIENTED_EDGE('',*,*,#2722,.T.);
#2720=ORIENTED_EDGE('',*,*,#2723,.T.);
#2721=ORIENTED_EDGE('',*,*,#2724,.T.);
#2722=EDGE_CURVE('',#195,#197,#2725,.F.);
#2723=EDGE_CURVE('',#197,#191,#2726,.T.);
#2724=EDGE_CURVE('',#191,#195,#2727,.T.);
#2725=LINE('',#194,#2728);
#2726=LINE('',#196,#2729);
#2727=LINE('',#190,#2730);
#2728=VECTOR('',#2731,1.0);
#2729=VECTOR('',#2732,1.0);
#2730=VECTOR('',#2733,1.0);
#2731=DIRECTION('',(0,0,1));
#2732=DIRECTION('',(-0.1950114988286058,-0.9808009560173871,0));
#2733=DIRECTION('',(0.14116611797961967,0.7099882022514072,-0.6899194734158319));
#2734=FACE_SURFACE('',(#2739),#2735,.T.);
#2735=PLANE('',#2736);
#2736=AXIS2_PLACEMENT_3D('',#194,#2737,#2738);
#2737=DIRECTION('',(0.9808009560173873,-0.1950114988286058,0));
#2738=DIRECTION('',(-0.14116611797961967,-0.7099882022514072,0.6899194734158319));
#2739=FACE_BOUND('',#2740,.T.);
#2740=EDGE_LOOP('',(#2741,#2742,#2743));
#2741=ORIENTED_EDGE('',*,*,#2744,.T.);
#2742=ORIENTED_EDGE('',*,*,#2745,.T.);
#2743=ORIENTED_EDGE('',*,*,#2746,.T.);
#2744=EDGE_CURVE('',#195,#191,#2747,.F.);
#2745=EDGE_CURVE('',#191,#193,#2748,.T.);
#2746=EDGE_CURVE('',#193,#195,#2749,.T.);
#2747=LINE('',#194,#2750);
#2748=LINE('',#190,#2751);
#2749=LINE('',#192,#2752);
#2750=VECTOR('',#2753,1.0);
#2751=VECTOR('',#2754,1.0);
#2752=VECTOR('',#2755,1.0);
#2753=DIRECTION('',(-0.14116611797961967,-0.7099882022514072,0.6899194734158319));
#2754=DIRECTION('',(0,0,-1));
#2755=DIRECTION('',(0.1950114988286058,0.9808009560173871,0));
#2756=FACE_SURFACE('',(#2761),#2757,.T.);
#2757=PLANE('',#2758);
#2758=AXIS2_PLACEMENT_3D('',#198,#2759,#2760);
#2759=DIRECTION('',(0.9467555943029122,-0.32195317152676023,0));
#2760=DIRECTION('',(0,0,1));
#2761=FACE_BOUND('',#2762,.T.);
#2762=EDGE_LOOP('',(#2763,#2764,#2765));
#2763=ORIENTED_EDGE('',*,*,#2766,.T.);
#2764=ORIENTED_EDGE('',*,*,#2767,.T.);
#2765=ORIENTED_EDGE('',*,*,#2768,.T.);
#2766=EDGE_CURVE('',#199,#201,#2769,.F.);
#2767=EDGE_CURVE('',#201,#197,#2770,.T.);
#2768=EDGE_CURVE('',#197,#199,#2771,.T.);
#2769=LINE('',#198,#2772);
#2770=LINE('',#200,#2773);
#2771=LINE('',#196,#2774);
#2772=VECTOR('',#2775,1.0);
#2773=VECTOR('',#2776,1.0);
#2774=VECTOR('',#2777,1.0);
#2775=DIRECTION('',(0,0,1));
#2776=DIRECTION('',(-0.3219531715267602,-0.9467555943029122,0));
#2777=DIRECTION('',(0.23312580148413456,0.685544284856064,-0.6896965957459611));
#2778=FACE_SURFACE('',(#2783),#2779,.T.);
#2779=PLANE('',#2780);
#2780=AXIS2_PLACEMENT_3D('',#198,#2781,#2782);
#2781=DIRECTION('',(0.9467555943029122,-0.32195317152676023,0));
#2782=DIRECTION('',(-0.23312580148413456,-0.685544284856064,0.6896965957459611));
#2783=FACE_BOUND('',#2784,.T.);
#2784=EDGE_LOOP('',(#2785,#2786,#2787));
#2785=ORIENTED_EDGE('',*,*,#2788,.T.);
#2786=ORIENTED_EDGE('',*,*,#2789,.T.);
#2787=ORIENTED_EDGE('',*,*,#2790,.T.);
#2788=EDGE_CURVE('',#199,#197,#2791,.F.);
#2789=EDGE_CURVE('',#197,#195,#2792,.T.);
#2790=EDGE_CURVE('',#195,#199,#2793,.T.);
#2791=LINE('',#198,#2794);
#2792=LINE('',#196,#2795);
#2793=LINE('',#194,#2796);
#2794=VECTOR('',#2797,1.0);
#2795=VECTOR('',#2798,1.0);
#2796=VECTOR('',#2799,1.0);
#2797=DIRECTION('',(-0.23312580148413456,-0.685544284856064,0.6896965957459611));
#2798=DIRECTION('',(0,0,-1));
#2799=DIRECTION('',(0.3219531715267602,0.9467555943029122,0));
#2800=FACE_SURFACE('',(#2805),#2801,.T.);
#2801=PLANE('',#2802);
#2802=AXIS2_PLACEMENT_3D('',#124,#2803,#2804);
#2803=DIRECTION('',(0.8968983304508239,-0.4422367972416185,0));
#2804=DIRECTION('',(0,0,1));
#2805=FACE_BOUND('',#2806,.T.);
#2806=EDGE_LOOP('',(#2807,#2808,#2809));
#2807=ORIENTED_EDGE('',*,*,#2810,.T.);
#2808=ORIENTED_EDGE('',*,*,#2811,.T.);
#2809=ORIENTED_EDGE('',*,*,#2812,.T.);
#2810=EDGE_CURVE('',#125,#203,#2813,.F.);
#2811=EDGE_CURVE('',#203,#201,#2814,.T.);
#2812=EDGE_CURVE('',#201,#125,#2815,.T.);
#2813=LINE('',#124,#2816);
#2814=LINE('',#202,#2817);
#2815=LINE('',#200,#2818);
#2816=VECTOR('',#2819,1.0);
#2817=VECTOR('',#2820,1.0);
#2818=VECTOR('',#2821,1.0);
#2819=DIRECTION('',(0,0,1));
#2820=DIRECTION('',(-0.4422367972416186,-0.896898330450824,0));
#2821=DIRECTION('',(0.32025550016347387,0.6495086460599975,-0.6896194119283129));
#2822=FACE_SURFACE('',(#2827),#2823,.T.);
#2823=PLANE('',#2824);
#2824=AXIS2_PLACEMENT_3D('',#124,#2825,#2826);
#2825=DIRECTION('',(0.8968983304508239,-0.4422367972416185,0));
#2826=DIRECTION('',(-0.32025550016347387,-0.6495086460599975,0.6896194119283129));
#2827=FACE_BOUND('',#2828,.T.);
#2828=EDGE_LOOP('',(#2829,#2830,#2831));
#2829=ORIENTED_EDGE('',*,*,#2832,.T.);
#2830=ORIENTED_EDGE('',*,*,#2833,.T.);
#2831=ORIENTED_EDGE('',*,*,#2834,.T.);
#2832=EDGE_CURVE('',#125,#201,#2835,.F.);
#2833=EDGE_CURVE('',#201,#199,#2836,.T.);
#2834=EDGE_CURVE('',#199,#125,#2837,.T.);
#2835=LINE('',#124,#2838);
#2836=LINE('',#200,#2839);
#2837=LINE('',#198,#2840);
#2838=VECTOR('',#2841,1.0);
#2839=VECTOR('',#2842,1.0);
#2840=VECTOR('',#2843,1.0);
#2841=DIRECTION('',(-0.32025550016347387,-0.6495086460599975,0.6896194119283129));
#2842=DIRECTION('',(0,0,-1));
#2843=DIRECTION('',(0.4422367972416186,0.896898330450824,0));
#2844=FACE_SURFACE('',(#2849),#2845,.T.);
#2845=PLANE('',#2846);
#2846=AXIS2_PLACEMENT_3D('',#202,#2847,#2848);
#2847=DIRECTION('',(0.8318989179060686,-0.5549271937711396,0));
#2848=DIRECTION('',(0,0,-1));
#2849=FACE_BOUND('',#2850,.T.);
#2850=EDGE_LOOP('',(#2851,#2852,#2853));
#2851=ORIENTED_EDGE('',*,*,#2854,.T.);
#2852=ORIENTED_EDGE('',*,*,#2855,.T.);
#2853=ORIENTED_EDGE('',*,*,#2856,.T.);
#2854=EDGE_CURVE('',#203,#125,#2857,.F.);
#2855=EDGE_CURVE('',#125,#205,#2858,.T.);
#2856=EDGE_CURVE('',#205,#203,#2859,.T.);
#2857=LINE('',#202,#2860);
#2858=LINE('',#124,#2861);
#2859=LINE('',#204,#2862);
#2860=VECTOR('',#2863,1.0);
#2861=VECTOR('',#2864,1.0);
#2862=VECTOR('',#2865,1.0);
#2863=DIRECTION('',(0,0,-1));
#2864=DIRECTION('',(0.4018687988241875,0.6024469923885717,0.6896079247612872));
#2865=DIRECTION('',(-0.5549271937711396,-0.8318989179060686,0));
#2866=FACE_SURFACE('',(#2871),#2867,.T.);
#2867=PLANE('',#2868);
#2868=AXIS2_PLACEMENT_3D('',#122,#2869,#2870);
#2869=DIRECTION('',(0.8318989179060686,-0.5549271937711396,0));
#2870=DIRECTION('',(0,0,1));
#2871=FACE_BOUND('',#2872,.T.);
#2872=EDGE_LOOP('',(#2873,#2874,#2875));
#2873=ORIENTED_EDGE('',*,*,#2876,.T.);
#2874=ORIENTED_EDGE('',*,*,#2877,.T.);
#2875=ORIENTED_EDGE('',*,*,#2878,.T.);
#2876=EDGE_CURVE('',#123,#205,#2879,.F.);
#2877=EDGE_CURVE('',#205,#125,#2880,.T.);
#2878=EDGE_CURVE('',#125,#123,#2881,.T.);
#2879=LINE('',#122,#2882);
#2880=LINE('',#204,#2883);
#2881=LINE('',#124,#2884);
#2882=VECTOR('',#2885,1.0);
#2883=VECTOR('',#2886,1.0);
#2884=VECTOR('',#2887,1.0);
#2885=DIRECTION('',(0,0,1));
#2886=DIRECTION('',(-0.4018687988241875,-0.6024469923885717,-0.6896079247612872));
#2887=DIRECTION('',(0.5549271937711396,0.8318989179060686,0));
#2888=FACE_SURFACE('',(#2893),#2889,.T.);
#2889=PLANE('',#2890);
#2890=AXIS2_PLACEMENT_3D('',#128,#2891,#2892);
#2891=DIRECTION('',(0.751926994912514,-0.6592463836243898,0));
#2892=DIRECTION('',(0,0,1));
#2893=FACE_BOUND('',#2894,.T.);
#2894=EDGE_LOOP('',(#2895,#2896,#2897));
#2895=ORIENTED_EDGE('',*,*,#2898,.T.);
#2896=ORIENTED_EDGE('',*,*,#2899,.T.);
#2897=ORIENTED_EDGE('',*,*,#2900,.T.);
#2898=EDGE_CURVE('',#129,#207,#2901,.F.);
#2899=EDGE_CURVE('',#207,#205,#2902,.T.);
#2900=EDGE_CURVE('',#205,#129,#2903,.T.);
#2901=LINE('',#128,#2904);
#2902=LINE('',#206,#2905);
#2903=LINE('',#204,#2906);
#2904=VECTOR('',#2907,1.0);
#2905=VECTOR('',#2908,1.0);
#2906=VECTOR('',#2909,1.0);
#2907=DIRECTION('',(0,0,1));
#2908=DIRECTION('',(-0.6592463836243898,-0.7519269949125139,0));
#2909=DIRECTION('',(0.4773414591378829,0.5444488401186337,-0.6897250117848354));
#2910=FACE_SURFACE('',(#2915),#2911,.T.);
#2911=PLANE('',#2912);
#2912=AXIS2_PLACEMENT_3D('',#128,#2913,#2914);
#2913=DIRECTION('',(0.751926994912514,-0.6592463836243898,0));
#2914=DIRECTION('',(-0.4773414591378829,-0.5444488401186337,0.6897250117848354));
#2915=FACE_BOUND('',#2916,.T.);
#2916=EDGE_LOOP('',(#2917,#2918,#2919));
#2917=ORIENTED_EDGE('',*,*,#2920,.T.);
#2918=ORIENTED_EDGE('',*,*,#2921,.T.);
#2919=ORIENTED_EDGE('',*,*,#2922,.T.);
#2920=EDGE_CURVE('',#129,#205,#2923,.F.);
#2921=EDGE_CURVE('',#205,#123,#2924,.T.);
#2922=EDGE_CURVE('',#123,#129,#2925,.T.);
#2923=LINE('',#128,#2926);
#2924=LINE('',#204,#2927);
#2925=LINE('',#122,#2928);
#2926=VECTOR('',#2929,1.0);
#2927=VECTOR('',#2930,1.0);
#2928=VECTOR('',#2931,1.0);
#2929=DIRECTION('',(-0.4773414591378829,-0.5444488401186337,0.6897250117848354));
#2930=DIRECTION('',(0,0,-1));
#2931=DIRECTION('',(0.6592463836243898,0.7519269949125139,0));
#2932=FACE_SURFACE('',(#2937),#2933,.T.);
#2933=PLANE('',#2934);
#2934=AXIS2_PLACEMENT_3D('',#132,#2935,#2936);
#2935=DIRECTION('',(0.6592502509864021,-0.751923604214129,0));
#2936=DIRECTION('',(0,0,1));
#2937=FACE_BOUND('',#2938,.T.);
#2938=EDGE_LOOP('',(#2939,#2940,#2941));
#2939=ORIENTED_EDGE('',*,*,#2942,.T.);
#2940=ORIENTED_EDGE('',*,*,#2943,.T.);
#2941=ORIENTED_EDGE('',*,*,#2944,.T.);
#2942=EDGE_CURVE('',#133,#209,#2945,.F.);
#2943=EDGE_CURVE('',#209,#207,#2946,.T.);
#2944=EDGE_CURVE('',#207,#133,#2947,.T.);
#2945=LINE('',#132,#2948);
#2946=LINE('',#208,#2949);
#2947=LINE('',#206,#2950);
#2948=VECTOR('',#2951,1.0);
#2949=VECTOR('',#2952,1.0);
#2950=VECTOR('',#2953,1.0);
#2951=DIRECTION('',(0,0,1));
#2952=DIRECTION('',(-0.751923604214129,-0.659250250986402,0));
#2953=DIRECTION('',(0.5444462975248467,0.47734418268063744,-0.689725133928321));
#2954=FACE_SURFACE('',(#2959),#2955,.T.);
#2955=PLANE('',#2956);
#2956=AXIS2_PLACEMENT_3D('',#132,#2957,#2958);
#2957=DIRECTION('',(0.6592502509864021,-0.751923604214129,0));
#2958=DIRECTION('',(-0.5444462975248467,-0.47734418268063744,0.689725133928321));
#2959=FACE_BOUND('',#2960,.T.);
#2960=EDGE_LOOP('',(#2961,#2962,#2963));
#2961=ORIENTED_EDGE('',*,*,#2964,.T.);
#2962=ORIENTED_EDGE('',*,*,#2965,.T.);
#2963=ORIENTED_EDGE('',*,*,#2966,.T.);
#2964=EDGE_CURVE('',#133,#207,#2967,.F.);
#2965=EDGE_CURVE('',#207,#129,#2968,.T.);
#2966=EDGE_CURVE('',#129,#133,#2969,.T.);
#2967=LINE('',#132,#2970);
#2968=LINE('',#206,#2971);
#2969=LINE('',#128,#2972);
#2970=VECTOR('',#2973,1.0);
#2971=VECTOR('',#2974,1.0);
#2972=VECTOR('',#2975,1.0);
#2973=DIRECTION('',(-0.5444462975248467,-0.47734418268063744,0.689725133928321));
#2974=DIRECTION('',(0,0,-1));
#2975=DIRECTION('',(0.751923604214129,0.659250250986402,0));
#2976=FACE_SURFACE('',(#2981),#2977,.T.);
#2977=PLANE('',#2978);
#2978=AXIS2_PLACEMENT_3D('',#130,#2979,#2980);
#2979=DIRECTION('',(0.5549154228041003,-0.831906769736938,0));
#2980=DIRECTION('',(0,0,1));
#2981=FACE_BOUND('',#2982,.T.);
#2982=EDGE_LOOP('',(#2983,#2984,#2985));
#2983=ORIENTED_EDGE('',*,*,#2986,.T.);
#2984=ORIENTED_EDGE('',*,*,#2987,.T.);
#2985=ORIENTED_EDGE('',*,*,#2988,.T.);
#2986=EDGE_CURVE('',#131,#211,#2989,.F.);
#2987=EDGE_CURVE('',#211,#209,#2990,.T.);
#2988=EDGE_CURVE('',#209,#131,#2991,.T.);
#2989=LINE('',#130,#2992);
#2990=LINE('',#210,#2993);
#2991=LINE('',#208,#2994);
#2992=VECTOR('',#2995,1.0);
#2993=VECTOR('',#2996,1.0);
#2994=VECTOR('',#2997,1.0);
#2995=DIRECTION('',(0,0,1));
#2996=DIRECTION('',(-0.831906769736938,-0.5549154228041003,0));
#2997=DIRECTION('',(0.602454993598012,0.40186181872110127,-0.6896050024057164));
#2998=FACE_SURFACE('',(#3003),#2999,.T.);
#2999=PLANE('',#3000);
#3000=AXIS2_PLACEMENT_3D('',#130,#3001,#3002);
#3001=DIRECTION('',(0.5549154228041003,-0.831906769736938,0));
#3002=DIRECTION('',(-0.602454993598012,-0.40186181872110127,0.6896050024057164));
#3003=FACE_BOUND('',#3004,.T.);
#3004=EDGE_LOOP('',(#3005,#3006,#3007));
#3005=ORIENTED_EDGE('',*,*,#3008,.T.);
#3006=ORIENTED_EDGE('',*,*,#3009,.T.);
#3007=ORIENTED_EDGE('',*,*,#3010,.T.);
#3008=EDGE_CURVE('',#131,#209,#3011,.F.);
#3009=EDGE_CURVE('',#209,#133,#3012,.T.);
#3010=EDGE_CURVE('',#133,#131,#3013,.T.);
#3011=LINE('',#130,#3014);
#3012=LINE('',#208,#3015);
#3013=LINE('',#132,#3016);
#3014=VECTOR('',#3017,1.0);
#3015=VECTOR('',#3018,1.0);
#3016=VECTOR('',#3019,1.0);
#3017=DIRECTION('',(-0.602454993598012,-0.40186181872110127,0.6896050024057164));
#3018=DIRECTION('',(0,0,-1));
#3019=DIRECTION('',(0.831906769736938,0.5549154228041003,0));
#3020=FACE_SURFACE('',(#3025),#3021,.T.);
#3021=PLANE('',#3022);
#3022=AXIS2_PLACEMENT_3D('',#134,#3023,#3024);
#3023=DIRECTION('',(0.4422499259576045,-0.8968918569094567,0));
#3024=DIRECTION('',(0,0,1));
#3025=FACE_BOUND('',#3026,.T.);
#3026=EDGE_LOOP('',(#3027,#3028,#3029));
#3027=ORIENTED_EDGE('',*,*,#3030,.T.);
#3028=ORIENTED_EDGE('',*,*,#3031,.T.);
#3029=ORIENTED_EDGE('',*,*,#3032,.T.);
#3030=EDGE_CURVE('',#135,#213,#3033,.F.);
#3031=EDGE_CURVE('',#213,#211,#3034,.T.);
#3032=EDGE_CURVE('',#211,#135,#3035,.T.);
#3033=LINE('',#134,#3036);
#3034=LINE('',#212,#3037);
#3035=LINE('',#210,#3038);
#3036=VECTOR('',#3039,1.0);
#3037=VECTOR('',#3040,1.0);
#3038=VECTOR('',#3041,1.0);
#3039=DIRECTION('',(0,0,1));
#3040=DIRECTION('',(-0.8968918569094566,-0.44224992595760443,0));
#3041=DIRECTION('',(0.6495024230073556,0.32026425066905867,-0.6896212092525581));
#3042=FACE_SURFACE('',(#3047),#3043,.T.);
#3043=PLANE('',#3044);
#3044=AXIS2_PLACEMENT_3D('',#134,#3045,#3046);
#3045=DIRECTION('',(0.4422499259576045,-0.8968918569094567,0));
#3046=DIRECTION('',(-0.6495024230073556,-0.32026425066905867,0.6896212092525581));
#3047=FACE_BOUND('',#3048,.T.);
#3048=EDGE_LOOP('',(#3049,#3050,#3051));
#3049=ORIENTED_EDGE('',*,*,#3052,.T.);
#3050=ORIENTED_EDGE('',*,*,#3053,.T.);
#3051=ORIENTED_EDGE('',*,*,#3054,.T.);
#3052=EDGE_CURVE('',#135,#211,#3055,.F.);
#3053=EDGE_CURVE('',#211,#131,#3056,.T.);
#3054=EDGE_CURVE('',#131,#135,#3057,.T.);
#3055=LINE('',#134,#3058);
#3056=LINE('',#210,#3059);
#3057=LINE('',#130,#3060);
#3058=VECTOR('',#3061,1.0);
#3059=VECTOR('',#3062,1.0);
#3060=VECTOR('',#3063,1.0);
#3061=DIRECTION('',(-0.6495024230073556,-0.32026425066905867,0.6896212092525581));
#3062=DIRECTION('',(0,0,-1));
#3063=DIRECTION('',(0.8968918569094566,0.44224992595760443,0));
#3064=FACE_SURFACE('',(#3069),#3065,.T.);
#3065=PLANE('',#3066);
#3066=AXIS2_PLACEMENT_3D('',#136,#3067,#3068);
#3067=DIRECTION('',(0.3219455273935731,-0.9467581937280892,0));
#3068=DIRECTION('',(0,0,1));
#3069=FACE_BOUND('',#3070,.T.);
#3070=EDGE_LOOP('',(#3071,#3072,#3073));
#3071=ORIENTED_EDGE('',*,*,#3074,.T.);
#3072=ORIENTED_EDGE('',*,*,#3075,.T.);
#3073=ORIENTED_EDGE('',*,*,#3076,.T.);
#3074=EDGE_CURVE('',#137,#215,#3077,.F.);
#3075=EDGE_CURVE('',#215,#213,#3078,.T.);
#3076=EDGE_CURVE('',#213,#137,#3079,.T.);
#3077=LINE('',#136,#3080);
#3078=LINE('',#214,#3081);
#3079=LINE('',#212,#3082);
#3080=VECTOR('',#3083,1.0);
#3081=VECTOR('',#3084,1.0);
#3082=VECTOR('',#3085,1.0);
#3083=DIRECTION('',(0,0,1));
#3084=DIRECTION('',(-0.9467581937280892,-0.3219455273935731,0));
#3085=DIRECTION('',(0.6855465270252639,0.23312038877306931,-0.6896961966126043));
#3086=FACE_SURFACE('',(#3091),#3087,.T.);
#3087=PLANE('',#3088);
#3088=AXIS2_PLACEMENT_3D('',#136,#3089,#3090);
#3089=DIRECTION('',(0.3219455273935731,-0.9467581937280892,0));
#3090=DIRECTION('',(-0.6855465270252639,-0.23312038877306931,0.6896961966126043));
#3091=FACE_BOUND('',#3092,.T.);
#3092=EDGE_LOOP('',(#3093,#3094,#3095));
#3093=ORIENTED_EDGE('',*,*,#3096,.T.);
#3094=ORIENTED_EDGE('',*,*,#3097,.T.);
#3095=ORIENTED_EDGE('',*,*,#3098,.T.);
#3096=EDGE_CURVE('',#137,#213,#3099,.F.);
#3097=EDGE_CURVE('',#213,#135,#3100,.T.);
#3098=EDGE_CURVE('',#135,#137,#3101,.T.);
#3099=LINE('',#136,#3102);
#3100=LINE('',#212,#3103);
#3101=LINE('',#134,#3104);
#3102=VECTOR('',#3105,1.0);
#3103=VECTOR('',#3106,1.0);
#3104=VECTOR('',#3107,1.0);
#3105=DIRECTION('',(-0.6855465270252639,-0.23312038877306931,0.6896961966126043));
#3106=DIRECTION('',(0,0,-1));
#3107=DIRECTION('',(0.9467581937280892,0.3219455273935731,0));
#3108=FACE_SURFACE('',(#3113),#3109,.T.);
#3109=PLANE('',#3110);
#3110=AXIS2_PLACEMENT_3D('',#138,#3111,#3112);
#3111=DIRECTION('',(0.1950223714424785,-0.980798794165731,0));
#3112=DIRECTION('',(0,0,1));
#3113=FACE_BOUND('',#3114,.T.);
#3114=EDGE_LOOP('',(#3115,#3116,#3117));
#3115=ORIENTED_EDGE('',*,*,#3118,.T.);
#3116=ORIENTED_EDGE('',*,*,#3119,.T.);
#3117=ORIENTED_EDGE('',*,*,#3120,.T.);
#3118=EDGE_CURVE('',#139,#217,#3121,.F.);
#3119=EDGE_CURVE('',#217,#215,#3122,.T.);
#3120=EDGE_CURVE('',#215,#139,#3123,.T.);
#3121=LINE('',#138,#3124);
#3122=LINE('',#216,#3125);
#3123=LINE('',#214,#3126);
#3124=VECTOR('',#3127,1.0);
#3125=VECTOR('',#3128,1.0);
#3126=VECTOR('',#3129,1.0);
#3127=DIRECTION('',(0,0,1));
#3128=DIRECTION('',(-0.980798794165731,-0.1950223714424785,0));
#3129=DIRECTION('',(0.7099867539615945,0.14117401170758448,-0.6899193486324797));
#3130=FACE_SURFACE('',(#3135),#3131,.T.);
#3131=PLANE('',#3132);
#3132=AXIS2_PLACEMENT_3D('',#138,#3133,#3134);
#3133=DIRECTION('',(0.1950223714424785,-0.980798794165731,0));
#3134=DIRECTION('',(-0.7099867539615945,-0.14117401170758448,0.6899193486324797));
#3135=FACE_BOUND('',#3136,.T.);
#3136=EDGE_LOOP('',(#3137,#3138,#3139));
#3137=ORIENTED_EDGE('',*,*,#3140,.T.);
#3138=ORIENTED_EDGE('',*,*,#3141,.T.);
#3139=ORIENTED_EDGE('',*,*,#3142,.T.);
#3140=EDGE_CURVE('',#139,#215,#3143,.F.);
#3141=EDGE_CURVE('',#215,#137,#3144,.T.);
#3142=EDGE_CURVE('',#137,#139,#3145,.T.);
#3143=LINE('',#138,#3146);
#3144=LINE('',#214,#3147);
#3145=LINE('',#136,#3148);
#3146=VECTOR('',#3149,1.0);
#3147=VECTOR('',#3150,1.0);
#3148=VECTOR('',#3151,1.0);
#3149=DIRECTION('',(-0.7099867539615945,-0.14117401170758448,0.6899193486324797));
#3150=DIRECTION('',(0,0,-1));
#3151=DIRECTION('',(0.980798794165731,0.1950223714424785,0));
#3152=FACE_SURFACE('',(#3157),#3153,.T.);
#3153=PLANE('',#3154);
#3154=AXIS2_PLACEMENT_3D('',#218,#3155,#3156);
#3155=DIRECTION('',(0.06587916955052969,-0.997827607865874,0));
#3156=DIRECTION('',(0,0,1));
#3157=FACE_BOUND('',#3158,.T.);
#3158=EDGE_LOOP('',(#3159,#3160,#3161));
#3159=ORIENTED_EDGE('',*,*,#3162,.T.);
#3160=ORIENTED_EDGE('',*,*,#3163,.T.);
#3161=ORIENTED_EDGE('',*,*,#3164,.T.);
#3162=EDGE_CURVE('',#219,#221,#3165,.F.);
#3163=EDGE_CURVE('',#221,#217,#3166,.T.);
#3164=EDGE_CURVE('',#217,#219,#3167,.T.);
#3165=LINE('',#218,#3168);
#3166=LINE('',#220,#3169);
#3167=LINE('',#216,#3170);
#3168=VECTOR('',#3171,1.0);
#3169=VECTOR('',#3172,1.0);
#3170=VECTOR('',#3173,1.0);
#3171=DIRECTION('',(0,0,1));
#3172=DIRECTION('',(-0.9978276078658741,-0.06587916955052969,0));
#3173=DIRECTION('',(0.7072444986607157,0.046694118175984116,-0.7054253174092352));
#3174=FACE_SURFACE('',(#3179),#3175,.T.);
#3175=PLANE('',#3176);
#3176=AXIS2_PLACEMENT_3D('',#218,#3177,#3178);
#3177=DIRECTION('',(0.06587916955052969,-0.997827607865874,0));
#3178=DIRECTION('',(-0.7072444986607157,-0.046694118175984116,0.7054253174092352));
#3179=FACE_BOUND('',#3180,.T.);
#3180=EDGE_LOOP('',(#3181,#3182,#3183));
#3181=ORIENTED_EDGE('',*,*,#3184,.T.);
#3182=ORIENTED_EDGE('',*,*,#3185,.T.);
#3183=ORIENTED_EDGE('',*,*,#3186,.T.);
#3184=EDGE_CURVE('',#219,#217,#3187,.F.);
#3185=EDGE_CURVE('',#217,#139,#3188,.T.);
#3186=EDGE_CURVE('',#139,#219,#3189,.T.);
#3187=LINE('',#218,#3190);
#3188=LINE('',#216,#3191);
#3189=LINE('',#138,#3192);
#3190=VECTOR('',#3193,1.0);
#3191=VECTOR('',#3194,1.0);
#3192=VECTOR('',#3195,1.0);
#3193=DIRECTION('',(-0.7072444986607157,-0.046694118175984116,0.7054253174092352));
#3194=DIRECTION('',(0,0,-1));
#3195=DIRECTION('',(0.9978276078658741,0.06587916955052969,0));
#3196=FACE_SURFACE('',(#3201),#3197,.T.);
#3197=PLANE('',#3198);
#3198=AXIS2_PLACEMENT_3D('',#144,#3199,#3200);
#3199=DIRECTION('',(-0.06587916955052969,-0.997827607865874,0));
#3200=DIRECTION('',(0,0,1));
#3201=FACE_BOUND('',#3202,.T.);
#3202=EDGE_LOOP('',(#3203,#3204,#3205));
#3203=ORIENTED_EDGE('',*,*,#3206,.T.);
#3204=ORIENTED_EDGE('',*,*,#3207,.T.);
#3205=ORIENTED_EDGE('',*,*,#3208,.T.);
#3206=EDGE_CURVE('',#145,#223,#3209,.F.);
#3207=EDGE_CURVE('',#223,#225,#3210,.T.);
#3208=EDGE_CURVE('',#225,#145,#3211,.T.);
#3209=LINE('',#144,#3212);
#3210=LINE('',#222,#3213);
#3211=LINE('',#224,#3214);
#3212=VECTOR('',#3215,1.0);
#3213=VECTOR('',#3216,1.0);
#3214=VECTOR('',#3217,1.0);
#3215=DIRECTION('',(0,0,1));
#3216=DIRECTION('',(-0.9978276078658741,0.06587916955052969,0));
#3217=DIRECTION('',(0.7072444986607157,-0.046694118175984116,-0.7054253174092352));
#3218=FACE_SURFACE('',(#3223),#3219,.T.);
#3219=PLANE('',#3220);
#3220=AXIS2_PLACEMENT_3D('',#144,#3221,#3222);
#3221=DIRECTION('',(-0.06587916955052969,-0.997827607865874,0));
#3222=DIRECTION('',(-0.7072444986607157,0.046694118175984116,0.7054253174092352));
#3223=FACE_BOUND('',#3224,.T.);
#3224=EDGE_LOOP('',(#3225,#3226,#3227));
#3225=ORIENTED_EDGE('',*,*,#3228,.T.);
#3226=ORIENTED_EDGE('',*,*,#3229,.T.);
#3227=ORIENTED_EDGE('',*,*,#3230,.T.);
#3228=EDGE_CURVE('',#145,#225,#3231,.F.);
#3229=EDGE_CURVE('',#225,#141,#3232,.T.);
#3230=EDGE_CURVE('',#141,#145,#3233,.T.);
#3231=LINE('',#144,#3234);
#3232=LINE('',#224,#3235);
#3233=LINE('',#140,#3236);
#3234=VECTOR('',#3237,1.0);
#3235=VECTOR('',#3238,1.0);
#3236=VECTOR('',#3239,1.0);
#3237=DIRECTION('',(-0.7072444986607157,0.046694118175984116,0.7054253174092352));
#3238=DIRECTION('',(0,0,-1));
#3239=DIRECTION('',(0.9978276078658741,-0.06587916955052969,0));
#3240=FACE_SURFACE('',(#3245),#3241,.T.);
#3241=PLANE('',#3242);
#3242=AXIS2_PLACEMENT_3D('',#146,#3243,#3244);
#3243=DIRECTION('',(-0.1950223714424785,-0.980798794165731,0));
#3244=DIRECTION('',(0,0,1));
#3245=FACE_BOUND('',#3246,.T.);
#3246=EDGE_LOOP('',(#3247,#3248,#3249));
#3247=ORIENTED_EDGE('',*,*,#3250,.T.);
#3248=ORIENTED_EDGE('',*,*,#3251,.T.);
#3249=ORIENTED_EDGE('',*,*,#3252,.T.);
#3250=EDGE_CURVE('',#147,#227,#3253,.F.);
#3251=EDGE_CURVE('',#227,#223,#3254,.T.);
#3252=EDGE_CURVE('',#223,#147,#3255,.T.);
#3253=LINE('',#146,#3256);
#3254=LINE('',#226,#3257);
#3255=LINE('',#222,#3258);
#3256=VECTOR('',#3259,1.0);
#3257=VECTOR('',#3260,1.0);
#3258=VECTOR('',#3261,1.0);
#3259=DIRECTION('',(0,0,1));
#3260=DIRECTION('',(-0.980798794165731,0.1950223714424785,0));
#3261=DIRECTION('',(0.7099867539615945,-0.14117401170758448,-0.6899193486324797));
#3262=FACE_SURFACE('',(#3267),#3263,.T.);
#3263=PLANE('',#3264);
#3264=AXIS2_PLACEMENT_3D('',#146,#3265,#3266);
#3265=DIRECTION('',(-0.1950223714424785,-0.980798794165731,0));
#3266=DIRECTION('',(-0.7099867539615945,0.14117401170758448,0.6899193486324797));
#3267=FACE_BOUND('',#3268,.T.);
#3268=EDGE_LOOP('',(#3269,#3270,#3271));
#3269=ORIENTED_EDGE('',*,*,#3272,.T.);
#3270=ORIENTED_EDGE('',*,*,#3273,.T.);
#3271=ORIENTED_EDGE('',*,*,#3274,.T.);
#3272=EDGE_CURVE('',#147,#223,#3275,.F.);
#3273=EDGE_CURVE('',#223,#145,#3276,.T.);
#3274=EDGE_CURVE('',#145,#147,#3277,.T.);
#3275=LINE('',#146,#3278);
#3276=LINE('',#222,#3279);
#3277=LINE('',#144,#3280);
#3278=VECTOR('',#3281,1.0);
#3279=VECTOR('',#3282,1.0);
#3280=VECTOR('',#3283,1.0);
#3281=DIRECTION('',(-0.7099867539615945,0.14117401170758448,0.6899193486324797));
#3282=DIRECTION('',(0,0,-1));
#3283=DIRECTION('',(0.980798794165731,-0.1950223714424785,0));
#3284=FACE_SURFACE('',(#3289),#3285,.T.);
#3285=PLANE('',#3286);
#3286=AXIS2_PLACEMENT_3D('',#38,#3287,#3288);
#3287=DIRECTION('',(-0.3219455273935731,-0.9467581937280892,0));
#3288=DIRECTION('',(0,0,1));
#3289=FACE_BOUND('',#3290,.T.);
#3290=EDGE_LOOP('',(#3291,#3292,#3293));
#3291=ORIENTED_EDGE('',*,*,#3294,.T.);
#3292=ORIENTED_EDGE('',*,*,#3295,.T.);
#3293=ORIENTED_EDGE('',*,*,#3296,.T.);
#3294=EDGE_CURVE('',#39,#229,#3297,.F.);
#3295=EDGE_CURVE('',#229,#227,#3298,.T.);
#3296=EDGE_CURVE('',#227,#39,#3299,.T.);
#3297=LINE('',#38,#3300);
#3298=LINE('',#228,#3301);
#3299=LINE('',#226,#3302);
#3300=VECTOR('',#3303,1.0);
#3301=VECTOR('',#3304,1.0);
#3302=VECTOR('',#3305,1.0);
#3303=DIRECTION('',(0,0,1));
#3304=DIRECTION('',(-0.9467581937280892,0.3219455273935731,0));
#3305=DIRECTION('',(0.6855465270252639,-0.23312038877306931,-0.6896961966126043));
#3306=FACE_SURFACE('',(#3311),#3307,.T.);
#3307=PLANE('',#3308);
#3308=AXIS2_PLACEMENT_3D('',#38,#3309,#3310);
#3309=DIRECTION('',(-0.3219455273935731,-0.9467581937280892,0));
#3310=DIRECTION('',(-0.6855465270252639,0.23312038877306931,0.6896961966126043));
#3311=FACE_BOUND('',#3312,.T.);
#3312=EDGE_LOOP('',(#3313,#3314,#3315));
#3313=ORIENTED_EDGE('',*,*,#3316,.T.);
#3314=ORIENTED_EDGE('',*,*,#3317,.T.);
#3315=ORIENTED_EDGE('',*,*,#3318,.T.);
#3316=EDGE_CURVE('',#39,#227,#3319,.F.);
#3317=EDGE_CURVE('',#227,#147,#3320,.T.);
#3318=EDGE_CURVE('',#147,#39,#3321,.T.);
#3319=LINE('',#38,#3322);
#3320=LINE('',#226,#3323);
#3321=LINE('',#146,#3324);
#3322=VECTOR('',#3325,1.0);
#3323=VECTOR('',#3326,1.0);
#3324=VECTOR('',#3327,1.0);
#3325=DIRECTION('',(-0.6855465270252639,0.23312038877306931,0.6896961966126043));
#3326=DIRECTION('',(0,0,-1));
#3327=DIRECTION('',(0.9467581937280892,-0.3219455273935731,0));
#3328=FACE_SURFACE('',(#3333),#3329,.T.);
#3329=PLANE('',#3330);
#3330=AXIS2_PLACEMENT_3D('',#38,#3331,#3332);
#3331=DIRECTION('',(-0.4422499259576045,-0.8968918569094567,0));
#3332=DIRECTION('',(0.6495024230073556,-0.32026425066905867,0.6896212092525581));
#3333=FACE_BOUND('',#3334,.T.);
#3334=EDGE_LOOP('',(#3335,#3336,#3337));
#3335=ORIENTED_EDGE('',*,*,#3338,.T.);
#3336=ORIENTED_EDGE('',*,*,#3339,.T.);
#3337=ORIENTED_EDGE('',*,*,#3340,.T.);
#3338=EDGE_CURVE('',#39,#37,#3341,.F.);
#3339=EDGE_CURVE('',#37,#229,#3342,.T.);
#3340=EDGE_CURVE('',#229,#39,#3343,.T.);
#3341=LINE('',#38,#3344);
#3342=LINE('',#36,#3345);
#3343=LINE('',#228,#3346);
#3344=VECTOR('',#3347,1.0);
#3345=VECTOR('',#3348,1.0);
#3346=VECTOR('',#3349,1.0);
#3347=DIRECTION('',(0.6495024230073556,-0.32026425066905867,0.6896212092525581));
#3348=DIRECTION('',(-0.8968918569094566,0.44224992595760443,0));
#3349=DIRECTION('',(0,0,-1));
#3350=FACE_SURFACE('',(#3355),#3351,.T.);
#3351=PLANE('',#3352);
#3352=AXIS2_PLACEMENT_3D('',#114,#3353,#3354);
#3353=DIRECTION('',(0,1,0));
#3354=DIRECTION('',(-0.38832384627134336,0,-0.9215229733528242));
#3355=FACE_BOUND('',#3356,.T.);
#3356=EDGE_LOOP('',(#3357,#3358,#3359));
#3357=ORIENTED_EDGE('',*,*,#3360,.T.);
#3358=ORIENTED_EDGE('',*,*,#3361,.T.);
#3359=ORIENTED_EDGE('',*,*,#3362,.T.);
#3360=EDGE_CURVE('',#115,#231,#3363,.F.);
#3361=EDGE_CURVE('',#231,#89,#3364,.T.);
#3362=EDGE_CURVE('',#89,#115,#3365,.T.);
#3363=LINE('',#114,#3366);
#3364=LINE('',#230,#3367);
#3365=LINE('',#88,#3368);
#3366=VECTOR('',#3369,1.0);
#3367=VECTOR('',#3370,1.0);
#3368=VECTOR('',#3371,1.0);
#3369=DIRECTION('',(-0.38832384627134336,0,-0.9215229733528242));
#3370=DIRECTION('',(0.38578758672065894,0,0.9225876315734186));
#3371=DIRECTION('',(1,0,0));
#3372=FACE_SURFACE('',(#3377),#3373,.T.);
#3373=PLANE('',#3374);
#3374=AXIS2_PLACEMENT_3D('',#112,#3375,#3376);
#3375=DIRECTION('',(0,1,0));
#3376=DIRECTION('',(0,0,-1));
#3377=FACE_BOUND('',#3378,.T.);
#3378=EDGE_LOOP('',(#3379,#3380,#3381));
#3379=ORIENTED_EDGE('',*,*,#3382,.T.);
#3380=ORIENTED_EDGE('',*,*,#3383,.T.);
#3381=ORIENTED_EDGE('',*,*,#3384,.T.);
#3382=EDGE_CURVE('',#113,#233,#3385,.F.);
#3383=EDGE_CURVE('',#233,#115,#3386,.T.);
#3384=EDGE_CURVE('',#115,#113,#3387,.T.);
#3385=LINE('',#112,#3388);
#3386=LINE('',#232,#3389);
#3387=LINE('',#114,#3390);
#3388=VECTOR('',#3391,1.0);
#3389=VECTOR('',#3392,1.0);
#3390=VECTOR('',#3393,1.0);
#3391=DIRECTION('',(0,0,-1));
#3392=DIRECTION('',(-0.5336864431295388,0,0.8456824347352507));
#3393=DIRECTION('',(1,0,0));
#3394=FACE_SURFACE('',(#3399),#3395,.T.);
#3395=PLANE('',#3396);
#3396=AXIS2_PLACEMENT_3D('',#90,#3397,#3398);
#3397=DIRECTION('',(-0,1,0));
#3398=DIRECTION('',(1,0,0));
#3399=FACE_BOUND('',#3400,.T.);
#3400=EDGE_LOOP('',(#3401,#3402,#3403));
#3401=ORIENTED_EDGE('',*,*,#3404,.T.);
#3402=ORIENTED_EDGE('',*,*,#3405,.T.);
#3403=ORIENTED_EDGE('',*,*,#3406,.T.);
#3404=EDGE_CURVE('',#91,#89,#3407,.F.);
#3405=EDGE_CURVE('',#89,#231,#3408,.T.);
#3406=EDGE_CURVE('',#231,#91,#3409,.T.);
#3407=LINE('',#90,#3410);
#3408=LINE('',#88,#3411);
#3409=LINE('',#230,#3412);
#3410=VECTOR('',#3413,1.0);
#3411=VECTOR('',#3414,1.0);
#3412=VECTOR('',#3415,1.0);
#3413=DIRECTION('',(1,0,0));
#3414=DIRECTION('',(-0.38578758672065894,0,-0.9225876315734186));
#3415=DIRECTION('',(0,0,1));
#3416=FACE_SURFACE('',(#3421),#3417,.T.);
#3417=PLANE('',#3418);
#3418=AXIS2_PLACEMENT_3D('',#150,#3419,#3420);
#3419=DIRECTION('',(-0,1,0));
#3420=DIRECTION('',(1,0,0));
#3421=FACE_BOUND('',#3422,.T.);
#3422=EDGE_LOOP('',(#3423,#3424,#3425));
#3423=ORIENTED_EDGE('',*,*,#3426,.T.);
#3424=ORIENTED_EDGE('',*,*,#3427,.T.);
#3425=ORIENTED_EDGE('',*,*,#3428,.T.);
#3426=EDGE_CURVE('',#151,#173,#3429,.F.);
#3427=EDGE_CURVE('',#173,#115,#3430,.T.);
#3428=EDGE_CURVE('',#115,#151,#3431,.T.);
#3429=LINE('',#150,#3432);
#3430=LINE('',#172,#3433);
#3431=LINE('',#114,#3434);
#3432=VECTOR('',#3435,1.0);
#3433=VECTOR('',#3436,1.0);
#3434=VECTOR('',#3437,1.0);
#3435=DIRECTION('',(1,0,0));
#3436=DIRECTION('',(0,0,-1));
#3437=DIRECTION('',(-0.0615495733381356,0,0.998104027655381));
#3438=FACE_SURFACE('',(#3443),#3439,.T.);
#3439=PLANE('',#3440);
#3440=AXIS2_PLACEMENT_3D('',#150,#3441,#3442);
#3441=DIRECTION('',(0,1,0));
#3442=DIRECTION('',(0.0615495733381356,0,-0.998104027655381));
#3443=FACE_BOUND('',#3444,.T.);
#3444=EDGE_LOOP('',(#3445,#3446,#3447));
#3445=ORIENTED_EDGE('',*,*,#3448,.T.);
#3446=ORIENTED_EDGE('',*,*,#3449,.T.);
#3447=ORIENTED_EDGE('',*,*,#3450,.T.);
#3448=EDGE_CURVE('',#151,#115,#3451,.F.);
#3449=EDGE_CURVE('',#115,#89,#3452,.T.);
#3450=EDGE_CURVE('',#89,#151,#3453,.T.);
#3451=LINE('',#150,#3454);
#3452=LINE('',#114,#3455);
#3453=LINE('',#88,#3456);
#3454=VECTOR('',#3457,1.0);
#3455=VECTOR('',#3458,1.0);
#3456=VECTOR('',#3459,1.0);
#3457=DIRECTION('',(0.0615495733381356,0,-0.998104027655381));
#3458=DIRECTION('',(-1,0,0));
#3459=DIRECTION('',(0,0,1));
#3460=FACE_SURFACE('',(#3465),#3461,.T.);
#3461=PLANE('',#3462);
#3462=AXIS2_PLACEMENT_3D('',#234,#3463,#3464);
#3463=DIRECTION('',(0,0,1));
#3464=DIRECTION('',(-1,0,0));
#3465=FACE_BOUND('',#3466,.T.);
#3466=EDGE_LOOP('',(#3467,#3468,#3469));
#3467=ORIENTED_EDGE('',*,*,#3470,.T.);
#3468=ORIENTED_EDGE('',*,*,#3471,.T.);
#3469=ORIENTED_EDGE('',*,*,#3472,.T.);
#3470=EDGE_CURVE('',#235,#173,#3473,.F.);
#3471=EDGE_CURVE('',#173,#237,#3474,.T.);
#3472=EDGE_CURVE('',#237,#235,#3475,.T.);
#3473=LINE('',#234,#3476);
#3474=LINE('',#172,#3477);
#3475=LINE('',#236,#3478);
#3476=VECTOR('',#3479,1.0);
#3477=VECTOR('',#3480,1.0);
#3478=VECTOR('',#3481,1.0);
#3479=DIRECTION('',(-1,0,0));
#3480=DIRECTION('',(0.9486220544920675,-0.3164114374216724,0));
#3481=DIRECTION('',(0,1,0));
#3482=FACE_SURFACE('',(#3487),#3483,.T.);
#3483=PLANE('',#3484);
#3484=AXIS2_PLACEMENT_3D('',#238,#3485,#3486);
#3485=DIRECTION('',(0,0,1));
#3486=DIRECTION('',(1,0,0));
#3487=FACE_BOUND('',#3488,.T.);
#3488=EDGE_LOOP('',(#3489,#3490,#3491));
#3489=ORIENTED_EDGE('',*,*,#3492,.T.);
#3490=ORIENTED_EDGE('',*,*,#3493,.T.);
#3491=ORIENTED_EDGE('',*,*,#3494,.T.);
#3492=EDGE_CURVE('',#239,#237,#3495,.F.);
#3493=EDGE_CURVE('',#237,#173,#3496,.T.);
#3494=EDGE_CURVE('',#173,#239,#3497,.T.);
#3495=LINE('',#238,#3498);
#3496=LINE('',#236,#3499);
#3497=LINE('',#172,#3500);
#3498=VECTOR('',#3501,1.0);
#3499=VECTOR('',#3502,1.0);
#3500=VECTOR('',#3503,1.0);
#3501=DIRECTION('',(1,0,0));
#3502=DIRECTION('',(-0.9486220544920675,0.3164114374216724,0));
#3503=DIRECTION('',(-0.894600104933081,-0.4468676003624795,0));
#3504=FACE_SURFACE('',(#3509),#3505,.T.);
#3505=PLANE('',#3506);
#3506=AXIS2_PLACEMENT_3D('',#172,#3507,#3508);
#3507=DIRECTION('',(0,0,1));
#3508=DIRECTION('',(-1,0,0));
#3509=FACE_BOUND('',#3510,.T.);
#3510=EDGE_LOOP('',(#3511,#3512,#3513));
#3511=ORIENTED_EDGE('',*,*,#3514,.T.);
#3512=ORIENTED_EDGE('',*,*,#3515,.T.);
#3513=ORIENTED_EDGE('',*,*,#3516,.T.);
#3514=EDGE_CURVE('',#173,#151,#3517,.F.);
#3515=EDGE_CURVE('',#151,#239,#3518,.T.);
#3516=EDGE_CURVE('',#239,#173,#3519,.T.);
#3517=LINE('',#172,#3520);
#3518=LINE('',#150,#3521);
#3519=LINE('',#238,#3522);
#3520=VECTOR('',#3523,1.0);
#3521=VECTOR('',#3524,1.0);
#3522=VECTOR('',#3525,1.0);
#3523=DIRECTION('',(-1,0,0));
#3524=DIRECTION('',(-0.8932157862911897,-0.4496282454653087,0));
#3525=DIRECTION('',(0.894600104933081,0.4468676003624795,0));
#3526=FACE_SURFACE('',(#3531),#3527,.T.);
#3527=PLANE('',#3528);
#3528=AXIS2_PLACEMENT_3D('',#150,#3529,#3530);
#3529=DIRECTION('',(0,0,1));
#3530=DIRECTION('',(-1,0,0));
#3531=FACE_BOUND('',#3532,.T.);
#3532=EDGE_LOOP('',(#3533,#3534,#3535));
#3533=ORIENTED_EDGE('',*,*,#3536,.T.);
#3534=ORIENTED_EDGE('',*,*,#3537,.T.);
#3535=ORIENTED_EDGE('',*,*,#3538,.T.);
#3536=EDGE_CURVE('',#151,#241,#3539,.F.);
#3537=EDGE_CURVE('',#241,#239,#3540,.T.);
#3538=EDGE_CURVE('',#239,#151,#3541,.T.);
#3539=LINE('',#150,#3542);
#3540=LINE('',#240,#3543);
#3541=LINE('',#238,#3544);
#3542=VECTOR('',#3545,1.0);
#3543=VECTOR('',#3546,1.0);
#3544=VECTOR('',#3547,1.0);
#3545=DIRECTION('',(-1,0,0));
#3546=DIRECTION('',(0,-1,0));
#3547=DIRECTION('',(0.8932157862911897,0.4496282454653087,0));
#3548=FACE_SURFACE('',(#3553),#3549,.T.);
#3549=PLANE('',#3550);
#3550=AXIS2_PLACEMENT_3D('',#218,#3551,#3552);
#3551=DIRECTION('',(-0,-1,0));
#3552=DIRECTION('',(-1,0,0));
#3553=FACE_BOUND('',#3554,.T.);
#3554=EDGE_LOOP('',(#3555,#3556,#3557));
#3555=ORIENTED_EDGE('',*,*,#3558,.T.);
#3556=ORIENTED_EDGE('',*,*,#3559,.T.);
#3557=ORIENTED_EDGE('',*,*,#3560,.T.);
#3558=EDGE_CURVE('',#219,#127,#3561,.F.);
#3559=EDGE_CURVE('',#127,#243,#3562,.T.);
#3560=EDGE_CURVE('',#243,#219,#3563,.T.);
#3561=LINE('',#218,#3564);
#3562=LINE('',#126,#3565);
#3563=LINE('',#242,#3566);
#3564=VECTOR('',#3567,1.0);
#3565=VECTOR('',#3568,1.0);
#3566=VECTOR('',#3569,1.0);
#3567=DIRECTION('',(-1,0,0));
#3568=DIRECTION('',(0,0,-1));
#3569=DIRECTION('',(0.41216682333675453,0,0.9111083962627545));
#3570=FACE_SURFACE('',(#3575),#3571,.T.);
#3571=PLANE('',#3572);
#3572=AXIS2_PLACEMENT_3D('',#142,#3573,#3574);
#3573=DIRECTION('',(-0,-1,-0));
#3574=DIRECTION('',(-1,0,0));
#3575=FACE_BOUND('',#3576,.T.);
#3576=EDGE_LOOP('',(#3577,#3578,#3579));
#3577=ORIENTED_EDGE('',*,*,#3580,.T.);
#3578=ORIENTED_EDGE('',*,*,#3581,.T.);
#3579=ORIENTED_EDGE('',*,*,#3582,.T.);
#3580=EDGE_CURVE('',#143,#141,#3583,.F.);
#3581=EDGE_CURVE('',#141,#245,#3584,.T.);
#3582=EDGE_CURVE('',#245,#143,#3585,.T.);
#3583=LINE('',#142,#3586);
#3584=LINE('',#140,#3587);
#3585=LINE('',#244,#3588);
#3586=VECTOR('',#3589,1.0);
#3587=VECTOR('',#3590,1.0);
#3588=VECTOR('',#3591,1.0);
#3589=DIRECTION('',(-1,0,0));
#3590=DIRECTION('',(0.5115259577172986,0,-0.8592678247097354));
#3591=DIRECTION('',(0,0,1));
#3592=FACE_SURFACE('',(#3597),#3593,.T.);
#3593=PLANE('',#3594);
#3594=AXIS2_PLACEMENT_3D('',#218,#3595,#3596);
#3595=DIRECTION('',(0,-1,-0));
#3596=DIRECTION('',(-0.41216682333675453,0,-0.9111083962627545));
#3597=FACE_BOUND('',#3598,.T.);
#3598=EDGE_LOOP('',(#3599,#3600,#3601));
#3599=ORIENTED_EDGE('',*,*,#3602,.T.);
#3600=ORIENTED_EDGE('',*,*,#3603,.T.);
#3601=ORIENTED_EDGE('',*,*,#3604,.T.);
#3602=EDGE_CURVE('',#219,#243,#3605,.F.);
#3603=EDGE_CURVE('',#243,#141,#3606,.T.);
#3604=EDGE_CURVE('',#141,#219,#3607,.T.);
#3605=LINE('',#218,#3608);
#3606=LINE('',#242,#3609);
#3607=LINE('',#140,#3610);
#3608=VECTOR('',#3611,1.0);
#3609=VECTOR('',#3612,1.0);
#3610=VECTOR('',#3613,1.0);
#3611=DIRECTION('',(-0.41216682333675453,0,-0.9111083962627545));
#3612=DIRECTION('',(0.41577328642780487,0,0.9094682920767619));
#3613=DIRECTION('',(-1,0,0));
#3614=FACE_SURFACE('',(#3619),#3615,.T.);
#3615=PLANE('',#3616);
#3616=AXIS2_PLACEMENT_3D('',#244,#3617,#3618);
#3617=DIRECTION('',(0,-1,0));
#3618=DIRECTION('',(-0.5115259577172986,0,0.8592678247097354));
#3619=FACE_BOUND('',#3620,.T.);
#3620=EDGE_LOOP('',(#3621,#3622,#3623));
#3621=ORIENTED_EDGE('',*,*,#3624,.T.);
#3622=ORIENTED_EDGE('',*,*,#3625,.T.);
#3623=ORIENTED_EDGE('',*,*,#3626,.T.);
#3624=EDGE_CURVE('',#245,#141,#3627,.F.);
#3625=EDGE_CURVE('',#141,#243,#3628,.T.);
#3626=EDGE_CURVE('',#243,#245,#3629,.T.);
#3627=LINE('',#244,#3630);
#3628=LINE('',#140,#3631);
#3629=LINE('',#242,#3632);
#3630=VECTOR('',#3633,1.0);
#3631=VECTOR('',#3634,1.0);
#3632=VECTOR('',#3635,1.0);
#3633=DIRECTION('',(-0.5115259577172986,0,0.8592678247097354));
#3634=DIRECTION('',(-0.41577328642780487,0,-0.9094682920767619));
#3635=DIRECTION('',(1,0,0));
#3636=FACE_SURFACE('',(#3641),#3637,.T.);
#3637=PLANE('',#3638);
#3638=AXIS2_PLACEMENT_3D('',#224,#3639,#3640);
#3639=DIRECTION('',(-0,-1,0));
#3640=DIRECTION('',(-1,0,0));
#3641=FACE_BOUND('',#3642,.T.);
#3642=EDGE_LOOP('',(#3643,#3644,#3645));
#3643=ORIENTED_EDGE('',*,*,#3646,.T.);
#3644=ORIENTED_EDGE('',*,*,#3647,.T.);
#3645=ORIENTED_EDGE('',*,*,#3648,.T.);
#3646=EDGE_CURVE('',#225,#221,#3649,.F.);
#3647=EDGE_CURVE('',#221,#219,#3650,.T.);
#3648=EDGE_CURVE('',#219,#225,#3651,.T.);
#3649=LINE('',#224,#3652);
#3650=LINE('',#220,#3653);
#3651=LINE('',#218,#3654);
#3652=VECTOR('',#3655,1.0);
#3653=VECTOR('',#3656,1.0);
#3654=VECTOR('',#3657,1.0);
#3655=DIRECTION('',(-1,0,0));
#3656=DIRECTION('',(0,0,-1));
#3657=DIRECTION('',(0.09075579367225436,0,0.9958731776260065));
#3658=FACE_SURFACE('',(#3663),#3659,.T.);
#3659=PLANE('',#3660);
#3660=AXIS2_PLACEMENT_3D('',#224,#3661,#3662);
#3661=DIRECTION('',(0,-1,-0));
#3662=DIRECTION('',(-0.09075579367225436,0,-0.9958731776260065));
#3663=FACE_BOUND('',#3664,.T.);
#3664=EDGE_LOOP('',(#3665,#3666,#3667));
#3665=ORIENTED_EDGE('',*,*,#3668,.T.);
#3666=ORIENTED_EDGE('',*,*,#3669,.T.);
#3667=ORIENTED_EDGE('',*,*,#3670,.T.);
#3668=EDGE_CURVE('',#225,#219,#3671,.F.);
#3669=EDGE_CURVE('',#219,#141,#3672,.T.);
#3670=EDGE_CURVE('',#141,#225,#3673,.T.);
#3671=LINE('',#224,#3674);
#3672=LINE('',#218,#3675);
#3673=LINE('',#140,#3676);
#3674=VECTOR('',#3677,1.0);
#3675=VECTOR('',#3678,1.0);
#3676=VECTOR('',#3679,1.0);
#3677=DIRECTION('',(-0.09075579367225436,0,-0.9958731776260065));
#3678=DIRECTION('',(1,0,0));
#3679=DIRECTION('',(0,0,1));
#3680=FACE_SURFACE('',(#3685),#3681,.T.);
#3681=PLANE('',#3682);
#3682=AXIS2_PLACEMENT_3D('',#242,#3683,#3684);
#3683=DIRECTION('',(0,0,-1));
#3684=DIRECTION('',(0,1,0));
#3685=FACE_BOUND('',#3686,.T.);
#3686=EDGE_LOOP('',(#3687,#3688,#3689));
#3687=ORIENTED_EDGE('',*,*,#3690,.T.);
#3688=ORIENTED_EDGE('',*,*,#3691,.T.);
#3689=ORIENTED_EDGE('',*,*,#3692,.T.);
#3690=EDGE_CURVE('',#243,#247,#3693,.F.);
#3691=EDGE_CURVE('',#247,#245,#3694,.T.);
#3692=EDGE_CURVE('',#245,#243,#3695,.T.);
#3693=LINE('',#242,#3696);
#3694=LINE('',#246,#3697);
#3695=LINE('',#244,#3698);
#3696=VECTOR('',#3699,1.0);
#3697=VECTOR('',#3700,1.0);
#3698=VECTOR('',#3701,1.0);
#3699=DIRECTION('',(0,1,0));
#3700=DIRECTION('',(0.9805806720941711,-0.19611615312192807,0));
#3701=DIRECTION('',(-1,0,0));
#3702=FACE_SURFACE('',(#3707),#3703,.T.);
#3703=PLANE('',#3704);
#3704=AXIS2_PLACEMENT_3D('',#248,#3705,#3706);
#3705=DIRECTION('',(-0,-0,-1));
#3706=DIRECTION('',(0,-1,0));
#3707=FACE_BOUND('',#3708,.T.);
#3708=EDGE_LOOP('',(#3709,#3710,#3711));
#3709=ORIENTED_EDGE('',*,*,#3712,.T.);
#3710=ORIENTED_EDGE('',*,*,#3713,.T.);
#3711=ORIENTED_EDGE('',*,*,#3714,.T.);
#3712=EDGE_CURVE('',#249,#245,#3715,.F.);
#3713=EDGE_CURVE('',#245,#247,#3716,.T.);
#3714=EDGE_CURVE('',#247,#249,#3717,.T.);
#3715=LINE('',#248,#3718);
#3716=LINE('',#244,#3719);
#3717=LINE('',#246,#3720);
#3718=VECTOR('',#3721,1.0);
#3719=VECTOR('',#3722,1.0);
#3720=VECTOR('',#3723,1.0);
#3721=DIRECTION('',(0,-1,0));
#3722=DIRECTION('',(-0.9805806720941711,0.19611615312192807,0));
#3723=DIRECTION('',(1,0,0));
#3724=FACE_SURFACE('',(#3729),#3725,.T.);
#3725=PLANE('',#3726);
#3726=AXIS2_PLACEMENT_3D('',#250,#3727,#3728);
#3727=DIRECTION('',(0,0,1));
#3728=DIRECTION('',(0,-1,0));
#3729=FACE_BOUND('',#3730,.T.);
#3730=EDGE_LOOP('',(#3731,#3732,#3733));
#3731=ORIENTED_EDGE('',*,*,#3734,.T.);
#3732=ORIENTED_EDGE('',*,*,#3735,.T.);
#3733=ORIENTED_EDGE('',*,*,#3736,.T.);
#3734=EDGE_CURVE('',#251,#253,#3737,.F.);
#3735=EDGE_CURVE('',#253,#221,#3738,.T.);
#3736=EDGE_CURVE('',#221,#251,#3739,.T.);
#3737=LINE('',#250,#3740);
#3738=LINE('',#252,#3741);
#3739=LINE('',#220,#3742);
#3740=VECTOR('',#3743,1.0);
#3741=VECTOR('',#3744,1.0);
#3742=VECTOR('',#3745,1.0);
#3743=DIRECTION('',(0,-1,0));
#3744=DIRECTION('',(1,0,0));
#3745=DIRECTION('',(-0.9066567435236897,0.42186911408992545,0));
#3746=FACE_SURFACE('',(#3751),#3747,.T.);
#3747=PLANE('',#3748);
#3748=AXIS2_PLACEMENT_3D('',#250,#3749,#3750);
#3749=DIRECTION('',(0,0,1));
#3750=DIRECTION('',(0.9066567435236897,-0.42186911408992545,0));
#3751=FACE_BOUND('',#3752,.T.);
#3752=EDGE_LOOP('',(#3753,#3754,#3755));
#3753=ORIENTED_EDGE('',*,*,#3756,.T.);
#3754=ORIENTED_EDGE('',*,*,#3757,.T.);
#3755=ORIENTED_EDGE('',*,*,#3758,.T.);
#3756=EDGE_CURVE('',#251,#221,#3759,.F.);
#3757=EDGE_CURVE('',#221,#225,#3760,.T.);
#3758=EDGE_CURVE('',#225,#251,#3761,.T.);
#3759=LINE('',#250,#3762);
#3760=LINE('',#220,#3763);
#3761=LINE('',#224,#3764);
#3762=VECTOR('',#3765,1.0);
#3763=VECTOR('',#3766,1.0);
#3764=VECTOR('',#3767,1.0);
#3765=DIRECTION('',(0.9066567435236897,-0.42186911408992545,0));
#3766=DIRECTION('',(1,0,0));
#3767=DIRECTION('',(-0.9083402073593889,0.41823207396647893,0));
#3768=FACE_SURFACE('',(#3773),#3769,.T.);
#3769=PLANE('',#3770);
#3770=AXIS2_PLACEMENT_3D('',#254,#3771,#3772);
#3771=DIRECTION('',(0,-0,1));
#3772=DIRECTION('',(0,1,0));
#3773=FACE_BOUND('',#3774,.T.);
#3774=EDGE_LOOP('',(#3775,#3776,#3777));
#3775=ORIENTED_EDGE('',*,*,#3778,.T.);
#3776=ORIENTED_EDGE('',*,*,#3779,.T.);
#3777=ORIENTED_EDGE('',*,*,#3780,.T.);
#3778=EDGE_CURVE('',#255,#257,#3781,.F.);
#3779=EDGE_CURVE('',#257,#225,#3782,.T.);
#3780=EDGE_CURVE('',#225,#255,#3783,.T.);
#3781=LINE('',#254,#3784);
#3782=LINE('',#256,#3785);
#3783=LINE('',#224,#3786);
#3784=VECTOR('',#3787,1.0);
#3785=VECTOR('',#3788,1.0);
#3786=VECTOR('',#3789,1.0);
#3787=DIRECTION('',(0,1,0));
#3788=DIRECTION('',(-0.9427985038070096,-0.33336313716316057,0));
#3789=DIRECTION('',(1,0,0));
#3790=FACE_SURFACE('',(#3795),#3791,.T.);
#3791=PLANE('',#3792);
#3792=AXIS2_PLACEMENT_3D('',#250,#3793,#3794);
#3793=DIRECTION('',(-0,0,1));
#3794=DIRECTION('',(0.9083402073593889,-0.41823207396647893,0));
#3795=FACE_BOUND('',#3796,.T.);
#3796=EDGE_LOOP('',(#3797,#3798,#3799));
#3797=ORIENTED_EDGE('',*,*,#3800,.T.);
#3798=ORIENTED_EDGE('',*,*,#3801,.T.);
#3799=ORIENTED_EDGE('',*,*,#3802,.T.);
#3800=EDGE_CURVE('',#251,#225,#3803,.F.);
#3801=EDGE_CURVE('',#225,#257,#3804,.T.);
#3802=EDGE_CURVE('',#257,#251,#3805,.T.);
#3803=LINE('',#250,#3806);
#3804=LINE('',#224,#3807);
#3805=LINE('',#256,#3808);
#3806=VECTOR('',#3809,1.0);
#3807=VECTOR('',#3810,1.0);
#3808=VECTOR('',#3811,1.0);
#3809=DIRECTION('',(0.9083402073593889,-0.41823207396647893,0));
#3810=DIRECTION('',(0.9427985038070096,0.33336313716316057,0));
#3811=DIRECTION('',(-1,0,0));
#3812=FACE_SURFACE('',(#3817),#3813,.T.);
#3813=PLANE('',#3814);
#3814=AXIS2_PLACEMENT_3D('',#258,#3815,#3816);
#3815=DIRECTION('',(-0.7518165992774816,-0.6593722780424142,0));
#3816=DIRECTION('',(0,0,1));
#3817=FACE_BOUND('',#3818,.T.);
#3818=EDGE_LOOP('',(#3819,#3820,#3821));
#3819=ORIENTED_EDGE('',*,*,#3822,.T.);
#3820=ORIENTED_EDGE('',*,*,#3823,.T.);
#3821=ORIENTED_EDGE('',*,*,#3824,.T.);
#3822=EDGE_CURVE('',#259,#261,#3825,.F.);
#3823=EDGE_CURVE('',#261,#263,#3826,.T.);
#3824=EDGE_CURVE('',#263,#259,#3827,.T.);
#3825=LINE('',#258,#3828);
#3826=LINE('',#260,#3829);
#3827=LINE('',#262,#3830);
#3828=VECTOR('',#3831,1.0);
#3829=VECTOR('',#3832,1.0);
#3830=VECTOR('',#3833,1.0);
#3831=DIRECTION('',(0,0,1));
#3832=DIRECTION('',(-0.6593722780424142,0.7518165992774815,0));
#3833=DIRECTION('',(0.18715261593621765,-0.21339150574662305,-0.958873278188218));
#3834=FACE_SURFACE('',(#3839),#3835,.T.);
#3835=PLANE('',#3836);
#3836=AXIS2_PLACEMENT_3D('',#258,#3837,#3838);
#3837=DIRECTION('',(-0.7518165992774816,-0.6593722780424142,0));
#3838=DIRECTION('',(-0.18715261593621765,0.21339150574662305,0.958873278188218));
#3839=FACE_BOUND('',#3840,.T.);
#3840=EDGE_LOOP('',(#3841,#3842,#3843));
#3841=ORIENTED_EDGE('',*,*,#3844,.T.);
#3842=ORIENTED_EDGE('',*,*,#3845,.T.);
#3843=ORIENTED_EDGE('',*,*,#3846,.T.);
#3844=EDGE_CURVE('',#259,#263,#3847,.F.);
#3845=EDGE_CURVE('',#263,#265,#3848,.T.);
#3846=EDGE_CURVE('',#265,#259,#3849,.T.);
#3847=LINE('',#258,#3850);
#3848=LINE('',#262,#3851);
#3849=LINE('',#264,#3852);
#3850=VECTOR('',#3853,1.0);
#3851=VECTOR('',#3854,1.0);
#3852=VECTOR('',#3855,1.0);
#3853=DIRECTION('',(-0.18715261593621765,0.21339150574662305,0.958873278188218));
#3854=DIRECTION('',(0,0,-1));
#3855=DIRECTION('',(0.6593722780424142,-0.7518165992774815,0));
#3856=FACE_SURFACE('',(#3861),#3857,.T.);
#3857=PLANE('',#3858);
#3858=AXIS2_PLACEMENT_3D('',#262,#3859,#3860);
#3859=DIRECTION('',(-0,0,-1));
#3860=DIRECTION('',(-0.7366275181371059,-0.676298676268975,0));
#3861=FACE_BOUND('',#3862,.T.);
#3862=EDGE_LOOP('',(#3863,#3864,#3865));
#3863=ORIENTED_EDGE('',*,*,#3866,.T.);
#3864=ORIENTED_EDGE('',*,*,#3867,.T.);
#3865=ORIENTED_EDGE('',*,*,#3868,.T.);
#3866=EDGE_CURVE('',#263,#267,#3869,.F.);
#3867=EDGE_CURVE('',#267,#269,#3870,.T.);
#3868=EDGE_CURVE('',#269,#263,#3871,.T.);
#3869=LINE('',#262,#3872);
#3870=LINE('',#266,#3873);
#3871=LINE('',#268,#3874);
#3872=VECTOR('',#3875,1.0);
#3873=VECTOR('',#3876,1.0);
#3874=VECTOR('',#3877,1.0);
#3875=DIRECTION('',(-0.7366275181371059,-0.676298676268975,0));
#3876=DIRECTION('',(0.5817947168017885,0.8133356671765518,0));
#3877=DIRECTION('',(0.7518176924820965,-0.6593710315678842,0));
#3878=FACE_SURFACE('',(#3883),#3879,.T.);
#3879=PLANE('',#3880);
#3880=AXIS2_PLACEMENT_3D('',#270,#3881,#3882);
#3881=DIRECTION('',(0.35948529294759135,0.9331507510334995,-0));
#3882=DIRECTION('',(-0.9331507510334995,0.35948529294759135,0));
#3883=FACE_BOUND('',#3884,.T.);
#3884=EDGE_LOOP('',(#3885,#3886,#3887));
#3885=ORIENTED_EDGE('',*,*,#3888,.T.);
#3886=ORIENTED_EDGE('',*,*,#3889,.T.);
#3887=ORIENTED_EDGE('',*,*,#3890,.T.);
#3888=EDGE_CURVE('',#271,#273,#3891,.F.);
#3889=EDGE_CURVE('',#273,#275,#3892,.T.);
#3890=EDGE_CURVE('',#275,#271,#3893,.T.);
#3891=LINE('',#270,#3894);
#3892=LINE('',#272,#3895);
#3893=LINE('',#274,#3896);
#3894=VECTOR('',#3897,1.0);
#3895=VECTOR('',#3898,1.0);
#3896=VECTOR('',#3899,1.0);
#3897=DIRECTION('',(-0.9331507510334995,0.35948529294759135,0));
#3898=DIRECTION('',(0.10242732047706106,-0.03945891407872988,0.9939575635406257));
#3899=DIRECTION('',(0,0,-1));
#3900=FACE_SURFACE('',(#3905),#3901,.T.);
#3901=PLANE('',#3902);
#3902=AXIS2_PLACEMENT_3D('',#274,#3903,#3904);
#3903=DIRECTION('',(0.35948529294759135,0.9331507510334995,0));
#3904=DIRECTION('',(-0.10242732047706106,0.03945891407872988,-0.9939575635406257));
#3905=FACE_BOUND('',#3906,.T.);
#3906=EDGE_LOOP('',(#3907,#3908,#3909));
#3907=ORIENTED_EDGE('',*,*,#3910,.T.);
#3908=ORIENTED_EDGE('',*,*,#3911,.T.);
#3909=ORIENTED_EDGE('',*,*,#3912,.T.);
#3910=EDGE_CURVE('',#275,#273,#3913,.F.);
#3911=EDGE_CURVE('',#273,#277,#3914,.T.);
#3912=EDGE_CURVE('',#277,#275,#3915,.T.);
#3913=LINE('',#274,#3916);
#3914=LINE('',#272,#3917);
#3915=LINE('',#276,#3918);
#3916=VECTOR('',#3919,1.0);
#3917=VECTOR('',#3920,1.0);
#3918=VECTOR('',#3921,1.0);
#3919=DIRECTION('',(-0.10242732047706106,0.03945891407872988,-0.9939575635406257));
#3920=DIRECTION('',(0,0,1));
#3921=DIRECTION('',(0.9331507510334995,-0.35948529294759135,0));
#3922=FACE_SURFACE('',(#3927),#3923,.T.);
#3923=PLANE('',#3924);
#3924=AXIS2_PLACEMENT_3D('',#276,#3925,#3926);
#3925=DIRECTION('',(0.31379131429414125,0.9494919752549547,0));
#3926=DIRECTION('',(0,0,-1));
#3927=FACE_BOUND('',#3928,.T.);
#3928=EDGE_LOOP('',(#3929,#3930,#3931));
#3929=ORIENTED_EDGE('',*,*,#3932,.T.);
#3930=ORIENTED_EDGE('',*,*,#3933,.T.);
#3931=ORIENTED_EDGE('',*,*,#3934,.T.);
#3932=EDGE_CURVE('',#277,#273,#3935,.F.);
#3933=EDGE_CURVE('',#273,#279,#3936,.T.);
#3934=EDGE_CURVE('',#279,#277,#3937,.T.);
#3935=LINE('',#276,#3938);
#3936=LINE('',#272,#3939);
#3937=LINE('',#278,#3940);
#3938=VECTOR('',#3941,1.0);
#3939=VECTOR('',#3942,1.0);
#3940=VECTOR('',#3943,1.0);
#3941=DIRECTION('',(0,0,-1));
#3942=DIRECTION('',(-0.10421651152692703,0.03444182465513081,0.9939580873656509));
#3943=DIRECTION('',(0.9494919752549548,-0.31379131429414125,0));
#3944=FACE_SURFACE('',(#3949),#3945,.T.);
#3945=PLANE('',#3946);
#3946=AXIS2_PLACEMENT_3D('',#278,#3947,#3948);
#3947=DIRECTION('',(0.31379131429414125,0.9494919752549547,0));
#3948=DIRECTION('',(0.10421651152692703,-0.03444182465513081,-0.9939580873656509));
#3949=FACE_BOUND('',#3950,.T.);
#3950=EDGE_LOOP('',(#3951,#3952,#3953));
#3951=ORIENTED_EDGE('',*,*,#3954,.T.);
#3952=ORIENTED_EDGE('',*,*,#3955,.T.);
#3953=ORIENTED_EDGE('',*,*,#3956,.T.);
#3954=EDGE_CURVE('',#279,#273,#3957,.F.);
#3955=EDGE_CURVE('',#273,#281,#3958,.T.);
#3956=EDGE_CURVE('',#281,#279,#3959,.T.);
#3957=LINE('',#278,#3960);
#3958=LINE('',#272,#3961);
#3959=LINE('',#280,#3962);
#3960=VECTOR('',#3963,1.0);
#3961=VECTOR('',#3964,1.0);
#3962=VECTOR('',#3965,1.0);
#3963=DIRECTION('',(0.10421651152692703,-0.03444182465513081,-0.9939580873656509));
#3964=DIRECTION('',(-0.9494919752549548,0.31379131429414125,0));
#3965=DIRECTION('',(0,0,1));
#3966=FACE_SURFACE('',(#3971),#3967,.T.);
#3967=PLANE('',#3968);
#3968=AXIS2_PLACEMENT_3D('',#280,#3969,#3970);
#3969=DIRECTION('',(0.26663525485122663,0.9637975103051581,-0));
#3970=DIRECTION('',(-0.9637975103051583,0.2666352548512267,0));
#3971=FACE_BOUND('',#3972,.T.);
#3972=EDGE_LOOP('',(#3973,#3974,#3975));
#3973=ORIENTED_EDGE('',*,*,#3976,.T.);
#3974=ORIENTED_EDGE('',*,*,#3977,.T.);
#3975=ORIENTED_EDGE('',*,*,#3978,.T.);
#3976=EDGE_CURVE('',#281,#283,#3979,.F.);
#3977=EDGE_CURVE('',#283,#279,#3980,.T.);
#3978=EDGE_CURVE('',#279,#281,#3981,.T.);
#3979=LINE('',#280,#3982);
#3980=LINE('',#282,#3983);
#3981=LINE('',#278,#3984);
#3982=VECTOR('',#3985,1.0);
#3983=VECTOR('',#3986,1.0);
#3984=VECTOR('',#3987,1.0);
#3985=DIRECTION('',(-0.9637975103051583,0.2666352548512267,0));
#3986=DIRECTION('',(0.10580658137668117,-0.02927146468906732,0.9939558082190256));
#3987=DIRECTION('',(0,0,-1));
#3988=FACE_SURFACE('',(#3993),#3989,.T.);
#3989=PLANE('',#3990);
#3990=AXIS2_PLACEMENT_3D('',#284,#3991,#3992);
#3991=DIRECTION('',(-0.19519168489624064,-0.9807651126275683,0));
#3992=DIRECTION('',(0,0,1));
#3993=FACE_BOUND('',#3994,.T.);
#3994=EDGE_LOOP('',(#3995,#3996,#3997));
#3995=ORIENTED_EDGE('',*,*,#3998,.T.);
#3996=ORIENTED_EDGE('',*,*,#3999,.T.);
#3997=ORIENTED_EDGE('',*,*,#4000,.T.);
#3998=EDGE_CURVE('',#285,#287,#4001,.F.);
#3999=EDGE_CURVE('',#287,#289,#4002,.T.);
#4000=EDGE_CURVE('',#289,#285,#4003,.T.);
#4001=LINE('',#284,#4004);
#4002=LINE('',#286,#4005);
#4003=LINE('',#288,#4006);
#4004=VECTOR('',#4007,1.0);
#4005=VECTOR('',#4008,1.0);
#4006=VECTOR('',#4009,1.0);
#4007=DIRECTION('',(0,0,1));
#4008=DIRECTION('',(-0.27838187223258165,0.05540350690092463,-0.9588712033612031));
#4009=DIRECTION('',(0.9807651126275684,-0.19519168489624064,0));
#4010=FACE_SURFACE('',(#4015),#4011,.T.);
#4011=PLANE('',#4012);
#4012=AXIS2_PLACEMENT_3D('',#290,#4013,#4014);
#4013=DIRECTION('',(-0.32144737578561833,-0.9469274442112973,0));
#4014=DIRECTION('',(0,0,1));
#4015=FACE_BOUND('',#4016,.T.);
#4016=EDGE_LOOP('',(#4017,#4018,#4019));
#4017=ORIENTED_EDGE('',*,*,#4020,.T.);
#4018=ORIENTED_EDGE('',*,*,#4021,.T.);
#4019=ORIENTED_EDGE('',*,*,#4022,.T.);
#4020=EDGE_CURVE('',#291,#293,#4023,.F.);
#4021=EDGE_CURVE('',#293,#287,#4024,.T.);
#4022=EDGE_CURVE('',#287,#291,#4025,.T.);
#4023=LINE('',#290,#4026);
#4024=LINE('',#292,#4027);
#4025=LINE('',#286,#4028);
#4026=VECTOR('',#4029,1.0);
#4027=VECTOR('',#4030,1.0);
#4028=VECTOR('',#4031,1.0);
#4029=DIRECTION('',(0,0,1));
#4030=DIRECTION('',(-0.9469274442112973,0.32144737578561833,0));
#4031=DIRECTION('',(0.2687470166133787,-0.09122982311758611,-0.9588806810210238));
#4032=FACE_SURFACE('',(#4037),#4033,.T.);
#4033=PLANE('',#4034);
#4034=AXIS2_PLACEMENT_3D('',#290,#4035,#4036);
#4035=DIRECTION('',(-0.32144737578561833,-0.9469274442112973,0));
#4036=DIRECTION('',(-0.2687470166133787,0.09122982311758611,0.9588806810210238));
#4037=FACE_BOUND('',#4038,.T.);
#4038=EDGE_LOOP('',(#4039,#4040,#4041));
#4039=ORIENTED_EDGE('',*,*,#4042,.T.);
#4040=ORIENTED_EDGE('',*,*,#4043,.T.);
#4041=ORIENTED_EDGE('',*,*,#4044,.T.);
#4042=EDGE_CURVE('',#291,#287,#4045,.F.);
#4043=EDGE_CURVE('',#287,#285,#4046,.T.);
#4044=EDGE_CURVE('',#285,#291,#4047,.T.);
#4045=LINE('',#290,#4048);
#4046=LINE('',#286,#4049);
#4047=LINE('',#284,#4050);
#4048=VECTOR('',#4051,1.0);
#4049=VECTOR('',#4052,1.0);
#4050=VECTOR('',#4053,1.0);
#4051=DIRECTION('',(-0.2687470166133787,0.09122982311758611,0.9588806810210238));
#4052=DIRECTION('',(0,0,-1));
#4053=DIRECTION('',(0.9469274442112973,-0.32144737578561833,0));
#4054=FACE_SURFACE('',(#4059),#4055,.T.);
#4055=PLANE('',#4056);
#4056=AXIS2_PLACEMENT_3D('',#294,#4057,#4058);
#4057=DIRECTION('',(-0.44230129039599914,-0.896866527702999,0));
#4058=DIRECTION('',(-0.8968665277029989,0.4423012903959992,0));
#4059=FACE_BOUND('',#4060,.T.);
#4060=EDGE_LOOP('',(#4061,#4062,#4063));
#4061=ORIENTED_EDGE('',*,*,#4064,.T.);
#4062=ORIENTED_EDGE('',*,*,#4065,.T.);
#4063=ORIENTED_EDGE('',*,*,#4066,.T.);
#4064=EDGE_CURVE('',#295,#293,#4067,.F.);
#4065=EDGE_CURVE('',#293,#291,#4068,.T.);
#4066=EDGE_CURVE('',#291,#295,#4069,.T.);
#4067=LINE('',#294,#4070);
#4068=LINE('',#292,#4071);
#4069=LINE('',#290,#4072);
#4070=VECTOR('',#4073,1.0);
#4071=VECTOR('',#4074,1.0);
#4072=VECTOR('',#4075,1.0);
#4073=DIRECTION('',(-0.8968665277029989,0.4423012903959992,0));
#4074=DIRECTION('',(0,0,-1));
#4075=DIRECTION('',(0.2545655331969411,-0.1255422745140499,0.9588720074222608));
#4076=FACE_SURFACE('',(#4081),#4077,.T.);
#4077=PLANE('',#4078);
#4078=AXIS2_PLACEMENT_3D('',#294,#4079,#4080);
#4079=DIRECTION('',(-0,0,-1));
#4080=DIRECTION('',(-0.4038606346191138,-0.9148205221818357,0));
#4081=FACE_BOUND('',#4082,.T.);
#4082=EDGE_LOOP('',(#4083,#4084,#4085));
#4083=ORIENTED_EDGE('',*,*,#4086,.T.);
#4084=ORIENTED_EDGE('',*,*,#4087,.T.);
#4085=ORIENTED_EDGE('',*,*,#4088,.T.);
#4086=EDGE_CURVE('',#295,#267,#4089,.F.);
#4087=EDGE_CURVE('',#267,#293,#4090,.T.);
#4088=EDGE_CURVE('',#293,#295,#4091,.T.);
#4089=LINE('',#294,#4092);
#4090=LINE('',#266,#4093);
#4091=LINE('',#292,#4094);
#4092=VECTOR('',#4095,1.0);
#4093=VECTOR('',#4096,1.0);
#4094=VECTOR('',#4097,1.0);
#4095=DIRECTION('',(-0.4038606346191138,-0.9148205221818357,0));
#4096=DIRECTION('',(0.2147818131248009,0.9766620565737276,0));
#4097=DIRECTION('',(0.8968665277029989,-0.4423012903959992,0));
#4098=FACE_SURFACE('',(#4103),#4099,.T.);
#4099=PLANE('',#4100);
#4100=AXIS2_PLACEMENT_3D('',#268,#4101,#4102);
#4101=DIRECTION('',(-0,0,-1));
#4102=DIRECTION('',(-0.5817947168017885,-0.8133356671765518,0));
#4103=FACE_BOUND('',#4104,.T.);
#4104=EDGE_LOOP('',(#4105,#4106,#4107));
#4105=ORIENTED_EDGE('',*,*,#4108,.T.);
#4106=ORIENTED_EDGE('',*,*,#4109,.T.);
#4107=ORIENTED_EDGE('',*,*,#4110,.T.);
#4108=EDGE_CURVE('',#269,#267,#4111,.F.);
#4109=EDGE_CURVE('',#267,#295,#4112,.T.);
#4110=EDGE_CURVE('',#295,#269,#4113,.T.);
#4111=LINE('',#268,#4114);
#4112=LINE('',#266,#4115);
#4113=LINE('',#294,#4116);
#4114=VECTOR('',#4117,1.0);
#4115=VECTOR('',#4118,1.0);
#4116=VECTOR('',#4119,1.0);
#4117=DIRECTION('',(-0.5817947168017885,-0.8133356671765518,0));
#4118=DIRECTION('',(0.4038606346191138,0.9148205221818357,0));
#4119=DIRECTION('',(0.8314754857395831,-0.5555614426992971,0));
#4120=FACE_SURFACE('',(#4125),#4121,.T.);
#4121=PLANE('',#4122);
#4122=AXIS2_PLACEMENT_3D('',#142,#4123,#4124);
#4123=DIRECTION('',(0,0,-1));
#4124=DIRECTION('',(0,1,0));
#4125=FACE_BOUND('',#4126,.T.);
#4126=EDGE_LOOP('',(#4127,#4128,#4129));
#4127=ORIENTED_EDGE('',*,*,#4130,.T.);
#4128=ORIENTED_EDGE('',*,*,#4131,.T.);
#4129=ORIENTED_EDGE('',*,*,#4132,.T.);
#4130=EDGE_CURVE('',#143,#267,#4133,.F.);
#4131=EDGE_CURVE('',#267,#297,#4134,.T.);
#4132=EDGE_CURVE('',#297,#143,#4135,.T.);
#4133=LINE('',#142,#4136);
#4134=LINE('',#266,#4137);
#4135=LINE('',#296,#4138);
#4136=VECTOR('',#4139,1.0);
#4137=VECTOR('',#4140,1.0);
#4138=VECTOR('',#4141,1.0);
#4139=DIRECTION('',(0,1,0));
#4140=DIRECTION('',(0.9886863577781007,0.14999761979269413,0));
#4141=DIRECTION('',(-0.9609664450881652,-0.27666494431823896,0));
#4142=FACE_SURFACE('',(#4147),#4143,.T.);
#4143=PLANE('',#4144);
#4144=AXIS2_PLACEMENT_3D('',#298,#4145,#4146);
#4145=DIRECTION('',(0,-0,-1));
#4146=DIRECTION('',(0.4422993606293671,-0.8968674793897106,0));
#4147=FACE_BOUND('',#4148,.T.);
#4148=EDGE_LOOP('',(#4149,#4150,#4151));
#4149=ORIENTED_EDGE('',*,*,#4152,.T.);
#4150=ORIENTED_EDGE('',*,*,#4153,.T.);
#4151=ORIENTED_EDGE('',*,*,#4154,.T.);
#4152=EDGE_CURVE('',#299,#297,#4155,.F.);
#4153=EDGE_CURVE('',#297,#267,#4156,.T.);
#4154=EDGE_CURVE('',#267,#299,#4157,.T.);
#4155=LINE('',#298,#4158);
#4156=LINE('',#296,#4159);
#4157=LINE('',#266,#4160);
#4158=VECTOR('',#4161,1.0);
#4159=VECTOR('',#4162,1.0);
#4160=VECTOR('',#4163,1.0);
#4161=DIRECTION('',(0.4422993606293671,-0.8968674793897106,0));
#4162=DIRECTION('',(-0.9886863577781007,-0.14999761979269413,0));
#4163=DIRECTION('',(0.9428483714585383,0.3332220707545978,0));
#4164=FACE_SURFACE('',(#4169),#4165,.T.);
#4165=PLANE('',#4166);
#4166=AXIS2_PLACEMENT_3D('',#260,#4167,#4168);
#4167=DIRECTION('',(0,-0,-1));
#4168=DIRECTION('',(0.5555612860625667,-0.8314755903984836,0));
#4169=FACE_BOUND('',#4170,.T.);
#4170=EDGE_LOOP('',(#4171,#4172,#4173));
#4171=ORIENTED_EDGE('',*,*,#4174,.T.);
#4172=ORIENTED_EDGE('',*,*,#4175,.T.);
#4173=ORIENTED_EDGE('',*,*,#4176,.T.);
#4174=EDGE_CURVE('',#261,#299,#4177,.F.);
#4175=EDGE_CURVE('',#299,#267,#4178,.T.);
#4176=EDGE_CURVE('',#267,#261,#4179,.T.);
#4177=LINE('',#260,#4180);
#4178=LINE('',#298,#4181);
#4179=LINE('',#266,#4182);
#4180=VECTOR('',#4183,1.0);
#4181=VECTOR('',#4184,1.0);
#4182=VECTOR('',#4185,1.0);
#4183=DIRECTION('',(0.5555612860625667,-0.8314755903984836,0));
#4184=DIRECTION('',(-0.9428483714585383,-0.3332220707545978,0));
#4185=DIRECTION('',(0.8587150087024187,0.5124534455237909,0));
#4186=FACE_SURFACE('',(#4191),#4187,.T.);
#4187=PLANE('',#4188);
#4188=AXIS2_PLACEMENT_3D('',#300,#4189,#4190);
#4189=DIRECTION('',(0.8174182632670763,-0.5760446014654047,0));
#4190=DIRECTION('',(-0.5760446014654047,-0.8174182632670763,0));
#4191=FACE_BOUND('',#4192,.T.);
#4192=EDGE_LOOP('',(#4193,#4194,#4195));
#4193=ORIENTED_EDGE('',*,*,#4196,.T.);
#4194=ORIENTED_EDGE('',*,*,#4197,.T.);
#4195=ORIENTED_EDGE('',*,*,#4198,.T.);
#4196=EDGE_CURVE('',#301,#303,#4199,.F.);
#4197=EDGE_CURVE('',#303,#305,#4200,.T.);
#4198=EDGE_CURVE('',#305,#301,#4201,.T.);
#4199=LINE('',#300,#4202);
#4200=LINE('',#302,#4203);
#4201=LINE('',#304,#4204);
#4202=VECTOR('',#4205,1.0);
#4203=VECTOR('',#4206,1.0);
#4204=VECTOR('',#4207,1.0);
#4205=DIRECTION('',(-0.5760446014654047,-0.8174182632670763,0));
#4206=DIRECTION('',(0.06321588324071982,0.08970454259630245,-0.9939601838824752));
#4207=DIRECTION('',(0,0,1));
#4208=FACE_SURFACE('',(#4213),#4209,.T.);
#4209=PLANE('',#4210);
#4210=AXIS2_PLACEMENT_3D('',#306,#4211,#4212);
#4211=DIRECTION('',(0.8174182632670763,-0.5760446014654047,0));
#4212=DIRECTION('',(0.5760446014654047,0.8174182632670763,0));
#4213=FACE_BOUND('',#4214,.T.);
#4214=EDGE_LOOP('',(#4215,#4216,#4217));
#4215=ORIENTED_EDGE('',*,*,#4218,.T.);
#4216=ORIENTED_EDGE('',*,*,#4219,.T.);
#4217=ORIENTED_EDGE('',*,*,#4220,.T.);
#4218=EDGE_CURVE('',#307,#305,#4221,.F.);
#4219=EDGE_CURVE('',#305,#303,#4222,.T.);
#4220=EDGE_CURVE('',#303,#307,#4223,.T.);
#4221=LINE('',#306,#4224);
#4222=LINE('',#304,#4225);
#4223=LINE('',#302,#4226);
#4224=VECTOR('',#4227,1.0);
#4225=VECTOR('',#4228,1.0);
#4226=VECTOR('',#4229,1.0);
#4227=DIRECTION('',(0.5760446014654047,0.8174182632670763,0));
#4228=DIRECTION('',(-0.06321588324071982,-0.08970454259630245,0.9939601838824752));
#4229=DIRECTION('',(0,0,-1));
#4230=FACE_SURFACE('',(#4235),#4231,.T.);
#4231=PLANE('',#4232);
#4232=AXIS2_PLACEMENT_3D('',#300,#4233,#4234);
#4233=DIRECTION('',(0.8447799373827218,-0.5351138732976791,0));
#4234=DIRECTION('',(0,0,-1));
#4235=FACE_BOUND('',#4236,.T.);
#4236=EDGE_LOOP('',(#4237,#4238,#4239));
#4237=ORIENTED_EDGE('',*,*,#4240,.T.);
#4238=ORIENTED_EDGE('',*,*,#4241,.T.);
#4239=ORIENTED_EDGE('',*,*,#4242,.T.);
#4240=EDGE_CURVE('',#301,#305,#4243,.F.);
#4241=EDGE_CURVE('',#305,#309,#4244,.T.);
#4242=EDGE_CURVE('',#309,#301,#4245,.T.);
#4243=LINE('',#300,#4246);
#4244=LINE('',#304,#4247);
#4245=LINE('',#308,#4248);
#4246=VECTOR('',#4249,1.0);
#4247=VECTOR('',#4250,1.0);
#4248=VECTOR('',#4251,1.0);
#4249=DIRECTION('',(0,0,-1));
#4250=DIRECTION('',(0.058742779523215057,0.09273675022008421,0.9939563275177158));
#4251=DIRECTION('',(-0.5351138732976791,-0.844779937382722,0));
#4252=FACE_SURFACE('',(#4257),#4253,.T.);
#4253=PLANE('',#4254);
#4254=AXIS2_PLACEMENT_3D('',#310,#4255,#4256);
#4255=DIRECTION('',(0.8447799373827218,-0.5351138732976791,0));
#4256=DIRECTION('',(0,0,1));
#4257=FACE_BOUND('',#4258,.T.);
#4258=EDGE_LOOP('',(#4259,#4260,#4261));
#4259=ORIENTED_EDGE('',*,*,#4262,.T.);
#4260=ORIENTED_EDGE('',*,*,#4263,.T.);
#4261=ORIENTED_EDGE('',*,*,#4264,.T.);
#4262=EDGE_CURVE('',#311,#309,#4265,.F.);
#4263=EDGE_CURVE('',#309,#305,#4266,.T.);
#4264=EDGE_CURVE('',#305,#311,#4267,.T.);
#4265=LINE('',#310,#4268);
#4266=LINE('',#308,#4269);
#4267=LINE('',#304,#4270);
#4268=VECTOR('',#4271,1.0);
#4269=VECTOR('',#4272,1.0);
#4270=VECTOR('',#4273,1.0);
#4271=DIRECTION('',(0,0,1));
#4272=DIRECTION('',(-0.058742779523215057,-0.09273675022008421,-0.9939563275177158));
#4273=DIRECTION('',(0.5351138732976791,0.844779937382722,0));
#4274=FACE_SURFACE('',(#4279),#4275,.T.);
#4275=PLANE('',#4276);
#4276=AXIS2_PLACEMENT_3D('',#312,#4277,#4278);
#4277=DIRECTION('',(0.8702418259086373,-0.49262477042796066,0));
#4278=DIRECTION('',(0,0,1));
#4279=FACE_BOUND('',#4280,.T.);
#4280=EDGE_LOOP('',(#4281,#4282,#4283));
#4281=ORIENTED_EDGE('',*,*,#4284,.T.);
#4282=ORIENTED_EDGE('',*,*,#4285,.T.);
#4283=ORIENTED_EDGE('',*,*,#4286,.T.);
#4284=EDGE_CURVE('',#313,#315,#4287,.F.);
#4285=EDGE_CURVE('',#315,#311,#4288,.T.);
#4286=EDGE_CURVE('',#311,#313,#4289,.T.);
#4287=LINE('',#312,#4290);
#4288=LINE('',#314,#4291);
#4289=LINE('',#310,#4292);
#4290=VECTOR('',#4293,1.0);
#4291=VECTOR('',#4294,1.0);
#4292=VECTOR('',#4295,1.0);
#4293=DIRECTION('',(0,0,1));
#4294=DIRECTION('',(-0.054071326323117404,-0.09551921172752435,-0.9939579326413223));
#4295=DIRECTION('',(0.49262477042796066,0.8702418259086373,0));
#4296=FACE_SURFACE('',(#4301),#4297,.T.);
#4297=PLANE('',#4298);
#4298=AXIS2_PLACEMENT_3D('',#310,#4299,#4300);
#4299=DIRECTION('',(0.8702418259086373,-0.49262477042796066,0));
#4300=DIRECTION('',(0.054071326323117404,0.09551921172752435,0.9939579326413223));
#4301=FACE_BOUND('',#4302,.T.);
#4302=EDGE_LOOP('',(#4303,#4304,#4305));
#4303=ORIENTED_EDGE('',*,*,#4306,.T.);
#4304=ORIENTED_EDGE('',*,*,#4307,.T.);
#4305=ORIENTED_EDGE('',*,*,#4308,.T.);
#4306=EDGE_CURVE('',#311,#315,#4309,.F.);
#4307=EDGE_CURVE('',#315,#309,#4310,.T.);
#4308=EDGE_CURVE('',#309,#311,#4311,.T.);
#4309=LINE('',#310,#4312);
#4310=LINE('',#314,#4313);
#4311=LINE('',#308,#4314);
#4312=VECTOR('',#4315,1.0);
#4313=VECTOR('',#4316,1.0);
#4314=VECTOR('',#4317,1.0);
#4315=DIRECTION('',(0.054071326323117404,0.09551921172752435,0.9939579326413223));
#4316=DIRECTION('',(-0.49262477042796066,-0.8702418259086373,0));
#4317=DIRECTION('',(0,0,-1));
#4318=FACE_SURFACE('',(#4323),#4319,.T.);
#4319=PLANE('',#4320);
#4320=AXIS2_PLACEMENT_3D('',#316,#4321,#4322);
#4321=DIRECTION('',(-0.8314747531248006,0.5555625391583309,0));
#4322=DIRECTION('',(0,0,-1));
#4323=FACE_BOUND('',#4324,.T.);
#4324=EDGE_LOOP('',(#4325,#4326,#4327));
#4325=ORIENTED_EDGE('',*,*,#4328,.T.);
#4326=ORIENTED_EDGE('',*,*,#4329,.T.);
#4327=ORIENTED_EDGE('',*,*,#4330,.T.);
#4328=EDGE_CURVE('',#317,#319,#4331,.F.);
#4329=EDGE_CURVE('',#319,#321,#4332,.T.);
#4330=EDGE_CURVE('',#321,#317,#4333,.T.);
#4331=LINE('',#316,#4334);
#4332=LINE('',#318,#4335);
#4333=LINE('',#320,#4336);
#4334=VECTOR('',#4337,1.0);
#4335=VECTOR('',#4338,1.0);
#4336=VECTOR('',#4339,1.0);
#4337=DIRECTION('',(0,0,-1));
#4338=DIRECTION('',(-0.15768478747167194,-0.23599668892934392,0.9588748983128093));
#4339=DIRECTION('',(0.5555625391583309,0.8314747531248006,0));
#4340=FACE_SURFACE('',(#4345),#4341,.T.);
#4341=PLANE('',#4342);
#4342=AXIS2_PLACEMENT_3D('',#322,#4343,#4344);
#4343=DIRECTION('',(0.4499230655987073,-0.8930673183149528,0));
#4344=DIRECTION('',(-0.8930673183149528,-0.4499230655987073,0));
#4345=FACE_BOUND('',#4346,.T.);
#4346=EDGE_LOOP('',(#4347,#4348,#4349));
#4347=ORIENTED_EDGE('',*,*,#4350,.T.);
#4348=ORIENTED_EDGE('',*,*,#4351,.T.);
#4349=ORIENTED_EDGE('',*,*,#4352,.T.);
#4350=EDGE_CURVE('',#323,#325,#4353,.F.);
#4351=EDGE_CURVE('',#325,#327,#4354,.T.);
#4352=EDGE_CURVE('',#327,#323,#4355,.T.);
#4353=LINE('',#322,#4356);
#4354=LINE('',#324,#4357);
#4355=LINE('',#326,#4358);
#4356=VECTOR('',#4359,1.0);
#4357=VECTOR('',#4360,1.0);
#4358=VECTOR('',#4361,1.0);
#4359=DIRECTION('',(-0.8930673183149528,-0.4499230655987073,0));
#4360=DIRECTION('',(0.09805359844870228,0.04939893634251931,-0.9939543434783553));
#4361=DIRECTION('',(0,0,1));
#4362=FACE_SURFACE('',(#4367),#4363,.T.);
#4363=PLANE('',#4364);
#4364=AXIS2_PLACEMENT_3D('',#328,#4365,#4366);
#4365=DIRECTION('',(0.4499230655987073,-0.8930673183149528,0));
#4366=DIRECTION('',(0.8930673183149528,0.4499230655987073,0));
#4367=FACE_BOUND('',#4368,.T.);
#4368=EDGE_LOOP('',(#4369,#4370,#4371));
#4369=ORIENTED_EDGE('',*,*,#4372,.T.);
#4370=ORIENTED_EDGE('',*,*,#4373,.T.);
#4371=ORIENTED_EDGE('',*,*,#4374,.T.);
#4372=EDGE_CURVE('',#329,#327,#4375,.F.);
#4373=EDGE_CURVE('',#327,#325,#4376,.T.);
#4374=EDGE_CURVE('',#325,#329,#4377,.T.);
#4375=LINE('',#328,#4378);
#4376=LINE('',#326,#4379);
#4377=LINE('',#324,#4380);
#4378=VECTOR('',#4381,1.0);
#4379=VECTOR('',#4382,1.0);
#4380=VECTOR('',#4383,1.0);
#4381=DIRECTION('',(0.8930673183149528,0.4499230655987073,0));
#4382=DIRECTION('',(-0.09805359844870228,-0.04939893634251931,0.9939543434783553));
#4383=DIRECTION('',(0,0,-1));
#4384=FACE_SURFACE('',(#4389),#4385,.T.);
#4385=PLANE('',#4386);
#4386=AXIS2_PLACEMENT_3D('',#322,#4387,#4388);
#4387=DIRECTION('',(0.49262314147887637,-0.8702427480188978,0));
#4388=DIRECTION('',(0,0,-1));
#4389=FACE_BOUND('',#4390,.T.);
#4390=EDGE_LOOP('',(#4391,#4392,#4393));
#4391=ORIENTED_EDGE('',*,*,#4394,.T.);
#4392=ORIENTED_EDGE('',*,*,#4395,.T.);
#4393=ORIENTED_EDGE('',*,*,#4396,.T.);
#4394=EDGE_CURVE('',#323,#327,#4397,.F.);
#4395=EDGE_CURVE('',#327,#331,#4398,.T.);
#4396=EDGE_CURVE('',#331,#323,#4399,.T.);
#4397=LINE('',#322,#4400);
#4398=LINE('',#326,#4401);
#4399=LINE('',#330,#4402);
#4400=VECTOR('',#4403,1.0);
#4401=VECTOR('',#4404,1.0);
#4402=VECTOR('',#4405,1.0);
#4403=DIRECTION('',(0,0,-1));
#4404=DIRECTION('',(0.09551937683300298,0.054071183695238,0.9939579245336448));
#4405=DIRECTION('',(-0.8702427480188978,-0.49262314147887637,0));
#4406=FACE_SURFACE('',(#4411),#4407,.T.);
#4407=PLANE('',#4408);
#4408=AXIS2_PLACEMENT_3D('',#326,#4409,#4410);
#4409=DIRECTION('',(0.49262314147887637,-0.8702427480188978,0));
#4410=DIRECTION('',(0.8702427480188978,0.49262314147887637,0));
#4411=FACE_BOUND('',#4412,.T.);
#4412=EDGE_LOOP('',(#4413,#4414,#4415));
#4413=ORIENTED_EDGE('',*,*,#4416,.T.);
#4414=ORIENTED_EDGE('',*,*,#4417,.T.);
#4415=ORIENTED_EDGE('',*,*,#4418,.T.);
#4416=EDGE_CURVE('',#327,#333,#4419,.F.);
#4417=EDGE_CURVE('',#333,#331,#4420,.T.);
#4418=EDGE_CURVE('',#331,#327,#4421,.T.);
#4419=LINE('',#326,#4422);
#4420=LINE('',#332,#4423);
#4421=LINE('',#330,#4424);
#4422=VECTOR('',#4425,1.0);
#4423=VECTOR('',#4426,1.0);
#4424=VECTOR('',#4427,1.0);
#4425=DIRECTION('',(0.8702427480188978,0.49262314147887637,0));
#4426=DIRECTION('',(0,0,1));
#4427=DIRECTION('',(-0.09551937683300298,-0.054071183695238,-0.9939579245336448));
#4428=FACE_SURFACE('',(#4433),#4429,.T.);
#4429=PLANE('',#4430);
#4430=AXIS2_PLACEMENT_3D('',#334,#4431,#4432);
#4431=DIRECTION('',(0.5351189730737164,-0.8447767069803305,0));
#4432=DIRECTION('',(-0.8447767069803306,-0.5351189730737165,0));
#4433=FACE_BOUND('',#4434,.T.);
#4434=EDGE_LOOP('',(#4435,#4436,#4437));
#4435=ORIENTED_EDGE('',*,*,#4438,.T.);
#4436=ORIENTED_EDGE('',*,*,#4439,.T.);
#4437=ORIENTED_EDGE('',*,*,#4440,.T.);
#4438=EDGE_CURVE('',#335,#331,#4441,.F.);
#4439=EDGE_CURVE('',#331,#337,#4442,.T.);
#4440=EDGE_CURVE('',#337,#335,#4443,.T.);
#4441=LINE('',#334,#4444);
#4442=LINE('',#330,#4445);
#4443=LINE('',#336,#4446);
#4444=VECTOR('',#4447,1.0);
#4445=VECTOR('',#4448,1.0);
#4446=VECTOR('',#4449,1.0);
#4447=DIRECTION('',(-0.8447767069803306,-0.5351189730737165,0));
#4448=DIRECTION('',(0.09273611381751333,0.05874316086467387,-0.9939563643569331));
#4449=DIRECTION('',(0,0,1));
#4450=FACE_SURFACE('',(#4455),#4451,.T.);
#4451=PLANE('',#4452);
#4452=AXIS2_PLACEMENT_3D('',#332,#4453,#4454);
#4453=DIRECTION('',(0.5351189730737164,-0.8447767069803305,0));
#4454=DIRECTION('',(0.8447767069803306,0.5351189730737165,0));
#4455=FACE_BOUND('',#4456,.T.);
#4456=EDGE_LOOP('',(#4457,#4458,#4459));
#4457=ORIENTED_EDGE('',*,*,#4460,.T.);
#4458=ORIENTED_EDGE('',*,*,#4461,.T.);
#4459=ORIENTED_EDGE('',*,*,#4462,.T.);
#4460=EDGE_CURVE('',#333,#337,#4463,.F.);
#4461=EDGE_CURVE('',#337,#331,#4464,.T.);
#4462=EDGE_CURVE('',#331,#333,#4465,.T.);
#4463=LINE('',#332,#4466);
#4464=LINE('',#336,#4467);
#4465=LINE('',#330,#4468);
#4466=VECTOR('',#4469,1.0);
#4467=VECTOR('',#4470,1.0);
#4468=VECTOR('',#4471,1.0);
#4469=DIRECTION('',(0.8447767069803306,0.5351189730737165,0));
#4470=DIRECTION('',(-0.09273611381751333,-0.05874316086467387,0.9939563643569331));
#4471=DIRECTION('',(0,0,-1));
#4472=FACE_SURFACE('',(#4477),#4473,.T.);
#4473=PLANE('',#4474);
#4474=AXIS2_PLACEMENT_3D('',#336,#4475,#4476);
#4475=DIRECTION('',(0.5760438911364341,-0.8174187638440875,0));
#4476=DIRECTION('',(0.8174187638440876,0.5760438911364341,0));
#4477=FACE_BOUND('',#4478,.T.);
#4478=EDGE_LOOP('',(#4479,#4480,#4481));
#4479=ORIENTED_EDGE('',*,*,#4482,.T.);
#4480=ORIENTED_EDGE('',*,*,#4483,.T.);
#4481=ORIENTED_EDGE('',*,*,#4484,.T.);
#4482=EDGE_CURVE('',#337,#339,#4485,.F.);
#4483=EDGE_CURVE('',#339,#335,#4486,.T.);
#4484=EDGE_CURVE('',#335,#337,#4487,.T.);
#4485=LINE('',#336,#4488);
#4486=LINE('',#338,#4489);
#4487=LINE('',#334,#4490);
#4488=VECTOR('',#4491,1.0);
#4489=VECTOR('',#4492,1.0);
#4490=VECTOR('',#4493,1.0);
#4491=DIRECTION('',(0.8174187638440876,0.5760438911364341,0));
#4492=DIRECTION('',(-0.08970490615099981,-0.06321602277667647,0.9939601421972306));
#4493=DIRECTION('',(0,0,-1));
#4494=FACE_SURFACE('',(#4499),#4495,.T.);
#4495=PLANE('',#4496);
#4496=AXIS2_PLACEMENT_3D('',#340,#4497,#4498);
#4497=DIRECTION('',(0.5760438911364341,-0.8174187638440875,0));
#4498=DIRECTION('',(-0.8174187638440876,-0.5760438911364341,0));
#4499=FACE_BOUND('',#4500,.T.);
#4500=EDGE_LOOP('',(#4501,#4502,#4503));
#4501=ORIENTED_EDGE('',*,*,#4504,.T.);
#4502=ORIENTED_EDGE('',*,*,#4505,.T.);
#4503=ORIENTED_EDGE('',*,*,#4506,.T.);
#4504=EDGE_CURVE('',#341,#335,#4507,.F.);
#4505=EDGE_CURVE('',#335,#339,#4508,.T.);
#4506=EDGE_CURVE('',#339,#341,#4509,.T.);
#4507=LINE('',#340,#4510);
#4508=LINE('',#334,#4511);
#4509=LINE('',#338,#4512);
#4510=VECTOR('',#4513,1.0);
#4511=VECTOR('',#4514,1.0);
#4512=VECTOR('',#4515,1.0);
#4513=DIRECTION('',(-0.8174187638440876,-0.5760438911364341,0));
#4514=DIRECTION('',(0.08970490615099981,0.06321602277667647,-0.9939601421972306));
#4515=DIRECTION('',(0,0,1));
#4516=FACE_SURFACE('',(#4521),#4517,.T.);
#4517=PLANE('',#4518);
#4518=AXIS2_PLACEMENT_3D('',#342,#4519,#4520);
#4519=DIRECTION('',(0.6150975168102577,-0.7884510414818758,0));
#4520=DIRECTION('',(-0.7884510414818758,-0.6150975168102577,0));
#4521=FACE_BOUND('',#4522,.T.);
#4522=EDGE_LOOP('',(#4523,#4524,#4525));
#4523=ORIENTED_EDGE('',*,*,#4526,.T.);
#4524=ORIENTED_EDGE('',*,*,#4527,.T.);
#4525=ORIENTED_EDGE('',*,*,#4528,.T.);
#4526=EDGE_CURVE('',#343,#341,#4529,.F.);
#4527=EDGE_CURVE('',#341,#345,#4530,.T.);
#4528=EDGE_CURVE('',#345,#343,#4531,.T.);
#4529=LINE('',#342,#4532);
#4530=LINE('',#340,#4533);
#4531=LINE('',#344,#4534);
#4532=VECTOR('',#4535,1.0);
#4533=VECTOR('',#4536,1.0);
#4534=VECTOR('',#4537,1.0);
#4535=DIRECTION('',(-0.7884510414818758,-0.6150975168102577,0));
#4536=DIRECTION('',(0.08657334917538625,0.06753881889691377,-0.99395350150526));
#4537=DIRECTION('',(0,0,1));
#4538=FACE_SURFACE('',(#4543),#4539,.T.);
#4539=PLANE('',#4540);
#4540=AXIS2_PLACEMENT_3D('',#338,#4541,#4542);
#4541=DIRECTION('',(0.6150975168102577,-0.7884510414818758,0));
#4542=DIRECTION('',(0.7884510414818758,0.6150975168102577,0));
#4543=FACE_BOUND('',#4544,.T.);
#4544=EDGE_LOOP('',(#4545,#4546,#4547));
#4545=ORIENTED_EDGE('',*,*,#4548,.T.);
#4546=ORIENTED_EDGE('',*,*,#4549,.T.);
#4547=ORIENTED_EDGE('',*,*,#4550,.T.);
#4548=EDGE_CURVE('',#339,#345,#4551,.F.);
#4549=EDGE_CURVE('',#345,#341,#4552,.T.);
#4550=EDGE_CURVE('',#341,#339,#4553,.T.);
#4551=LINE('',#338,#4554);
#4552=LINE('',#344,#4555);
#4553=LINE('',#340,#4556);
#4554=VECTOR('',#4557,1.0);
#4555=VECTOR('',#4558,1.0);
#4556=VECTOR('',#4559,1.0);
#4557=DIRECTION('',(0.7884510414818758,0.6150975168102577,0));
#4558=DIRECTION('',(-0.08657334917538625,-0.06753881889691377,0.99395350150526));
#4559=DIRECTION('',(0,0,-1));
#4560=FACE_SURFACE('',(#4565),#4561,.T.);
#4561=PLANE('',#4562);
#4562=AXIS2_PLACEMENT_3D('',#346,#4563,#4564);
#4563=DIRECTION('',(0.6531012139412689,-0.757270628209256,0));
#4564=DIRECTION('',(0,0,1));
#4565=FACE_BOUND('',#4566,.T.);
#4566=EDGE_LOOP('',(#4567,#4568,#4569));
#4567=ORIENTED_EDGE('',*,*,#4570,.T.);
#4568=ORIENTED_EDGE('',*,*,#4571,.T.);
#4569=ORIENTED_EDGE('',*,*,#4572,.T.);
#4570=EDGE_CURVE('',#347,#349,#4573,.F.);
#4571=EDGE_CURVE('',#349,#345,#4574,.T.);
#4572=EDGE_CURVE('',#345,#347,#4575,.T.);
#4573=LINE('',#346,#4576);
#4574=LINE('',#348,#4577);
#4575=LINE('',#344,#4578);
#4576=VECTOR('',#4579,1.0);
#4577=VECTOR('',#4580,1.0);
#4578=VECTOR('',#4581,1.0);
#4579=DIRECTION('',(0,0,1));
#4580=DIRECTION('',(-0.08309517971604322,-0.07166468726451047,-0.993961449809417));
#4581=DIRECTION('',(0.757270628209256,0.6531012139412687,0));
#4582=FACE_SURFACE('',(#4587),#4583,.T.);
#4583=PLANE('',#4584);
#4584=AXIS2_PLACEMENT_3D('',#344,#4585,#4586);
#4585=DIRECTION('',(0.6531012139412689,-0.757270628209256,0));
#4586=DIRECTION('',(0.08309517971604322,0.07166468726451047,0.993961449809417));
#4587=FACE_BOUND('',#4588,.T.);
#4588=EDGE_LOOP('',(#4589,#4590,#4591));
#4589=ORIENTED_EDGE('',*,*,#4592,.T.);
#4590=ORIENTED_EDGE('',*,*,#4593,.T.);
#4591=ORIENTED_EDGE('',*,*,#4594,.T.);
#4592=EDGE_CURVE('',#345,#349,#4595,.F.);
#4593=EDGE_CURVE('',#349,#343,#4596,.T.);
#4594=EDGE_CURVE('',#343,#345,#4597,.T.);
#4595=LINE('',#344,#4598);
#4596=LINE('',#348,#4599);
#4597=LINE('',#342,#4600);
#4598=VECTOR('',#4601,1.0);
#4599=VECTOR('',#4602,1.0);
#4600=VECTOR('',#4603,1.0);
#4601=DIRECTION('',(0.08309517971604322,0.07166468726451047,0.993961449809417));
#4602=DIRECTION('',(-0.757270628209256,-0.6531012139412687,0));
#4603=DIRECTION('',(0,0,-1));
#4604=FACE_SURFACE('',(#4609),#4605,.T.);
#4605=PLANE('',#4606);
#4606=AXIS2_PLACEMENT_3D('',#346,#4607,#4608);
#4607=DIRECTION('',(0.6894618120285293,-0.724322034563589,0));
#4608=DIRECTION('',(0.724322034563589,0.6894618120285293,0));
#4609=FACE_BOUND('',#4610,.T.);
#4610=EDGE_LOOP('',(#4611,#4612,#4613));
#4611=ORIENTED_EDGE('',*,*,#4614,.T.);
#4612=ORIENTED_EDGE('',*,*,#4615,.T.);
#4613=ORIENTED_EDGE('',*,*,#4616,.T.);
#4614=EDGE_CURVE('',#347,#351,#4617,.F.);
#4615=EDGE_CURVE('',#351,#349,#4618,.T.);
#4616=EDGE_CURVE('',#349,#347,#4619,.T.);
#4617=LINE('',#346,#4620);
#4618=LINE('',#350,#4621);
#4619=LINE('',#348,#4622);
#4620=VECTOR('',#4623,1.0);
#4621=VECTOR('',#4624,1.0);
#4622=VECTOR('',#4625,1.0);
#4623=DIRECTION('',(0.724322034563589,0.6894618120285293,0));
#4624=DIRECTION('',(-0.07951646332163799,-0.07568948930411641,0.993955850764862));
#4625=DIRECTION('',(0,0,-1));
#4626=FACE_SURFACE('',(#4631),#4627,.T.);
#4627=PLANE('',#4628);
#4628=AXIS2_PLACEMENT_3D('',#348,#4629,#4630);
#4629=DIRECTION('',(0.6894618120285293,-0.724322034563589,0));
#4630=DIRECTION('',(0.07951646332163799,0.07568948930411641,-0.993955850764862));
#4631=FACE_BOUND('',#4632,.T.);
#4632=EDGE_LOOP('',(#4633,#4634,#4635));
#4633=ORIENTED_EDGE('',*,*,#4636,.T.);
#4634=ORIENTED_EDGE('',*,*,#4637,.T.);
#4635=ORIENTED_EDGE('',*,*,#4638,.T.);
#4636=EDGE_CURVE('',#349,#351,#4639,.F.);
#4637=EDGE_CURVE('',#351,#353,#4640,.T.);
#4638=EDGE_CURVE('',#353,#349,#4641,.T.);
#4639=LINE('',#348,#4642);
#4640=LINE('',#350,#4643);
#4641=LINE('',#352,#4644);
#4642=VECTOR('',#4645,1.0);
#4643=VECTOR('',#4646,1.0);
#4644=VECTOR('',#4647,1.0);
#4645=DIRECTION('',(0.07951646332163799,0.07568948930411641,-0.993955850764862));
#4646=DIRECTION('',(0,0,1));
#4647=DIRECTION('',(-0.724322034563589,-0.6894618120285293,0));
#4648=FACE_SURFACE('',(#4653),#4649,.T.);
#4649=PLANE('',#4650);
#4650=AXIS2_PLACEMENT_3D('',#354,#4651,#4652);
#4651=DIRECTION('',(0.7243222366184711,-0.6894615997573872,0));
#4652=DIRECTION('',(0,0,1));
#4653=FACE_BOUND('',#4654,.T.);
#4654=EDGE_LOOP('',(#4655,#4656,#4657));
#4655=ORIENTED_EDGE('',*,*,#4658,.T.);
#4656=ORIENTED_EDGE('',*,*,#4659,.T.);
#4657=ORIENTED_EDGE('',*,*,#4660,.T.);
#4658=EDGE_CURVE('',#355,#357,#4661,.F.);
#4659=EDGE_CURVE('',#357,#351,#4662,.T.);
#4660=EDGE_CURVE('',#351,#355,#4663,.T.);
#4661=LINE('',#354,#4664);
#4662=LINE('',#356,#4665);
#4663=LINE('',#350,#4666);
#4664=VECTOR('',#4667,1.0);
#4665=VECTOR('',#4668,1.0);
#4666=VECTOR('',#4669,1.0);
#4667=DIRECTION('',(0,0,1));
#4668=DIRECTION('',(-0.07568973485087448,-0.07951676794695488,-0.993955807696436));
#4669=DIRECTION('',(0.6894615997573873,0.7243222366184712,0));
#4670=FACE_SURFACE('',(#4675),#4671,.T.);
#4671=PLANE('',#4672);
#4672=AXIS2_PLACEMENT_3D('',#350,#4673,#4674);
#4673=DIRECTION('',(0.7243222366184711,-0.6894615997573872,0));
#4674=DIRECTION('',(0.07568973485087448,0.07951676794695488,0.993955807696436));
#4675=FACE_BOUND('',#4676,.T.);
#4676=EDGE_LOOP('',(#4677,#4678,#4679));
#4677=ORIENTED_EDGE('',*,*,#4680,.T.);
#4678=ORIENTED_EDGE('',*,*,#4681,.T.);
#4679=ORIENTED_EDGE('',*,*,#4682,.T.);
#4680=EDGE_CURVE('',#351,#357,#4683,.F.);
#4681=EDGE_CURVE('',#357,#353,#4684,.T.);
#4682=EDGE_CURVE('',#353,#351,#4685,.T.);
#4683=LINE('',#350,#4686);
#4684=LINE('',#356,#4687);
#4685=LINE('',#352,#4688);
#4686=VECTOR('',#4689,1.0);
#4687=VECTOR('',#4690,1.0);
#4688=VECTOR('',#4691,1.0);
#4689=DIRECTION('',(0.07568973485087448,0.07951676794695488,0.993955807696436));
#4690=DIRECTION('',(-0.6894615997573873,-0.7243222366184712,0));
#4691=DIRECTION('',(0,0,-1));
#4692=FACE_SURFACE('',(#4697),#4693,.T.);
#4693=PLANE('',#4694);
#4694=AXIS2_PLACEMENT_3D('',#358,#4695,#4696);
#4695=DIRECTION('',(0.7572703729028726,-0.6531015099688136,0));
#4696=DIRECTION('',(-0.07166461741797442,-0.08309503305028743,0.9939614671066012));
#4697=FACE_BOUND('',#4698,.T.);
#4698=EDGE_LOOP('',(#4699,#4700,#4701));
#4699=ORIENTED_EDGE('',*,*,#4702,.T.);
#4700=ORIENTED_EDGE('',*,*,#4703,.T.);
#4701=ORIENTED_EDGE('',*,*,#4704,.T.);
#4702=EDGE_CURVE('',#359,#357,#4705,.F.);
#4703=EDGE_CURVE('',#357,#355,#4706,.T.);
#4704=EDGE_CURVE('',#355,#359,#4707,.T.);
#4705=LINE('',#358,#4708);
#4706=LINE('',#356,#4709);
#4707=LINE('',#354,#4710);
#4708=VECTOR('',#4711,1.0);
#4709=VECTOR('',#4712,1.0);
#4710=VECTOR('',#4713,1.0);
#4711=DIRECTION('',(-0.07166461741797442,-0.08309503305028743,0.9939614671066012));
#4712=DIRECTION('',(0,0,-1));
#4713=DIRECTION('',(0.6531015099688136,0.7572703729028726,0));
#4714=FACE_SURFACE('',(#4719),#4715,.T.);
#4715=PLANE('',#4716);
#4716=AXIS2_PLACEMENT_3D('',#356,#4717,#4718);
#4717=DIRECTION('',(0.7572703729028726,-0.6531015099688136,0));
#4718=DIRECTION('',(0.07166461741797442,0.08309503305028743,-0.9939614671066012));
#4719=FACE_BOUND('',#4720,.T.);
#4720=EDGE_LOOP('',(#4721,#4722,#4723));
#4721=ORIENTED_EDGE('',*,*,#4724,.T.);
#4722=ORIENTED_EDGE('',*,*,#4725,.T.);
#4723=ORIENTED_EDGE('',*,*,#4726,.T.);
#4724=EDGE_CURVE('',#357,#359,#4727,.F.);
#4725=EDGE_CURVE('',#359,#361,#4728,.T.);
#4726=EDGE_CURVE('',#361,#357,#4729,.T.);
#4727=LINE('',#356,#4730);
#4728=LINE('',#358,#4731);
#4729=LINE('',#360,#4732);
#4730=VECTOR('',#4733,1.0);
#4731=VECTOR('',#4734,1.0);
#4732=VECTOR('',#4735,1.0);
#4733=DIRECTION('',(0.07166461741797442,0.08309503305028743,-0.9939614671066012));
#4734=DIRECTION('',(0,0,1));
#4735=DIRECTION('',(-0.6531015099688136,-0.7572703729028726,0));
#4736=FACE_SURFACE('',(#4741),#4737,.T.);
#4737=PLANE('',#4738);
#4738=AXIS2_PLACEMENT_3D('',#358,#4739,#4740);
#4739=DIRECTION('',(0.788450331438829,-0.6150984269643358,0));
#4740=DIRECTION('',(0.6150984269643359,0.7884503314388291,0));
#4741=FACE_BOUND('',#4742,.T.);
#4742=EDGE_LOOP('',(#4743,#4744,#4745));
#4743=ORIENTED_EDGE('',*,*,#4746,.T.);
#4744=ORIENTED_EDGE('',*,*,#4747,.T.);
#4745=ORIENTED_EDGE('',*,*,#4748,.T.);
#4746=EDGE_CURVE('',#359,#307,#4749,.F.);
#4747=EDGE_CURVE('',#307,#361,#4750,.T.);
#4748=EDGE_CURVE('',#361,#359,#4751,.T.);
#4749=LINE('',#358,#4752);
#4750=LINE('',#306,#4753);
#4751=LINE('',#360,#4754);
#4752=VECTOR('',#4755,1.0);
#4753=VECTOR('',#4756,1.0);
#4754=VECTOR('',#4757,1.0);
#4755=DIRECTION('',(0.6150984269643359,0.7884503314388291,0));
#4756=DIRECTION('',(-0.0675391478696153,-0.0865735647962921,0.9939534603710117));
#4757=DIRECTION('',(0,0,-1));
#4758=FACE_SURFACE('',(#4763),#4759,.T.);
#4759=PLANE('',#4760);
#4760=AXIS2_PLACEMENT_3D('',#302,#4761,#4762);
#4761=DIRECTION('',(0.788450331438829,-0.6150984269643358,0));
#4762=DIRECTION('',(-0.6150984269643359,-0.7884503314388291,0));
#4763=FACE_BOUND('',#4764,.T.);
#4764=EDGE_LOOP('',(#4765,#4766,#4767));
#4765=ORIENTED_EDGE('',*,*,#4768,.T.);
#4766=ORIENTED_EDGE('',*,*,#4769,.T.);
#4767=ORIENTED_EDGE('',*,*,#4770,.T.);
#4768=EDGE_CURVE('',#303,#361,#4771,.F.);
#4769=EDGE_CURVE('',#361,#307,#4772,.T.);
#4770=EDGE_CURVE('',#307,#303,#4773,.T.);
#4771=LINE('',#302,#4774);
#4772=LINE('',#360,#4775);
#4773=LINE('',#306,#4776);
#4774=VECTOR('',#4777,1.0);
#4775=VECTOR('',#4778,1.0);
#4776=VECTOR('',#4779,1.0);
#4777=DIRECTION('',(-0.6150984269643359,-0.7884503314388291,0));
#4778=DIRECTION('',(0.0675391478696153,0.0865735647962921,-0.9939534603710117));
#4779=DIRECTION('',(0,0,1));
#4780=FACE_SURFACE('',(#4785),#4781,.T.);
#4781=PLANE('',#4782);
#4782=AXIS2_PLACEMENT_3D('',#318,#4783,#4784);
#4783=DIRECTION('',(-0.8314747531248006,0.5555625391583309,0));
#4784=DIRECTION('',(-0.5555625391583309,-0.8314747531248006,0));
#4785=FACE_BOUND('',#4786,.T.);
#4786=EDGE_LOOP('',(#4787,#4788,#4789));
#4787=ORIENTED_EDGE('',*,*,#4790,.T.);
#4788=ORIENTED_EDGE('',*,*,#4791,.T.);
#4789=ORIENTED_EDGE('',*,*,#4792,.T.);
#4790=EDGE_CURVE('',#319,#363,#4793,.F.);
#4791=EDGE_CURVE('',#363,#321,#4794,.T.);
#4792=EDGE_CURVE('',#321,#319,#4795,.T.);
#4793=LINE('',#318,#4796);
#4794=LINE('',#362,#4797);
#4795=LINE('',#320,#4798);
#4796=VECTOR('',#4799,1.0);
#4797=VECTOR('',#4800,1.0);
#4798=VECTOR('',#4801,1.0);
#4799=DIRECTION('',(-0.5555625391583309,-0.8314747531248006,0));
#4800=DIRECTION('',(0,0,1));
#4801=DIRECTION('',(0.15768478747167194,0.23599668892934392,-0.9588748983128093));
#4802=FACE_SURFACE('',(#4807),#4803,.T.);
#4803=PLANE('',#4804);
#4804=AXIS2_PLACEMENT_3D('',#320,#4805,#4806);
#4805=DIRECTION('',(-0.7518165992774816,0.6593722780424142,0));
#4806=DIRECTION('',(0,0,-1));
#4807=FACE_BOUND('',#4808,.T.);
#4808=EDGE_LOOP('',(#4809,#4810,#4811));
#4809=ORIENTED_EDGE('',*,*,#4812,.T.);
#4810=ORIENTED_EDGE('',*,*,#4813,.T.);
#4811=ORIENTED_EDGE('',*,*,#4814,.T.);
#4812=EDGE_CURVE('',#321,#363,#4815,.F.);
#4813=EDGE_CURVE('',#363,#365,#4816,.T.);
#4814=EDGE_CURVE('',#365,#321,#4817,.T.);
#4815=LINE('',#320,#4818);
#4816=LINE('',#362,#4819);
#4817=LINE('',#364,#4820);
#4818=VECTOR('',#4821,1.0);
#4819=VECTOR('',#4822,1.0);
#4820=VECTOR('',#4823,1.0);
#4821=DIRECTION('',(0,0,-1));
#4822=DIRECTION('',(-0.6593722780424142,-0.7518165992774815,0));
#4823=DIRECTION('',(0.18715261593621765,0.21339150574662305,0.958873278188218));
#4824=FACE_SURFACE('',(#4829),#4825,.T.);
#4825=PLANE('',#4826);
#4826=AXIS2_PLACEMENT_3D('',#320,#4827,#4828);
#4827=DIRECTION('',(-0.7518165992774816,0.6593722780424142,0));
#4828=DIRECTION('',(-0.18715261593621765,-0.21339150574662305,-0.958873278188218));
#4829=FACE_BOUND('',#4830,.T.);
#4830=EDGE_LOOP('',(#4831,#4832,#4833));
#4831=ORIENTED_EDGE('',*,*,#4834,.T.);
#4832=ORIENTED_EDGE('',*,*,#4835,.T.);
#4833=ORIENTED_EDGE('',*,*,#4836,.T.);
#4834=EDGE_CURVE('',#321,#365,#4837,.F.);
#4835=EDGE_CURVE('',#365,#367,#4838,.T.);
#4836=EDGE_CURVE('',#367,#321,#4839,.T.);
#4837=LINE('',#320,#4840);
#4838=LINE('',#364,#4841);
#4839=LINE('',#366,#4842);
#4840=VECTOR('',#4843,1.0);
#4841=VECTOR('',#4844,1.0);
#4842=VECTOR('',#4845,1.0);
#4843=DIRECTION('',(-0.18715261593621765,-0.21339150574662305,-0.958873278188218));
#4844=DIRECTION('',(0,0,1));
#4845=DIRECTION('',(0.6593722780424142,0.7518165992774815,0));
#4846=FACE_SURFACE('',(#4851),#4847,.T.);
#4847=PLANE('',#4848);
#4848=AXIS2_PLACEMENT_3D('',#366,#4849,#4850);
#4849=DIRECTION('',(-0.659372564838621,0.7518163477460027,0));
#4850=DIRECTION('',(0,0,-1));
#4851=FACE_BOUND('',#4852,.T.);
#4852=EDGE_LOOP('',(#4853,#4854,#4855));
#4853=ORIENTED_EDGE('',*,*,#4856,.T.);
#4854=ORIENTED_EDGE('',*,*,#4857,.T.);
#4855=ORIENTED_EDGE('',*,*,#4858,.T.);
#4856=EDGE_CURVE('',#367,#365,#4859,.F.);
#4857=EDGE_CURVE('',#365,#369,#4860,.T.);
#4858=EDGE_CURVE('',#369,#367,#4861,.T.);
#4859=LINE('',#366,#4862);
#4860=LINE('',#364,#4863);
#4861=LINE('',#368,#4864);
#4862=VECTOR('',#4865,1.0);
#4863=VECTOR('',#4866,1.0);
#4864=VECTOR('',#4867,1.0);
#4865=DIRECTION('',(0,0,-1));
#4866=DIRECTION('',(-0.7518163477460027,-0.6593725648386211,0));
#4867=DIRECTION('',(0.21339131748550774,0.18715259484121774,0.9588733242018981));
#4868=FACE_SURFACE('',(#4873),#4869,.T.);
#4869=PLANE('',#4870);
#4870=AXIS2_PLACEMENT_3D('',#366,#4871,#4872);
#4871=DIRECTION('',(-0.659372564838621,0.7518163477460027,0));
#4872=DIRECTION('',(-0.21339131748550774,-0.18715259484121774,-0.9588733242018981));
#4873=FACE_BOUND('',#4874,.T.);
#4874=EDGE_LOOP('',(#4875,#4876,#4877));
#4875=ORIENTED_EDGE('',*,*,#4878,.T.);
#4876=ORIENTED_EDGE('',*,*,#4879,.T.);
#4877=ORIENTED_EDGE('',*,*,#4880,.T.);
#4878=EDGE_CURVE('',#367,#369,#4881,.F.);
#4879=EDGE_CURVE('',#369,#371,#4882,.T.);
#4880=EDGE_CURVE('',#371,#367,#4883,.T.);
#4881=LINE('',#366,#4884);
#4882=LINE('',#368,#4885);
#4883=LINE('',#370,#4886);
#4884=VECTOR('',#4887,1.0);
#4885=VECTOR('',#4888,1.0);
#4886=VECTOR('',#4889,1.0);
#4887=DIRECTION('',(-0.21339131748550774,-0.18715259484121774,-0.9588733242018981));
#4888=DIRECTION('',(0,0,1));
#4889=DIRECTION('',(0.7518163477460027,0.6593725648386211,0));
#4890=FACE_SURFACE('',(#4895),#4891,.T.);
#4891=PLANE('',#4892);
#4892=AXIS2_PLACEMENT_3D('',#372,#4893,#4894);
#4893=DIRECTION('',(-0.5555614426992971,0.8314754857395831,0));
#4894=DIRECTION('',(0,0,1));
#4895=FACE_BOUND('',#4896,.T.);
#4896=EDGE_LOOP('',(#4897,#4898,#4899));
#4897=ORIENTED_EDGE('',*,*,#4900,.T.);
#4898=ORIENTED_EDGE('',*,*,#4901,.T.);
#4899=ORIENTED_EDGE('',*,*,#4902,.T.);
#4900=EDGE_CURVE('',#373,#375,#4903,.F.);
#4901=EDGE_CURVE('',#375,#371,#4904,.T.);
#4902=EDGE_CURVE('',#371,#373,#4905,.T.);
#4903=LINE('',#372,#4906);
#4904=LINE('',#374,#4907);
#4905=LINE('',#370,#4908);
#4906=VECTOR('',#4909,1.0);
#4907=VECTOR('',#4910,1.0);
#4908=VECTOR('',#4911,1.0);
#4909=DIRECTION('',(0,0,1));
#4910=DIRECTION('',(0.8314754857395831,0.5555614426992971,0));
#4911=DIRECTION('',(-0.2359973251098281,-0.15768476240110696,-0.9588747458597043));
#4912=FACE_SURFACE('',(#4917),#4913,.T.);
#4913=PLANE('',#4914);
#4914=AXIS2_PLACEMENT_3D('',#372,#4915,#4916);
#4915=DIRECTION('',(-0.5555614426992971,0.8314754857395831,0));
#4916=DIRECTION('',(0.2359973251098281,0.15768476240110696,0.9588747458597043));
#4917=FACE_BOUND('',#4918,.T.);
#4918=EDGE_LOOP('',(#4919,#4920,#4921));
#4919=ORIENTED_EDGE('',*,*,#4922,.T.);
#4920=ORIENTED_EDGE('',*,*,#4923,.T.);
#4921=ORIENTED_EDGE('',*,*,#4924,.T.);
#4922=EDGE_CURVE('',#373,#371,#4925,.F.);
#4923=EDGE_CURVE('',#371,#369,#4926,.T.);
#4924=EDGE_CURVE('',#369,#373,#4927,.T.);
#4925=LINE('',#372,#4928);
#4926=LINE('',#370,#4929);
#4927=LINE('',#368,#4930);
#4928=VECTOR('',#4931,1.0);
#4929=VECTOR('',#4932,1.0);
#4930=VECTOR('',#4933,1.0);
#4931=DIRECTION('',(0.2359973251098281,0.15768476240110696,0.9588747458597043));
#4932=DIRECTION('',(0,0,-1));
#4933=DIRECTION('',(-0.8314754857395831,-0.5555614426992971,0));
#4934=FACE_SURFACE('',(#4939),#4935,.T.);
#4935=PLANE('',#4936);
#4936=AXIS2_PLACEMENT_3D('',#376,#4937,#4938);
#4937=DIRECTION('',(-0.44230129039599914,0.896866527702999,0));
#4938=DIRECTION('',(0.8968665277029989,0.4423012903959992,0));
#4939=FACE_BOUND('',#4940,.T.);
#4940=EDGE_LOOP('',(#4941,#4942,#4943));
#4941=ORIENTED_EDGE('',*,*,#4944,.T.);
#4942=ORIENTED_EDGE('',*,*,#4945,.T.);
#4943=ORIENTED_EDGE('',*,*,#4946,.T.);
#4944=EDGE_CURVE('',#377,#375,#4947,.F.);
#4945=EDGE_CURVE('',#375,#373,#4948,.T.);
#4946=EDGE_CURVE('',#373,#377,#4949,.T.);
#4947=LINE('',#376,#4950);
#4948=LINE('',#374,#4951);
#4949=LINE('',#372,#4952);
#4950=VECTOR('',#4953,1.0);
#4951=VECTOR('',#4954,1.0);
#4952=VECTOR('',#4955,1.0);
#4953=DIRECTION('',(0.8968665277029989,0.4423012903959992,0));
#4954=DIRECTION('',(0,0,-1));
#4955=DIRECTION('',(-0.2545655331969411,-0.1255422745140499,0.9588720074222608));
#4956=FACE_SURFACE('',(#4961),#4957,.T.);
#4957=PLANE('',#4958);
#4958=AXIS2_PLACEMENT_3D('',#374,#4959,#4960);
#4959=DIRECTION('',(0,0,-1));
#4960=DIRECTION('',(-0.38339652704720867,0.923583836502209,0));
#4961=FACE_BOUND('',#4962,.T.);
#4962=EDGE_LOOP('',(#4963,#4964,#4965));
#4963=ORIENTED_EDGE('',*,*,#4966,.T.);
#4964=ORIENTED_EDGE('',*,*,#4967,.T.);
#4965=ORIENTED_EDGE('',*,*,#4968,.T.);
#4966=EDGE_CURVE('',#375,#379,#4969,.F.);
#4967=EDGE_CURVE('',#379,#371,#4970,.T.);
#4968=EDGE_CURVE('',#371,#375,#4971,.T.);
#4969=LINE('',#374,#4972);
#4970=LINE('',#378,#4973);
#4971=LINE('',#370,#4974);
#4972=VECTOR('',#4975,1.0);
#4973=VECTOR('',#4976,1.0);
#4974=VECTOR('',#4977,1.0);
#4975=DIRECTION('',(-0.38339652704720867,0.923583836502209,0));
#4976=DIRECTION('',(0.565268131245506,-0.8249072310255338,0));
#4977=DIRECTION('',(-0.8314754857395831,-0.5555614426992971,0));
#4978=FACE_SURFACE('',(#4983),#4979,.T.);
#4979=PLANE('',#4980);
#4980=AXIS2_PLACEMENT_3D('',#366,#4981,#4982);
#4981=DIRECTION('',(-0,0,-1));
#4982=DIRECTION('',(-0.7518163477460027,-0.6593725648386211,0));
#4983=FACE_BOUND('',#4984,.T.);
#4984=EDGE_LOOP('',(#4985,#4986,#4987));
#4985=ORIENTED_EDGE('',*,*,#4988,.T.);
#4986=ORIENTED_EDGE('',*,*,#4989,.T.);
#4987=ORIENTED_EDGE('',*,*,#4990,.T.);
#4988=EDGE_CURVE('',#367,#371,#4991,.F.);
#4989=EDGE_CURVE('',#371,#379,#4992,.T.);
#4990=EDGE_CURVE('',#379,#367,#4993,.T.);
#4991=LINE('',#366,#4994);
#4992=LINE('',#370,#4995);
#4993=LINE('',#378,#4996);
#4994=VECTOR('',#4997,1.0);
#4995=VECTOR('',#4998,1.0);
#4996=VECTOR('',#4999,1.0);
#4997=DIRECTION('',(-0.7518163477460027,-0.6593725648386211,0));
#4998=DIRECTION('',(-0.565268131245506,0.8249072310255338,0));
#4999=DIRECTION('',(0.7251451522172071,-0.6885960413884789,0));
#5000=FACE_SURFACE('',(#5005),#5001,.T.);
#5001=PLANE('',#5002);
#5002=AXIS2_PLACEMENT_3D('',#376,#5003,#5004);
#5003=DIRECTION('',(0,0,-1));
#5004=DIRECTION('',(-0.19227609416572522,0.9813408702445716,0));
#5005=FACE_BOUND('',#5006,.T.);
#5006=EDGE_LOOP('',(#5007,#5008,#5009));
#5007=ORIENTED_EDGE('',*,*,#5010,.T.);
#5008=ORIENTED_EDGE('',*,*,#5011,.T.);
#5009=ORIENTED_EDGE('',*,*,#5012,.T.);
#5010=EDGE_CURVE('',#377,#379,#5013,.F.);
#5011=EDGE_CURVE('',#379,#375,#5014,.T.);
#5012=EDGE_CURVE('',#375,#377,#5015,.T.);
#5013=LINE('',#376,#5016);
#5014=LINE('',#378,#5017);
#5015=LINE('',#374,#5018);
#5016=VECTOR('',#5019,1.0);
#5017=VECTOR('',#5020,1.0);
#5018=VECTOR('',#5021,1.0);
#5019=DIRECTION('',(-0.19227609416572522,0.9813408702445716,0));
#5020=DIRECTION('',(0.38339652704720867,-0.923583836502209,0));
#5021=DIRECTION('',(-0.8968665277029989,-0.4423012903959992,0));
#5022=FACE_SURFACE('',(#5027),#5023,.T.);
#5023=PLANE('',#5024);
#5024=AXIS2_PLACEMENT_3D('',#320,#5025,#5026);
#5025=DIRECTION('',(-0,0,-1));
#5026=DIRECTION('',(-0.6593722780424142,-0.7518165992774815,0));
#5027=FACE_BOUND('',#5028,.T.);
#5028=EDGE_LOOP('',(#5029,#5030,#5031));
#5029=ORIENTED_EDGE('',*,*,#5032,.T.);
#5030=ORIENTED_EDGE('',*,*,#5033,.T.);
#5031=ORIENTED_EDGE('',*,*,#5034,.T.);
#5032=EDGE_CURVE('',#321,#367,#5035,.F.);
#5033=EDGE_CURVE('',#367,#379,#5036,.T.);
#5034=EDGE_CURVE('',#379,#321,#5037,.T.);
#5035=LINE('',#320,#5038);
#5036=LINE('',#366,#5039);
#5037=LINE('',#378,#5040);
#5038=VECTOR('',#5041,1.0);
#5039=VECTOR('',#5042,1.0);
#5040=VECTOR('',#5043,1.0);
#5041=DIRECTION('',(-0.6593722780424142,-0.7518165992774815,0));
#5042=DIRECTION('',(-0.7251451522172071,0.6885960413884789,0));
#5043=DIRECTION('',(0.8522027885624298,-0.5232116275145445,0));
#5044=FACE_SURFACE('',(#5049),#5045,.T.);
#5045=PLANE('',#5046);
#5046=AXIS2_PLACEMENT_3D('',#380,#5047,#5048);
#5047=DIRECTION('',(0.3137788568677503,-0.949496092136649,0));
#5048=DIRECTION('',(0.1042165169707162,0.0344403097944542,-0.9939581392854301));
#5049=FACE_BOUND('',#5050,.T.);
#5050=EDGE_LOOP('',(#5051,#5052,#5053));
#5051=ORIENTED_EDGE('',*,*,#5054,.T.);
#5052=ORIENTED_EDGE('',*,*,#5055,.T.);
#5053=ORIENTED_EDGE('',*,*,#5056,.T.);
#5054=EDGE_CURVE('',#381,#383,#5057,.F.);
#5055=EDGE_CURVE('',#383,#385,#5058,.T.);
#5056=EDGE_CURVE('',#385,#381,#5059,.T.);
#5057=LINE('',#380,#5060);
#5058=LINE('',#382,#5061);
#5059=LINE('',#384,#5062);
#5060=VECTOR('',#5063,1.0);
#5061=VECTOR('',#5064,1.0);
#5062=VECTOR('',#5065,1.0);
#5063=DIRECTION('',(0.1042165169707162,0.0344403097944542,-0.9939581392854301));
#5064=DIRECTION('',(0,0,1));
#5065=DIRECTION('',(-0.949496092136649,-0.31377885686775026,0));
#5066=FACE_SURFACE('',(#5071),#5067,.T.);
#5067=PLANE('',#5068);
#5068=AXIS2_PLACEMENT_3D('',#382,#5069,#5070);
#5069=DIRECTION('',(0.3137788568677503,-0.949496092136649,0));
#5070=DIRECTION('',(-0.1042165169707162,-0.0344403097944542,0.9939581392854301));
#5071=FACE_BOUND('',#5072,.T.);
#5072=EDGE_LOOP('',(#5073,#5074,#5075));
#5073=ORIENTED_EDGE('',*,*,#5076,.T.);
#5074=ORIENTED_EDGE('',*,*,#5077,.T.);
#5075=ORIENTED_EDGE('',*,*,#5078,.T.);
#5076=EDGE_CURVE('',#383,#381,#5079,.F.);
#5077=EDGE_CURVE('',#381,#387,#5080,.T.);
#5078=EDGE_CURVE('',#387,#383,#5081,.T.);
#5079=LINE('',#382,#5082);
#5080=LINE('',#380,#5083);
#5081=LINE('',#386,#5084);
#5082=VECTOR('',#5085,1.0);
#5083=VECTOR('',#5086,1.0);
#5084=VECTOR('',#5087,1.0);
#5085=DIRECTION('',(-0.1042165169707162,-0.0344403097944542,0.9939581392854301));
#5086=DIRECTION('',(0,0,-1));
#5087=DIRECTION('',(0.949496092136649,0.31377885686775026,0));
#5088=FACE_SURFACE('',(#5093),#5089,.T.);
#5089=PLANE('',#5090);
#5090=AXIS2_PLACEMENT_3D('',#388,#5091,#5092);
#5091=DIRECTION('',(0.3594973245727894,-0.9331461159030812,0));
#5092=DIRECTION('',(-0.9331461159030812,-0.3594973245727894,0));
#5093=FACE_BOUND('',#5094,.T.);
#5094=EDGE_LOOP('',(#5095,#5096,#5097));
#5095=ORIENTED_EDGE('',*,*,#5098,.T.);
#5096=ORIENTED_EDGE('',*,*,#5099,.T.);
#5097=ORIENTED_EDGE('',*,*,#5100,.T.);
#5098=EDGE_CURVE('',#389,#385,#5101,.F.);
#5099=EDGE_CURVE('',#385,#391,#5102,.T.);
#5100=EDGE_CURVE('',#391,#389,#5103,.T.);
#5101=LINE('',#388,#5104);
#5102=LINE('',#384,#5105);
#5103=LINE('',#390,#5106);
#5104=VECTOR('',#5107,1.0);
#5105=VECTOR('',#5108,1.0);
#5106=VECTOR('',#5109,1.0);
#5107=DIRECTION('',(-0.9331461159030812,-0.3594973245727894,0));
#5108=DIRECTION('',(0.10242731434710783,0.03946042837602703,-0.9939575040553893));
#5109=DIRECTION('',(0,0,1));
#5110=FACE_SURFACE('',(#5115),#5111,.T.);
#5111=PLANE('',#5112);
#5112=AXIS2_PLACEMENT_3D('',#382,#5113,#5114);
#5113=DIRECTION('',(0.3594973245727894,-0.9331461159030812,0));
#5114=DIRECTION('',(0.9331461159030812,0.3594973245727894,0));
#5115=FACE_BOUND('',#5116,.T.);
#5116=EDGE_LOOP('',(#5117,#5118,#5119));
#5117=ORIENTED_EDGE('',*,*,#5120,.T.);
#5118=ORIENTED_EDGE('',*,*,#5121,.T.);
#5119=ORIENTED_EDGE('',*,*,#5122,.T.);
#5120=EDGE_CURVE('',#383,#391,#5123,.F.);
#5121=EDGE_CURVE('',#391,#385,#5124,.T.);
#5122=EDGE_CURVE('',#385,#383,#5125,.T.);
#5123=LINE('',#382,#5126);
#5124=LINE('',#390,#5127);
#5125=LINE('',#384,#5128);
#5126=VECTOR('',#5129,1.0);
#5127=VECTOR('',#5130,1.0);
#5128=VECTOR('',#5131,1.0);
#5129=DIRECTION('',(0.9331461159030812,0.3594973245727894,0));
#5130=DIRECTION('',(-0.10242731434710783,-0.03946042837602703,0.9939575040553893));
#5131=DIRECTION('',(0,0,-1));
#5132=FACE_SURFACE('',(#5137),#5133,.T.);
#5133=PLANE('',#5134);
#5134=AXIS2_PLACEMENT_3D('',#390,#5135,#5136);
#5135=DIRECTION('',(0.40525762482449135,-0.9142025254404036,0));
#5136=DIRECTION('',(0.9142025254404036,0.4052576248244913,0));
#5137=FACE_BOUND('',#5138,.T.);
#5138=EDGE_LOOP('',(#5139,#5140,#5141));
#5139=ORIENTED_EDGE('',*,*,#5142,.T.);
#5140=ORIENTED_EDGE('',*,*,#5143,.T.);
#5141=ORIENTED_EDGE('',*,*,#5144,.T.);
#5142=EDGE_CURVE('',#391,#329,#5145,.F.);
#5143=EDGE_CURVE('',#329,#389,#5146,.T.);
#5144=EDGE_CURVE('',#389,#391,#5147,.T.);
#5145=LINE('',#390,#5148);
#5146=LINE('',#328,#5149);
#5147=LINE('',#388,#5150);
#5148=VECTOR('',#5151,1.0);
#5149=VECTOR('',#5152,1.0);
#5150=VECTOR('',#5153,1.0);
#5151=DIRECTION('',(0.9142025254404036,0.4052576248244913,0));
#5152=DIRECTION('',(-0.10034010843468612,-0.04447985308209876,0.9939584525064972));
#5153=DIRECTION('',(0,0,-1));
#5154=FACE_SURFACE('',(#5159),#5155,.T.);
#5155=PLANE('',#5156);
#5156=AXIS2_PLACEMENT_3D('',#388,#5157,#5158);
#5157=DIRECTION('',(0.40525762482449135,-0.9142025254404036,0));
#5158=DIRECTION('',(0.10034010843468612,0.04447985308209876,-0.9939584525064972));
#5159=FACE_BOUND('',#5160,.T.);
#5160=EDGE_LOOP('',(#5161,#5162,#5163));
#5161=ORIENTED_EDGE('',*,*,#5164,.T.);
#5162=ORIENTED_EDGE('',*,*,#5165,.T.);
#5163=ORIENTED_EDGE('',*,*,#5166,.T.);
#5164=EDGE_CURVE('',#389,#329,#5167,.F.);
#5165=EDGE_CURVE('',#329,#325,#5168,.T.);
#5166=EDGE_CURVE('',#325,#389,#5169,.T.);
#5167=LINE('',#388,#5170);
#5168=LINE('',#328,#5171);
#5169=LINE('',#324,#5172);
#5170=VECTOR('',#5173,1.0);
#5171=VECTOR('',#5174,1.0);
#5172=VECTOR('',#5175,1.0);
#5173=DIRECTION('',(0.10034010843468612,0.04447985308209876,-0.9939584525064972));
#5174=DIRECTION('',(0,0,1));
#5175=DIRECTION('',(-0.9142025254404036,-0.4052576248244913,0));
#5176=FACE_SURFACE('',(#5181),#5177,.T.);
#5177=PLANE('',#5178);
#5178=AXIS2_PLACEMENT_3D('',#392,#5179,#5180);
#5179=DIRECTION('',(-0.44230129039599914,0.896866527702999,0));
#5180=DIRECTION('',(0,0,1));
#5181=FACE_BOUND('',#5182,.T.);
#5182=EDGE_LOOP('',(#5183,#5184,#5185));
#5183=ORIENTED_EDGE('',*,*,#5186,.T.);
#5184=ORIENTED_EDGE('',*,*,#5187,.T.);
#5185=ORIENTED_EDGE('',*,*,#5188,.T.);
#5186=EDGE_CURVE('',#393,#377,#5189,.F.);
#5187=EDGE_CURVE('',#377,#373,#5190,.T.);
#5188=EDGE_CURVE('',#373,#393,#5191,.T.);
#5189=LINE('',#392,#5192);
#5190=LINE('',#376,#5193);
#5191=LINE('',#372,#5194);
#5192=VECTOR('',#5195,1.0);
#5193=VECTOR('',#5196,1.0);
#5194=VECTOR('',#5197,1.0);
#5195=DIRECTION('',(0,0,1));
#5196=DIRECTION('',(0.2545655331969411,0.1255422745140499,-0.9588720074222608));
#5197=DIRECTION('',(-0.8968665277029989,-0.4423012903959992,0));
#5198=FACE_SURFACE('',(#5203),#5199,.T.);
#5199=PLANE('',#5200);
#5200=AXIS2_PLACEMENT_3D('',#394,#5201,#5202);
#5201=DIRECTION('',(-0.3214498083724691,0.9469266184331829,0));
#5202=DIRECTION('',(0,0,1));
#5203=FACE_BOUND('',#5204,.T.);
#5204=EDGE_LOOP('',(#5205,#5206,#5207));
#5205=ORIENTED_EDGE('',*,*,#5208,.T.);
#5206=ORIENTED_EDGE('',*,*,#5209,.T.);
#5207=ORIENTED_EDGE('',*,*,#5210,.T.);
#5208=EDGE_CURVE('',#395,#397,#5211,.F.);
#5209=EDGE_CURVE('',#397,#377,#5212,.T.);
#5210=EDGE_CURVE('',#377,#395,#5213,.T.);
#5211=LINE('',#394,#5214);
#5212=LINE('',#396,#5215);
#5213=LINE('',#376,#5216);
#5214=VECTOR('',#5217,1.0);
#5215=VECTOR('',#5218,1.0);
#5216=VECTOR('',#5219,1.0);
#5217=DIRECTION('',(0,0,1));
#5218=DIRECTION('',(0.9469266184331829,0.3214498083724691,0));
#5219=DIRECTION('',(-0.2687469977358675,-0.09123058665919927,-0.9588806136666733));
#5220=FACE_SURFACE('',(#5225),#5221,.T.);
#5221=PLANE('',#5222);
#5222=AXIS2_PLACEMENT_3D('',#394,#5223,#5224);
#5223=DIRECTION('',(-0.3214498083724691,0.9469266184331829,0));
#5224=DIRECTION('',(0.2687469977358675,0.09123058665919927,0.9588806136666733));
#5225=FACE_BOUND('',#5226,.T.);
#5226=EDGE_LOOP('',(#5227,#5228,#5229));
#5227=ORIENTED_EDGE('',*,*,#5230,.T.);
#5228=ORIENTED_EDGE('',*,*,#5231,.T.);
#5229=ORIENTED_EDGE('',*,*,#5232,.T.);
#5230=EDGE_CURVE('',#395,#377,#5233,.F.);
#5231=EDGE_CURVE('',#377,#393,#5234,.T.);
#5232=EDGE_CURVE('',#393,#395,#5235,.T.);
#5233=LINE('',#394,#5236);
#5234=LINE('',#376,#5237);
#5235=LINE('',#392,#5238);
#5236=VECTOR('',#5239,1.0);
#5237=VECTOR('',#5240,1.0);
#5238=VECTOR('',#5241,1.0);
#5239=DIRECTION('',(0.2687469977358675,0.09123058665919927,0.9588806136666733));
#5240=DIRECTION('',(0,0,-1));
#5241=DIRECTION('',(-0.9469266184331829,-0.3214498083724691,0));
#5242=FACE_SURFACE('',(#5247),#5243,.T.);
#5243=PLANE('',#5244);
#5244=AXIS2_PLACEMENT_3D('',#396,#5245,#5246);
#5245=DIRECTION('',(0,0,-1));
#5246=DIRECTION('',(-0.003622498299482332,0.99999343873151,0));
#5247=FACE_BOUND('',#5248,.T.);
#5248=EDGE_LOOP('',(#5249,#5250,#5251));
#5249=ORIENTED_EDGE('',*,*,#5252,.T.);
#5250=ORIENTED_EDGE('',*,*,#5253,.T.);
#5251=ORIENTED_EDGE('',*,*,#5254,.T.);
#5252=EDGE_CURVE('',#397,#379,#5255,.F.);
#5253=EDGE_CURVE('',#379,#377,#5256,.T.);
#5254=EDGE_CURVE('',#377,#397,#5257,.T.);
#5255=LINE('',#396,#5258);
#5256=LINE('',#378,#5259);
#5257=LINE('',#376,#5260);
#5258=VECTOR('',#5261,1.0);
#5259=VECTOR('',#5262,1.0);
#5260=VECTOR('',#5263,1.0);
#5261=DIRECTION('',(-0.003622498299482332,0.99999343873151,0));
#5262=DIRECTION('',(0.19227609416572522,-0.9813408702445716,0));
#5263=DIRECTION('',(-0.9469266184331829,-0.3214498083724691,0));
#5264=FACE_SURFACE('',(#5269),#5265,.T.);
#5265=PLANE('',#5266);
#5266=AXIS2_PLACEMENT_3D('',#398,#5267,#5268);
#5267=DIRECTION('',(1,0,0));
#5268=DIRECTION('',(0,1,0));
#5269=FACE_BOUND('',#5270,.T.);
#5270=EDGE_LOOP('',(#5271,#5272,#5273));
#5271=ORIENTED_EDGE('',*,*,#5274,.T.);
#5272=ORIENTED_EDGE('',*,*,#5275,.T.);
#5273=ORIENTED_EDGE('',*,*,#5276,.T.);
#5274=EDGE_CURVE('',#399,#233,#5277,.F.);
#5275=EDGE_CURVE('',#233,#113,#5278,.T.);
#5276=EDGE_CURVE('',#113,#399,#5279,.T.);
#5277=LINE('',#398,#5280);
#5278=LINE('',#232,#5281);
#5279=LINE('',#112,#5282);
#5280=VECTOR('',#5283,1.0);
#5281=VECTOR('',#5284,1.0);
#5282=VECTOR('',#5285,1.0);
#5283=DIRECTION('',(0,1,0));
#5284=DIRECTION('',(0,0,1));
#5285=DIRECTION('',(0,-0.2059793354884373,-0.9785563414294252));
#5286=FACE_SURFACE('',(#5291),#5287,.T.);
#5287=PLANE('',#5288);
#5288=AXIS2_PLACEMENT_3D('',#398,#5289,#5290);
#5289=DIRECTION('',(1,0,0));
#5290=DIRECTION('',(0,0.2059793354884373,0.9785563414294252));
#5291=FACE_BOUND('',#5292,.T.);
#5292=EDGE_LOOP('',(#5293,#5294,#5295));
#5293=ORIENTED_EDGE('',*,*,#5296,.T.);
#5294=ORIENTED_EDGE('',*,*,#5297,.T.);
#5295=ORIENTED_EDGE('',*,*,#5298,.T.);
#5296=EDGE_CURVE('',#399,#113,#5299,.F.);
#5297=EDGE_CURVE('',#113,#379,#5300,.T.);
#5298=EDGE_CURVE('',#379,#399,#5301,.T.);
#5299=LINE('',#398,#5302);
#5300=LINE('',#112,#5303);
#5301=LINE('',#378,#5304);
#5302=VECTOR('',#5305,1.0);
#5303=VECTOR('',#5306,1.0);
#5304=VECTOR('',#5307,1.0);
#5305=DIRECTION('',(0,0.2059793354884373,0.9785563414294252));
#5306=DIRECTION('',(0,-1,0));
#5307=DIRECTION('',(0,0,-1));
#5308=FACE_SURFACE('',(#5313),#5309,.T.);
#5309=PLANE('',#5310);
#5310=AXIS2_PLACEMENT_3D('',#386,#5311,#5312);
#5311=DIRECTION('',(0.2666416713877036,-0.9637957351428632,0));
#5312=DIRECTION('',(0,0,1));
#5313=FACE_BOUND('',#5314,.T.);
#5314=EDGE_LOOP('',(#5315,#5316,#5317));
#5315=ORIENTED_EDGE('',*,*,#5318,.T.);
#5316=ORIENTED_EDGE('',*,*,#5319,.T.);
#5317=ORIENTED_EDGE('',*,*,#5320,.T.);
#5318=EDGE_CURVE('',#387,#381,#5321,.F.);
#5319=EDGE_CURVE('',#381,#401,#5322,.T.);
#5320=EDGE_CURVE('',#401,#387,#5323,.T.);
#5321=LINE('',#386,#5324);
#5322=LINE('',#380,#5325);
#5323=LINE('',#400,#5326);
#5324=VECTOR('',#5327,1.0);
#5325=VECTOR('',#5328,1.0);
#5326=VECTOR('',#5329,1.0);
#5327=DIRECTION('',(0,0,1));
#5328=DIRECTION('',(-0.9637957351428631,-0.2666416713877036,0));
#5329=DIRECTION('',(0.10580657902802254,0.02927222236739319,-0.9939557861555315));
#5330=FACE_SURFACE('',(#5335),#5331,.T.);
#5331=PLANE('',#5332);
#5332=AXIS2_PLACEMENT_3D('',#386,#5333,#5334);
#5333=DIRECTION('',(0.2666416713877036,-0.9637957351428632,0));
#5334=DIRECTION('',(-0.10580657902802254,-0.02927222236739319,0.9939557861555315));
#5335=FACE_BOUND('',#5336,.T.);
#5336=EDGE_LOOP('',(#5337,#5338,#5339));
#5337=ORIENTED_EDGE('',*,*,#5340,.T.);
#5338=ORIENTED_EDGE('',*,*,#5341,.T.);
#5339=ORIENTED_EDGE('',*,*,#5342,.T.);
#5340=EDGE_CURVE('',#387,#401,#5343,.F.);
#5341=EDGE_CURVE('',#401,#403,#5344,.T.);
#5342=EDGE_CURVE('',#403,#387,#5345,.T.);
#5343=LINE('',#386,#5346);
#5344=LINE('',#400,#5347);
#5345=LINE('',#402,#5348);
#5346=VECTOR('',#5349,1.0);
#5347=VECTOR('',#5350,1.0);
#5348=VECTOR('',#5351,1.0);
#5349=DIRECTION('',(-0.10580657902802254,-0.02927222236739319,0.9939557861555315));
#5350=DIRECTION('',(0,0,-1));
#5351=DIRECTION('',(0.9637957351428631,0.2666416713877036,0));
#5352=FACE_SURFACE('',(#5357),#5353,.T.);
#5353=PLANE('',#5354);
#5354=AXIS2_PLACEMENT_3D('',#394,#5355,#5356);
#5355=DIRECTION('',(-0.19519168489624064,0.9807651126275683,0));
#5356=DIRECTION('',(-0.9807651126275684,-0.19519168489624064,0));
#5357=FACE_BOUND('',#5358,.T.);
#5358=EDGE_LOOP('',(#5359,#5360,#5361));
#5359=ORIENTED_EDGE('',*,*,#5362,.T.);
#5360=ORIENTED_EDGE('',*,*,#5363,.T.);
#5361=ORIENTED_EDGE('',*,*,#5364,.T.);
#5362=EDGE_CURVE('',#395,#405,#5365,.F.);
#5363=EDGE_CURVE('',#405,#397,#5366,.T.);
#5364=EDGE_CURVE('',#397,#395,#5367,.T.);
#5365=LINE('',#394,#5368);
#5366=LINE('',#404,#5369);
#5367=LINE('',#396,#5370);
#5368=VECTOR('',#5371,1.0);
#5369=VECTOR('',#5372,1.0);
#5370=VECTOR('',#5373,1.0);
#5371=DIRECTION('',(-0.9807651126275684,-0.19519168489624064,0));
#5372=DIRECTION('',(0.27838187223258165,0.05540350690092463,0.9588712033612031));
#5373=DIRECTION('',(0,0,-1));
#5374=FACE_SURFACE('',(#5379),#5375,.T.);
#5375=PLANE('',#5376);
#5376=AXIS2_PLACEMENT_3D('',#406,#5377,#5378);
#5377=DIRECTION('',(0,0,-1));
#5378=DIRECTION('',(0.17390455355867068,0.9847625126148738,0));
#5379=FACE_BOUND('',#5380,.T.);
#5380=EDGE_LOOP('',(#5381,#5382,#5383));
#5381=ORIENTED_EDGE('',*,*,#5384,.T.);
#5382=ORIENTED_EDGE('',*,*,#5385,.T.);
#5383=ORIENTED_EDGE('',*,*,#5386,.T.);
#5384=EDGE_CURVE('',#407,#379,#5387,.F.);
#5385=EDGE_CURVE('',#379,#397,#5388,.T.);
#5386=EDGE_CURVE('',#397,#407,#5389,.T.);
#5387=LINE('',#406,#5390);
#5388=LINE('',#378,#5391);
#5389=LINE('',#396,#5392);
#5390=VECTOR('',#5393,1.0);
#5391=VECTOR('',#5394,1.0);
#5392=VECTOR('',#5395,1.0);
#5393=DIRECTION('',(0.17390455355867068,0.9847625126148738,0));
#5394=DIRECTION('',(0.003622498299482332,-0.99999343873151,0));
#5395=DIRECTION('',(-0.9807651126275684,-0.19519168489624064,0));
#5396=FACE_SURFACE('',(#5401),#5397,.T.);
#5397=PLANE('',#5398);
#5398=AXIS2_PLACEMENT_3D('',#408,#5399,#5400);
#5399=DIRECTION('',(0,0,1));
#5400=DIRECTION('',(0.04907729174238233,-0.9987949836854575,0));
#5401=FACE_BOUND('',#5402,.T.);
#5402=EDGE_LOOP('',(#5403,#5404,#5405));
#5403=ORIENTED_EDGE('',*,*,#5406,.T.);
#5404=ORIENTED_EDGE('',*,*,#5407,.T.);
#5405=ORIENTED_EDGE('',*,*,#5408,.T.);
#5406=EDGE_CURVE('',#409,#257,#5409,.F.);
#5407=EDGE_CURVE('',#257,#411,#5410,.T.);
#5408=EDGE_CURVE('',#411,#409,#5411,.T.);
#5409=LINE('',#408,#5412);
#5410=LINE('',#256,#5413);
#5411=LINE('',#410,#5414);
#5412=VECTOR('',#5415,1.0);
#5413=VECTOR('',#5416,1.0);
#5414=VECTOR('',#5417,1.0);
#5415=DIRECTION('',(0.04907729174238233,-0.9987949836854575,0));
#5416=DIRECTION('',(0.018195470546985542,0.9998344487221741,0));
#5417=DIRECTION('',(-0.9756966432317716,0.219125672585968,0));
#5418=FACE_SURFACE('',(#5423),#5419,.T.);
#5419=PLANE('',#5420);
#5420=AXIS2_PLACEMENT_3D('',#412,#5421,#5422);
#5421=DIRECTION('',(0,0,1));
#5422=DIRECTION('',(-0.9141999656662768,0.4052633992550751,0));
#5423=FACE_BOUND('',#5424,.T.);
#5424=EDGE_LOOP('',(#5425,#5426,#5427));
#5425=ORIENTED_EDGE('',*,*,#5428,.T.);
#5426=ORIENTED_EDGE('',*,*,#5429,.T.);
#5427=ORIENTED_EDGE('',*,*,#5430,.T.);
#5428=EDGE_CURVE('',#413,#275,#5431,.F.);
#5429=EDGE_CURVE('',#275,#257,#5432,.T.);
#5430=EDGE_CURVE('',#257,#413,#5433,.T.);
#5431=LINE('',#412,#5434);
#5432=LINE('',#274,#5435);
#5433=LINE('',#256,#5436);
#5434=VECTOR('',#5437,1.0);
#5435=VECTOR('',#5438,1.0);
#5436=VECTOR('',#5439,1.0);
#5437=DIRECTION('',(-0.9141999656662768,0.4052633992550751,0));
#5438=DIRECTION('',(-0.22604757632212194,-0.9741162626909041,0));
#5439=DIRECTION('',(0.29583142473209073,0.955240162546038,0));
#5440=FACE_SURFACE('',(#5445),#5441,.T.);
#5441=PLANE('',#5442);
#5442=AXIS2_PLACEMENT_3D('',#254,#5443,#5444);
#5443=DIRECTION('',(0,0,1));
#5444=DIRECTION('',(0.9590360405422664,0.28328408522367093,0));
#5445=FACE_BOUND('',#5446,.T.);
#5446=EDGE_LOOP('',(#5447,#5448,#5449));
#5447=ORIENTED_EDGE('',*,*,#5450,.T.);
#5448=ORIENTED_EDGE('',*,*,#5451,.T.);
#5449=ORIENTED_EDGE('',*,*,#5452,.T.);
#5450=EDGE_CURVE('',#255,#415,#5453,.F.);
#5451=EDGE_CURVE('',#415,#257,#5454,.T.);
#5452=EDGE_CURVE('',#257,#255,#5455,.T.);
#5453=LINE('',#254,#5456);
#5454=LINE('',#414,#5457);
#5455=LINE('',#256,#5458);
#5456=VECTOR('',#5459,1.0);
#5457=VECTOR('',#5460,1.0);
#5458=VECTOR('',#5461,1.0);
#5459=DIRECTION('',(0.9590360405422664,0.28328408522367093,0));
#5460=DIRECTION('',(-0.9863006459558433,-0.16495767877575807,0));
#5461=DIRECTION('',(0,-1,0));
#5462=FACE_SURFACE('',(#5467),#5463,.T.);
#5463=PLANE('',#5464);
#5464=AXIS2_PLACEMENT_3D('',#70,#5465,#5466);
#5465=DIRECTION('',(-0,0,1));
#5466=DIRECTION('',(-0.06493530625831719,-0.9978894758444636,0));
#5467=FACE_BOUND('',#5468,.T.);
#5468=EDGE_LOOP('',(#5469,#5470,#5471));
#5469=ORIENTED_EDGE('',*,*,#5472,.T.);
#5470=ORIENTED_EDGE('',*,*,#5473,.T.);
#5471=ORIENTED_EDGE('',*,*,#5474,.T.);
#5472=EDGE_CURVE('',#71,#75,#5475,.F.);
#5473=EDGE_CURVE('',#75,#417,#5476,.T.);
#5474=EDGE_CURVE('',#417,#71,#5477,.T.);
#5475=LINE('',#70,#5478);
#5476=LINE('',#74,#5479);
#5477=LINE('',#416,#5480);
#5478=VECTOR('',#5481,1.0);
#5479=VECTOR('',#5482,1.0);
#5480=VECTOR('',#5483,1.0);
#5481=DIRECTION('',(-0.06493530625831719,-0.9978894758444636,0));
#5482=DIRECTION('',(0.9962429231313068,0.08660276041090809,0));
#5483=DIRECTION('',(-0.9983659812196367,-0.05714339457322992,0));
#5484=FACE_SURFACE('',(#5489),#5485,.T.);
#5485=PLANE('',#5486);
#5486=AXIS2_PLACEMENT_3D('',#254,#5487,#5488);
#5487=DIRECTION('',(0,0,1));
#5488=DIRECTION('',(-0.6260995311716827,-0.7797431481369999,0));
#5489=FACE_BOUND('',#5490,.T.);
#5490=EDGE_LOOP('',(#5491,#5492,#5493));
#5491=ORIENTED_EDGE('',*,*,#5494,.T.);
#5492=ORIENTED_EDGE('',*,*,#5495,.T.);
#5493=ORIENTED_EDGE('',*,*,#5496,.T.);
#5494=EDGE_CURVE('',#255,#59,#5497,.F.);
#5495=EDGE_CURVE('',#59,#417,#5498,.T.);
#5496=EDGE_CURVE('',#417,#255,#5499,.T.);
#5497=LINE('',#254,#5500);
#5498=LINE('',#58,#5501);
#5499=LINE('',#416,#5502);
#5500=VECTOR('',#5503,1.0);
#5501=VECTOR('',#5504,1.0);
#5502=VECTOR('',#5505,1.0);
#5503=DIRECTION('',(-0.6260995311716827,-0.7797431481369999,0));
#5504=DIRECTION('',(0.9995579529609503,-0.029730433439734662,0));
#5505=DIRECTION('',(-0.9825064501290726,0.18622855703346933,0));
#5506=FACE_SURFACE('',(#5511),#5507,.T.);
#5507=PLANE('',#5508);
#5508=AXIS2_PLACEMENT_3D('',#418,#5509,#5510);
#5509=DIRECTION('',(0,0,1));
#5510=DIRECTION('',(0.975695166160674,0.21913224940819404,0));
#5511=FACE_BOUND('',#5512,.T.);
#5512=EDGE_LOOP('',(#5513,#5514,#5515));
#5513=ORIENTED_EDGE('',*,*,#5516,.T.);
#5514=ORIENTED_EDGE('',*,*,#5517,.T.);
#5515=ORIENTED_EDGE('',*,*,#5518,.T.);
#5516=EDGE_CURVE('',#419,#401,#5519,.F.);
#5517=EDGE_CURVE('',#401,#237,#5520,.T.);
#5518=EDGE_CURVE('',#237,#419,#5521,.T.);
#5519=LINE('',#418,#5522);
#5520=LINE('',#400,#5523);
#5521=LINE('',#236,#5524);
#5522=VECTOR('',#5525,1.0);
#5523=VECTOR('',#5526,1.0);
#5524=VECTOR('',#5527,1.0);
#5525=DIRECTION('',(0.975695166160674,0.21913224940819404,0));
#5526=DIRECTION('',(0.0028119284476288754,0.9999960465213877,0));
#5527=DIRECTION('',(-0.06966082139841914,-0.997570734315165,0));
#5528=FACE_SURFACE('',(#5533),#5529,.T.);
#5529=PLANE('',#5530);
#5530=AXIS2_PLACEMENT_3D('',#420,#5531,#5532);
#5531=DIRECTION('',(0.9494958718241425,0.313779523533502,0));
#5532=DIRECTION('',(0,0,-1));
#5533=FACE_BOUND('',#5534,.T.);
#5534=EDGE_LOOP('',(#5535,#5536,#5537));
#5535=ORIENTED_EDGE('',*,*,#5538,.T.);
#5536=ORIENTED_EDGE('',*,*,#5539,.T.);
#5537=ORIENTED_EDGE('',*,*,#5540,.T.);
#5538=EDGE_CURVE('',#421,#423,#5541,.F.);
#5539=EDGE_CURVE('',#423,#425,#5542,.T.);
#5540=EDGE_CURVE('',#425,#421,#5543,.T.);
#5541=LINE('',#420,#5544);
#5542=LINE('',#422,#5545);
#5543=LINE('',#424,#5546);
#5544=VECTOR('',#5547,1.0);
#5545=VECTOR('',#5548,1.0);
#5546=VECTOR('',#5549,1.0);
#5547=DIRECTION('',(0,0,-1));
#5548=DIRECTION('',(-0.03444063844837693,0.10421726587340632,0.9939580493748918));
#5549=DIRECTION('',(0.313779523533502,-0.9494958718241426,0));
#5550=FACE_SURFACE('',(#5555),#5551,.T.);
#5551=PLANE('',#5552);
#5552=AXIS2_PLACEMENT_3D('',#426,#5553,#5554);
#5553=DIRECTION('',(0.9494958718241425,0.313779523533502,-0));
#5554=DIRECTION('',(0,0,1));
#5555=FACE_BOUND('',#5556,.T.);
#5556=EDGE_LOOP('',(#5557,#5558,#5559));
#5557=ORIENTED_EDGE('',*,*,#5560,.T.);
#5558=ORIENTED_EDGE('',*,*,#5561,.T.);
#5559=ORIENTED_EDGE('',*,*,#5562,.T.);
#5560=EDGE_CURVE('',#427,#425,#5563,.F.);
#5561=EDGE_CURVE('',#425,#423,#5564,.T.);
#5562=EDGE_CURVE('',#423,#427,#5565,.T.);
#5563=LINE('',#426,#5566);
#5564=LINE('',#424,#5567);
#5565=LINE('',#422,#5568);
#5566=VECTOR('',#5569,1.0);
#5567=VECTOR('',#5570,1.0);
#5568=VECTOR('',#5571,1.0);
#5569=DIRECTION('',(0,0,1));
#5570=DIRECTION('',(0.03444063844837693,-0.10421726587340632,-0.9939580493748918));
#5571=DIRECTION('',(-0.313779523533502,0.9494958718241426,0));
#5572=FACE_SURFACE('',(#5577),#5573,.T.);
#5573=PLANE('',#5574);
#5574=AXIS2_PLACEMENT_3D('',#414,#5575,#5576);
#5575=DIRECTION('',(0.9331472640128261,0.3594943444136182,0));
#5576=DIRECTION('',(0.35949434441361816,-0.933147264012826,0));
#5577=FACE_BOUND('',#5578,.T.);
#5578=EDGE_LOOP('',(#5579,#5580,#5581));
#5579=ORIENTED_EDGE('',*,*,#5582,.T.);
#5580=ORIENTED_EDGE('',*,*,#5583,.T.);
#5581=ORIENTED_EDGE('',*,*,#5584,.T.);
#5582=EDGE_CURVE('',#415,#425,#5585,.F.);
#5583=EDGE_CURVE('',#425,#429,#5586,.T.);
#5584=EDGE_CURVE('',#429,#415,#5587,.T.);
#5585=LINE('',#414,#5588);
#5586=LINE('',#424,#5589);
#5587=LINE('',#428,#5590);
#5588=VECTOR('',#5591,1.0);
#5589=VECTOR('',#5592,1.0);
#5590=VECTOR('',#5593,1.0);
#5591=DIRECTION('',(0.35949434441361816,-0.933147264012826,0));
#5592=DIRECTION('',(-0.03946014348748681,0.10242754998820218,-0.9939574910826727));
#5593=DIRECTION('',(0,0,1));
#5594=FACE_SURFACE('',(#5599),#5595,.T.);
#5595=PLANE('',#5596);
#5596=AXIS2_PLACEMENT_3D('',#426,#5597,#5598);
#5597=DIRECTION('',(0.9331472640128261,0.3594943444136182,-0));
#5598=DIRECTION('',(-0.35949434441361816,0.933147264012826,0));
#5599=FACE_BOUND('',#5600,.T.);
#5600=EDGE_LOOP('',(#5601,#5602,#5603));
#5601=ORIENTED_EDGE('',*,*,#5604,.T.);
#5602=ORIENTED_EDGE('',*,*,#5605,.T.);
#5603=ORIENTED_EDGE('',*,*,#5606,.T.);
#5604=EDGE_CURVE('',#427,#429,#5607,.F.);
#5605=EDGE_CURVE('',#429,#425,#5608,.T.);
#5606=EDGE_CURVE('',#425,#427,#5609,.T.);
#5607=LINE('',#426,#5610);
#5608=LINE('',#428,#5611);
#5609=LINE('',#424,#5612);
#5610=VECTOR('',#5613,1.0);
#5611=VECTOR('',#5614,1.0);
#5612=VECTOR('',#5615,1.0);
#5613=DIRECTION('',(-0.35949434441361816,0.933147264012826,0));
#5614=DIRECTION('',(0.03946014348748681,-0.10242754998820218,0.9939574910826727));
#5615=DIRECTION('',(0,0,-1));
#5616=FACE_SURFACE('',(#5621),#5617,.T.);
#5617=PLANE('',#5618);
#5618=AXIS2_PLACEMENT_3D('',#430,#5619,#5620);
#5619=DIRECTION('',(0.9142019778814489,0.40525886003596157,0));
#5620=DIRECTION('',(0.4052588600359615,-0.9142019778814487,0));
#5621=FACE_BOUND('',#5622,.T.);
#5622=EDGE_LOOP('',(#5623,#5624,#5625));
#5623=ORIENTED_EDGE('',*,*,#5626,.T.);
#5624=ORIENTED_EDGE('',*,*,#5627,.T.);
#5625=ORIENTED_EDGE('',*,*,#5628,.T.);
#5626=EDGE_CURVE('',#431,#415,#5629,.F.);
#5627=EDGE_CURVE('',#415,#433,#5630,.T.);
#5628=EDGE_CURVE('',#433,#431,#5631,.T.);
#5629=LINE('',#430,#5632);
#5630=LINE('',#414,#5633);
#5631=LINE('',#432,#5634);
#5632=VECTOR('',#5635,1.0);
#5633=VECTOR('',#5636,1.0);
#5634=VECTOR('',#5637,1.0);
#5635=DIRECTION('',(0.4052588600359615,-0.9142019778814487,0));
#5636=DIRECTION('',(-0.044479620591854944,0.10033921804172734,-0.9939585527952257));
#5637=DIRECTION('',(0,0,1));
#5638=FACE_SURFACE('',(#5643),#5639,.T.);
#5639=PLANE('',#5640);
#5640=AXIS2_PLACEMENT_3D('',#428,#5641,#5642);
#5641=DIRECTION('',(0.9142019778814489,0.40525886003596157,-0));
#5642=DIRECTION('',(-0.4052588600359615,0.9142019778814487,0));
#5643=FACE_BOUND('',#5644,.T.);
#5644=EDGE_LOOP('',(#5645,#5646,#5647));
#5645=ORIENTED_EDGE('',*,*,#5648,.T.);
#5646=ORIENTED_EDGE('',*,*,#5649,.T.);
#5647=ORIENTED_EDGE('',*,*,#5650,.T.);
#5648=EDGE_CURVE('',#429,#433,#5651,.F.);
#5649=EDGE_CURVE('',#433,#415,#5652,.T.);
#5650=EDGE_CURVE('',#415,#429,#5653,.T.);
#5651=LINE('',#428,#5654);
#5652=LINE('',#432,#5655);
#5653=LINE('',#414,#5656);
#5654=VECTOR('',#5657,1.0);
#5655=VECTOR('',#5658,1.0);
#5656=VECTOR('',#5659,1.0);
#5657=DIRECTION('',(-0.4052588600359615,0.9142019778814487,0));
#5658=DIRECTION('',(0.044479620591854944,-0.10033921804172734,0.9939585527952257));
#5659=DIRECTION('',(0,0,-1));
#5660=FACE_SURFACE('',(#5665),#5661,.T.);
#5661=PLANE('',#5662);
#5662=AXIS2_PLACEMENT_3D('',#434,#5663,#5664);
#5663=DIRECTION('',(0.8930671169719114,0.4499234652510115,-0));
#5664=DIRECTION('',(0,0,1));
#5665=FACE_BOUND('',#5666,.T.);
#5666=EDGE_LOOP('',(#5667,#5668,#5669));
#5667=ORIENTED_EDGE('',*,*,#5670,.T.);
#5668=ORIENTED_EDGE('',*,*,#5671,.T.);
#5669=ORIENTED_EDGE('',*,*,#5672,.T.);
#5670=EDGE_CURVE('',#435,#437,#5673,.F.);
#5671=EDGE_CURVE('',#437,#433,#5674,.T.);
#5672=EDGE_CURVE('',#433,#435,#5675,.T.);
#5673=LINE('',#434,#5676);
#5674=LINE('',#436,#5677);
#5675=LINE('',#432,#5678);
#5676=VECTOR('',#5679,1.0);
#5677=VECTOR('',#5680,1.0);
#5678=VECTOR('',#5681,1.0);
#5679=DIRECTION('',(0,0,1));
#5680=DIRECTION('',(0.049399545584601884,-0.0980546985482299,-0.9939542046737619));
#5681=DIRECTION('',(-0.44992346525101157,0.8930671169719115,0));
#5682=FACE_SURFACE('',(#5687),#5683,.T.);
#5683=PLANE('',#5684);
#5684=AXIS2_PLACEMENT_3D('',#432,#5685,#5686);
#5685=DIRECTION('',(0.8930671169719114,0.4499234652510115,-0));
#5686=DIRECTION('',(-0.049399545584601884,0.0980546985482299,0.9939542046737619));
#5687=FACE_BOUND('',#5688,.T.);
#5688=EDGE_LOOP('',(#5689,#5690,#5691));
#5689=ORIENTED_EDGE('',*,*,#5692,.T.);
#5690=ORIENTED_EDGE('',*,*,#5693,.T.);
#5691=ORIENTED_EDGE('',*,*,#5694,.T.);
#5692=EDGE_CURVE('',#433,#437,#5695,.F.);
#5693=EDGE_CURVE('',#437,#431,#5696,.T.);
#5694=EDGE_CURVE('',#431,#433,#5697,.T.);
#5695=LINE('',#432,#5698);
#5696=LINE('',#436,#5699);
#5697=LINE('',#430,#5700);
#5698=VECTOR('',#5701,1.0);
#5699=VECTOR('',#5702,1.0);
#5700=VECTOR('',#5703,1.0);
#5701=DIRECTION('',(-0.049399545584601884,0.0980546985482299,0.9939542046737619));
#5702=DIRECTION('',(0.44992346525101157,-0.8930671169719115,0));
#5703=DIRECTION('',(0,0,-1));
#5704=FACE_SURFACE('',(#5709),#5705,.T.);
#5705=PLANE('',#5706);
#5706=AXIS2_PLACEMENT_3D('',#438,#5707,#5708);
#5707=DIRECTION('',(0.8702418259086373,0.49262477042796066,0));
#5708=DIRECTION('',(0.054071326323117404,-0.09551921172752435,0.9939579326413223));
#5709=FACE_BOUND('',#5710,.T.);
#5710=EDGE_LOOP('',(#5711,#5712,#5713));
#5711=ORIENTED_EDGE('',*,*,#5714,.T.);
#5712=ORIENTED_EDGE('',*,*,#5715,.T.);
#5713=ORIENTED_EDGE('',*,*,#5716,.T.);
#5714=EDGE_CURVE('',#439,#437,#5717,.F.);
#5715=EDGE_CURVE('',#437,#435,#5718,.T.);
#5716=EDGE_CURVE('',#435,#439,#5719,.T.);
#5717=LINE('',#438,#5720);
#5718=LINE('',#436,#5721);
#5719=LINE('',#434,#5722);
#5720=VECTOR('',#5723,1.0);
#5721=VECTOR('',#5724,1.0);
#5722=VECTOR('',#5725,1.0);
#5723=DIRECTION('',(0.054071326323117404,-0.09551921172752435,0.9939579326413223));
#5724=DIRECTION('',(0,0,-1));
#5725=DIRECTION('',(-0.49262477042796066,0.8702418259086373,0));
#5726=FACE_SURFACE('',(#5731),#5727,.T.);
#5727=PLANE('',#5728);
#5728=AXIS2_PLACEMENT_3D('',#436,#5729,#5730);
#5729=DIRECTION('',(0.8702418259086373,0.49262477042796066,0));
#5730=DIRECTION('',(-0.054071326323117404,0.09551921172752435,-0.9939579326413223));
#5731=FACE_BOUND('',#5732,.T.);
#5732=EDGE_LOOP('',(#5733,#5734,#5735));
#5733=ORIENTED_EDGE('',*,*,#5736,.T.);
#5734=ORIENTED_EDGE('',*,*,#5737,.T.);
#5735=ORIENTED_EDGE('',*,*,#5738,.T.);
#5736=EDGE_CURVE('',#437,#439,#5739,.F.);
#5737=EDGE_CURVE('',#439,#441,#5740,.T.);
#5738=EDGE_CURVE('',#441,#437,#5741,.T.);
#5739=LINE('',#436,#5742);
#5740=LINE('',#438,#5743);
#5741=LINE('',#440,#5744);
#5742=VECTOR('',#5745,1.0);
#5743=VECTOR('',#5746,1.0);
#5744=VECTOR('',#5747,1.0);
#5745=DIRECTION('',(-0.054071326323117404,0.09551921172752435,-0.9939579326413223));
#5746=DIRECTION('',(0,0,1));
#5747=DIRECTION('',(0.49262477042796066,-0.8702418259086373,0));
#5748=FACE_SURFACE('',(#5753),#5749,.T.);
#5749=PLANE('',#5750);
#5750=AXIS2_PLACEMENT_3D('',#442,#5751,#5752);
#5751=DIRECTION('',(0.8447779592960453,0.5351169960743251,0));
#5752=DIRECTION('',(0.535116996074325,-0.8447779592960453,0));
#5753=FACE_BOUND('',#5754,.T.);
#5754=EDGE_LOOP('',(#5755,#5756,#5757));
#5755=ORIENTED_EDGE('',*,*,#5758,.T.);
#5756=ORIENTED_EDGE('',*,*,#5759,.T.);
#5757=ORIENTED_EDGE('',*,*,#5760,.T.);
#5758=EDGE_CURVE('',#443,#441,#5761,.F.);
#5759=EDGE_CURVE('',#441,#445,#5762,.T.);
#5760=EDGE_CURVE('',#445,#443,#5763,.T.);
#5761=LINE('',#442,#5764);
#5762=LINE('',#440,#5765);
#5763=LINE('',#444,#5766);
#5764=VECTOR('',#5767,1.0);
#5765=VECTOR('',#5768,1.0);
#5766=VECTOR('',#5769,1.0);
#5767=DIRECTION('',(0.535116996074325,-0.8447779592960453,0));
#5768=DIRECTION('',(-0.0587427836542799,0.09273599841321253,-0.993956397417337));
#5769=DIRECTION('',(0,0,1));
#5770=FACE_SURFACE('',(#5775),#5771,.T.);
#5771=PLANE('',#5772);
#5772=AXIS2_PLACEMENT_3D('',#438,#5773,#5774);
#5773=DIRECTION('',(0.8447779592960453,0.5351169960743251,-0));
#5774=DIRECTION('',(-0.535116996074325,0.8447779592960453,0));
#5775=FACE_BOUND('',#5776,.T.);
#5776=EDGE_LOOP('',(#5777,#5778,#5779));
#5777=ORIENTED_EDGE('',*,*,#5780,.T.);
#5778=ORIENTED_EDGE('',*,*,#5781,.T.);
#5779=ORIENTED_EDGE('',*,*,#5782,.T.);
#5780=EDGE_CURVE('',#439,#445,#5783,.F.);
#5781=EDGE_CURVE('',#445,#441,#5784,.T.);
#5782=EDGE_CURVE('',#441,#439,#5785,.T.);
#5783=LINE('',#438,#5786);
#5784=LINE('',#444,#5787);
#5785=LINE('',#440,#5788);
#5786=VECTOR('',#5789,1.0);
#5787=VECTOR('',#5790,1.0);
#5788=VECTOR('',#5791,1.0);
#5789=DIRECTION('',(-0.535116996074325,0.8447779592960453,0));
#5790=DIRECTION('',(0.0587427836542799,-0.09273599841321253,0.993956397417337));
#5791=DIRECTION('',(0,0,-1));
#5792=FACE_SURFACE('',(#5797),#5793,.T.);
#5793=PLANE('',#5794);
#5794=AXIS2_PLACEMENT_3D('',#442,#5795,#5796);
#5795=DIRECTION('',(0.8174182632670763,0.5760446014654047,0));
#5796=DIRECTION('',(0,0,-1));
#5797=FACE_BOUND('',#5798,.T.);
#5798=EDGE_LOOP('',(#5799,#5800,#5801));
#5799=ORIENTED_EDGE('',*,*,#5802,.T.);
#5800=ORIENTED_EDGE('',*,*,#5803,.T.);
#5801=ORIENTED_EDGE('',*,*,#5804,.T.);
#5802=EDGE_CURVE('',#443,#445,#5805,.F.);
#5803=EDGE_CURVE('',#445,#447,#5806,.T.);
#5804=EDGE_CURVE('',#447,#443,#5807,.T.);
#5805=LINE('',#442,#5808);
#5806=LINE('',#444,#5809);
#5807=LINE('',#446,#5810);
#5808=VECTOR('',#5811,1.0);
#5809=VECTOR('',#5812,1.0);
#5810=VECTOR('',#5813,1.0);
#5811=DIRECTION('',(0,0,-1));
#5812=DIRECTION('',(-0.06321588324071982,0.08970454259630245,0.9939601838824752));
#5813=DIRECTION('',(0.5760446014654047,-0.8174182632670763,0));
#5814=FACE_SURFACE('',(#5819),#5815,.T.);
#5815=PLANE('',#5816);
#5816=AXIS2_PLACEMENT_3D('',#444,#5817,#5818);
#5817=DIRECTION('',(0.8174182632670763,0.5760446014654047,0));
#5818=DIRECTION('',(-0.5760446014654047,0.8174182632670763,0));
#5819=FACE_BOUND('',#5820,.T.);
#5820=EDGE_LOOP('',(#5821,#5822,#5823));
#5821=ORIENTED_EDGE('',*,*,#5824,.T.);
#5822=ORIENTED_EDGE('',*,*,#5825,.T.);
#5823=ORIENTED_EDGE('',*,*,#5826,.T.);
#5824=EDGE_CURVE('',#445,#449,#5827,.F.);
#5825=EDGE_CURVE('',#449,#447,#5828,.T.);
#5826=EDGE_CURVE('',#447,#445,#5829,.T.);
#5827=LINE('',#444,#5830);
#5828=LINE('',#448,#5831);
#5829=LINE('',#446,#5832);
#5830=VECTOR('',#5833,1.0);
#5831=VECTOR('',#5834,1.0);
#5832=VECTOR('',#5835,1.0);
#5833=DIRECTION('',(-0.5760446014654047,0.8174182632670763,0));
#5834=DIRECTION('',(0,0,1));
#5835=DIRECTION('',(0.06321588324071982,-0.08970454259630245,-0.9939601838824752));
#5836=FACE_SURFACE('',(#5841),#5837,.T.);
#5837=PLANE('',#5838);
#5838=AXIS2_PLACEMENT_3D('',#450,#5839,#5840);
#5839=DIRECTION('',(-0.8314755903984836,-0.5555612860625667,0));
#5840=DIRECTION('',(0,0,1));
#5841=FACE_BOUND('',#5842,.T.);
#5842=EDGE_LOOP('',(#5843,#5844,#5845));
#5843=ORIENTED_EDGE('',*,*,#5846,.T.);
#5844=ORIENTED_EDGE('',*,*,#5847,.T.);
#5845=ORIENTED_EDGE('',*,*,#5848,.T.);
#5846=EDGE_CURVE('',#451,#299,#5849,.F.);
#5847=EDGE_CURVE('',#299,#259,#5850,.T.);
#5848=EDGE_CURVE('',#259,#451,#5851,.T.);
#5849=LINE('',#450,#5852);
#5850=LINE('',#298,#5853);
#5851=LINE('',#258,#5854);
#5852=VECTOR('',#5855,1.0);
#5853=VECTOR('',#5856,1.0);
#5854=VECTOR('',#5857,1.0);
#5855=DIRECTION('',(0,0,1));
#5856=DIRECTION('',(-0.1576847588195928,0.2359974159927296,-0.9588747240806597));
#5857=DIRECTION('',(0.5555612860625667,-0.8314755903984836,0));
#5858=FACE_SURFACE('',(#5863),#5859,.T.);
#5859=PLANE('',#5860);
#5860=AXIS2_PLACEMENT_3D('',#260,#5861,#5862);
#5861=DIRECTION('',(-0.8314755903984836,-0.5555612860625667,-0));
#5862=DIRECTION('',(0,0,-1));
#5863=FACE_BOUND('',#5864,.T.);
#5864=EDGE_LOOP('',(#5865,#5866,#5867));
#5865=ORIENTED_EDGE('',*,*,#5868,.T.);
#5866=ORIENTED_EDGE('',*,*,#5869,.T.);
#5867=ORIENTED_EDGE('',*,*,#5870,.T.);
#5868=EDGE_CURVE('',#261,#259,#5871,.F.);
#5869=EDGE_CURVE('',#259,#299,#5872,.T.);
#5870=EDGE_CURVE('',#299,#261,#5873,.T.);
#5871=LINE('',#260,#5874);
#5872=LINE('',#258,#5875);
#5873=LINE('',#298,#5876);
#5874=VECTOR('',#5877,1.0);
#5875=VECTOR('',#5878,1.0);
#5876=VECTOR('',#5879,1.0);
#5877=DIRECTION('',(0,0,-1));
#5878=DIRECTION('',(0.1576847588195928,-0.2359974159927296,0.9588747240806597));
#5879=DIRECTION('',(-0.5555612860625667,0.8314755903984836,0));
#5880=FACE_SURFACE('',(#5885),#5881,.T.);
#5881=PLANE('',#5882);
#5882=AXIS2_PLACEMENT_3D('',#298,#5883,#5884);
#5883=DIRECTION('',(-0.8968674793897107,-0.4422993606293671,-0));
#5884=DIRECTION('',(0,0,-1));
#5885=FACE_BOUND('',#5886,.T.);
#5886=EDGE_LOOP('',(#5887,#5888,#5889));
#5887=ORIENTED_EDGE('',*,*,#5890,.T.);
#5888=ORIENTED_EDGE('',*,*,#5891,.T.);
#5889=ORIENTED_EDGE('',*,*,#5892,.T.);
#5890=EDGE_CURVE('',#299,#451,#5893,.F.);
#5891=EDGE_CURVE('',#451,#453,#5894,.T.);
#5892=EDGE_CURVE('',#453,#299,#5895,.T.);
#5893=LINE('',#298,#5896);
#5894=LINE('',#450,#5897);
#5895=LINE('',#452,#5898);
#5896=VECTOR('',#5899,1.0);
#5897=VECTOR('',#5900,1.0);
#5898=VECTOR('',#5901,1.0);
#5899=DIRECTION('',(0,0,-1));
#5900=DIRECTION('',(0.4422993606293671,-0.8968674793897106,0));
#5901=DIRECTION('',(-0.12554192067352382,0.2545661965054409,0.9588718776512094));
#5902=FACE_SURFACE('',(#5907),#5903,.T.);
#5903=PLANE('',#5904);
#5904=AXIS2_PLACEMENT_3D('',#298,#5905,#5906);
#5905=DIRECTION('',(-0.8968674793897107,-0.4422993606293671,0));
#5906=DIRECTION('',(0.12554192067352382,-0.2545661965054409,-0.9588718776512094));
#5907=FACE_BOUND('',#5908,.T.);
#5908=EDGE_LOOP('',(#5909,#5910,#5911));
#5909=ORIENTED_EDGE('',*,*,#5912,.T.);
#5910=ORIENTED_EDGE('',*,*,#5913,.T.);
#5911=ORIENTED_EDGE('',*,*,#5914,.T.);
#5912=EDGE_CURVE('',#299,#453,#5915,.F.);
#5913=EDGE_CURVE('',#453,#297,#5916,.T.);
#5914=EDGE_CURVE('',#297,#299,#5917,.T.);
#5915=LINE('',#298,#5918);
#5916=LINE('',#452,#5919);
#5917=LINE('',#296,#5920);
#5918=VECTOR('',#5921,1.0);
#5919=VECTOR('',#5922,1.0);
#5920=VECTOR('',#5923,1.0);
#5921=DIRECTION('',(0.12554192067352382,-0.2545661965054409,-0.9588718776512094));
#5922=DIRECTION('',(0,0,1));
#5923=DIRECTION('',(-0.4422993606293671,0.8968674793897106,0));
#5924=FACE_SURFACE('',(#5929),#5925,.T.);
#5925=PLANE('',#5926);
#5926=AXIS2_PLACEMENT_3D('',#112,#5927,#5928);
#5927=DIRECTION('',(0,0,-1));
#5928=DIRECTION('',(-0.5864727781063456,0.8099689380094925,0));
#5929=FACE_BOUND('',#5930,.T.);
#5930=EDGE_LOOP('',(#5931,#5932,#5933));
#5931=ORIENTED_EDGE('',*,*,#5934,.T.);
#5932=ORIENTED_EDGE('',*,*,#5935,.T.);
#5933=ORIENTED_EDGE('',*,*,#5936,.T.);
#5934=EDGE_CURVE('',#113,#77,#5937,.F.);
#5935=EDGE_CURVE('',#77,#455,#5938,.T.);
#5936=EDGE_CURVE('',#455,#113,#5939,.T.);
#5937=LINE('',#112,#5940);
#5938=LINE('',#76,#5941);
#5939=LINE('',#454,#5942);
#5940=VECTOR('',#5943,1.0);
#5941=VECTOR('',#5944,1.0);
#5942=VECTOR('',#5945,1.0);
#5943=DIRECTION('',(-0.5864727781063456,0.8099689380094925,0));
#5944=DIRECTION('',(0.9350122339758957,0.3546154569606415,0));
#5945=DIRECTION('',(-0.8472642655823885,-0.5311715958775804,0));
#5946=FACE_SURFACE('',(#5951),#5947,.T.);
#5947=PLANE('',#5948);
#5948=AXIS2_PLACEMENT_3D('',#296,#5949,#5950);
#5949=DIRECTION('',(0,-0,-1));
#5950=DIRECTION('',(0.3214506313571714,-0.9469263390570968,0));
#5951=FACE_BOUND('',#5952,.T.);
#5952=EDGE_LOOP('',(#5953,#5954,#5955));
#5953=ORIENTED_EDGE('',*,*,#5956,.T.);
#5954=ORIENTED_EDGE('',*,*,#5957,.T.);
#5955=ORIENTED_EDGE('',*,*,#5958,.T.);
#5956=EDGE_CURVE('',#297,#455,#5959,.F.);
#5957=EDGE_CURVE('',#455,#143,#5960,.T.);
#5958=EDGE_CURVE('',#143,#297,#5961,.T.);
#5959=LINE('',#296,#5962);
#5960=LINE('',#454,#5963);
#5961=LINE('',#142,#5964);
#5962=VECTOR('',#5965,1.0);
#5963=VECTOR('',#5966,1.0);
#5964=VECTOR('',#5967,1.0);
#5965=DIRECTION('',(0.3214506313571714,-0.9469263390570968,0));
#5966=DIRECTION('',(-0.994998869473481,-0.09988618396202051,0));
#5967=DIRECTION('',(0.9609664450881652,0.27666494431823896,0));
#5968=FACE_SURFACE('',(#5973),#5969,.T.);
#5969=PLANE('',#5970);
#5970=AXIS2_PLACEMENT_3D('',#314,#5971,#5972);
#5971=DIRECTION('',(0.8930643206481133,-0.4499290157183951,0));
#5972=DIRECTION('',(0,0,-1));
#5973=FACE_BOUND('',#5974,.T.);
#5974=EDGE_LOOP('',(#5975,#5976,#5977));
#5975=ORIENTED_EDGE('',*,*,#5978,.T.);
#5976=ORIENTED_EDGE('',*,*,#5979,.T.);
#5977=ORIENTED_EDGE('',*,*,#5980,.T.);
#5978=EDGE_CURVE('',#315,#313,#5981,.F.);
#5979=EDGE_CURVE('',#313,#457,#5982,.T.);
#5980=EDGE_CURVE('',#457,#315,#5983,.T.);
#5981=LINE('',#314,#5984);
#5982=LINE('',#312,#5985);
#5983=LINE('',#456,#5986);
#5984=VECTOR('',#5987,1.0);
#5985=VECTOR('',#5988,1.0);
#5986=VECTOR('',#5989,1.0);
#5987=DIRECTION('',(0,0,-1));
#5988=DIRECTION('',(0.4499290157183951,0.8930643206481134,0));
#5989=DIRECTION('',(-0.04939955293100145,-0.09805319647634723,0.9939543524885778));
#5990=FACE_SURFACE('',(#5995),#5991,.T.);
#5991=PLANE('',#5992);
#5992=AXIS2_PLACEMENT_3D('',#314,#5993,#5994);
#5993=DIRECTION('',(0.8930643206481133,-0.4499290157183951,0));
#5994=DIRECTION('',(0.04939955293100145,0.09805319647634723,-0.9939543524885778));
#5995=FACE_BOUND('',#5996,.T.);
#5996=EDGE_LOOP('',(#5997,#5998,#5999));
#5997=ORIENTED_EDGE('',*,*,#6000,.T.);
#5998=ORIENTED_EDGE('',*,*,#6001,.T.);
#5999=ORIENTED_EDGE('',*,*,#6002,.T.);
#6000=EDGE_CURVE('',#315,#457,#6003,.F.);
#6001=EDGE_CURVE('',#457,#459,#6004,.T.);
#6002=EDGE_CURVE('',#459,#315,#6005,.T.);
#6003=LINE('',#314,#6006);
#6004=LINE('',#456,#6007);
#6005=LINE('',#458,#6008);
#6006=VECTOR('',#6009,1.0);
#6007=VECTOR('',#6010,1.0);
#6008=VECTOR('',#6011,1.0);
#6009=DIRECTION('',(0.04939955293100145,0.09805319647634723,-0.9939543524885778));
#6010=DIRECTION('',(0,0,1));
#6011=DIRECTION('',(-0.4499290157183951,-0.8930643206481134,0));
#6012=FACE_SURFACE('',(#6017),#6013,.T.);
#6013=PLANE('',#6014);
#6014=AXIS2_PLACEMENT_3D('',#456,#6015,#6016);
#6015=DIRECTION('',(0.9142042473104278,-0.40525374051274854,0));
#6016=DIRECTION('',(0.40525374051274854,0.9142042473104278,0));
#6017=FACE_BOUND('',#6018,.T.);
#6018=EDGE_LOOP('',(#6019,#6020,#6021));
#6019=ORIENTED_EDGE('',*,*,#6022,.T.);
#6020=ORIENTED_EDGE('',*,*,#6023,.T.);
#6021=ORIENTED_EDGE('',*,*,#6024,.T.);
#6022=EDGE_CURVE('',#457,#461,#6025,.F.);
#6023=EDGE_CURVE('',#461,#463,#6026,.T.);
#6024=EDGE_CURVE('',#463,#457,#6027,.T.);
#6025=LINE('',#456,#6028);
#6026=LINE('',#460,#6029);
#6027=LINE('',#462,#6030);
#6028=VECTOR('',#6031,1.0);
#6029=VECTOR('',#6032,1.0);
#6030=VECTOR('',#6033,1.0);
#6031=DIRECTION('',(0.40525374051274854,0.9142042473104278,0));
#6032=DIRECTION('',(0,0,1));
#6033=DIRECTION('',(-0.044479613822873645,-0.10034071943209986,-0.99395840153299));
#6034=FACE_SURFACE('',(#6039),#6035,.T.);
#6035=PLANE('',#6036);
#6036=AXIS2_PLACEMENT_3D('',#456,#6037,#6038);
#6037=DIRECTION('',(0.9142042473104278,-0.40525374051274854,0));
#6038=DIRECTION('',(0.044479613822873645,0.10034071943209986,0.99395840153299));
#6039=FACE_BOUND('',#6040,.T.);
#6040=EDGE_LOOP('',(#6041,#6042,#6043));
#6041=ORIENTED_EDGE('',*,*,#6044,.T.);
#6042=ORIENTED_EDGE('',*,*,#6045,.T.);
#6043=ORIENTED_EDGE('',*,*,#6046,.T.);
#6044=EDGE_CURVE('',#457,#463,#6047,.F.);
#6045=EDGE_CURVE('',#463,#459,#6048,.T.);
#6046=EDGE_CURVE('',#459,#457,#6049,.T.);
#6047=LINE('',#456,#6050);
#6048=LINE('',#462,#6051);
#6049=LINE('',#458,#6052);
#6050=VECTOR('',#6053,1.0);
#6051=VECTOR('',#6054,1.0);
#6052=VECTOR('',#6055,1.0);
#6053=DIRECTION('',(0.044479613822873645,0.10034071943209986,0.99395840153299));
#6054=DIRECTION('',(-0.40525374051274854,-0.9142042473104278,0));
#6055=DIRECTION('',(0,0,-1));
#6056=FACE_SURFACE('',(#6061),#6057,.T.);
#6057=PLANE('',#6058);
#6058=AXIS2_PLACEMENT_3D('',#460,#6059,#6060);
#6059=DIRECTION('',(0.9331463711605466,-0.35949666200105884,0));
#6060=DIRECTION('',(0.35949666200105884,0.9331463711605466,0));
#6061=FACE_BOUND('',#6062,.T.);
#6062=EDGE_LOOP('',(#6063,#6064,#6065));
#6063=ORIENTED_EDGE('',*,*,#6066,.T.);
#6064=ORIENTED_EDGE('',*,*,#6067,.T.);
#6065=ORIENTED_EDGE('',*,*,#6068,.T.);
#6066=EDGE_CURVE('',#461,#465,#6069,.F.);
#6067=EDGE_CURVE('',#465,#467,#6070,.T.);
#6068=EDGE_CURVE('',#467,#461,#6071,.T.);
#6069=LINE('',#460,#6072);
#6070=LINE('',#464,#6073);
#6071=LINE('',#466,#6074);
#6072=VECTOR('',#6075,1.0);
#6073=VECTOR('',#6076,1.0);
#6074=VECTOR('',#6077,1.0);
#6075=DIRECTION('',(0.35949666200105884,0.9331463711605466,0));
#6076=DIRECTION('',(0,0,1));
#6077=DIRECTION('',(-0.03946014655249593,-0.10242679961466924,-0.993957568286872));
#6078=FACE_SURFACE('',(#6083),#6079,.T.);
#6079=PLANE('',#6080);
#6080=AXIS2_PLACEMENT_3D('',#460,#6081,#6082);
#6081=DIRECTION('',(0.9331463711605466,-0.35949666200105884,0));
#6082=DIRECTION('',(0.03946014655249593,0.10242679961466924,0.993957568286872));
#6083=FACE_BOUND('',#6084,.T.);
#6084=EDGE_LOOP('',(#6085,#6086,#6087));
#6085=ORIENTED_EDGE('',*,*,#6088,.T.);
#6086=ORIENTED_EDGE('',*,*,#6089,.T.);
#6087=ORIENTED_EDGE('',*,*,#6090,.T.);
#6088=EDGE_CURVE('',#461,#467,#6091,.F.);
#6089=EDGE_CURVE('',#467,#463,#6092,.T.);
#6090=EDGE_CURVE('',#463,#461,#6093,.T.);
#6091=LINE('',#460,#6094);
#6092=LINE('',#466,#6095);
#6093=LINE('',#462,#6096);
#6094=VECTOR('',#6097,1.0);
#6095=VECTOR('',#6098,1.0);
#6096=VECTOR('',#6099,1.0);
#6097=DIRECTION('',(0.03946014655249593,0.10242679961466924,0.993957568286872));
#6098=DIRECTION('',(-0.35949666200105884,-0.9331463711605466,0));
#6099=DIRECTION('',(0,0,-1));
#6100=FACE_SURFACE('',(#6105),#6101,.T.);
#6101=PLANE('',#6102);
#6102=AXIS2_PLACEMENT_3D('',#468,#6103,#6104);
#6103=DIRECTION('',(0.949495191579694,-0.3137815819436196,0));
#6104=DIRECTION('',(0,0,1));
#6105=FACE_BOUND('',#6106,.T.);
#6106=EDGE_LOOP('',(#6107,#6108,#6109));
#6107=ORIENTED_EDGE('',*,*,#6110,.T.);
#6108=ORIENTED_EDGE('',*,*,#6111,.T.);
#6109=ORIENTED_EDGE('',*,*,#6112,.T.);
#6110=EDGE_CURVE('',#469,#471,#6113,.F.);
#6111=EDGE_CURVE('',#471,#465,#6114,.T.);
#6112=EDGE_CURVE('',#465,#469,#6115,.T.);
#6113=LINE('',#468,#6116);
#6114=LINE('',#470,#6117);
#6115=LINE('',#464,#6118);
#6116=VECTOR('',#6119,1.0);
#6117=VECTOR('',#6120,1.0);
#6118=VECTOR('',#6121,1.0);
#6119=DIRECTION('',(0,0,1));
#6120=DIRECTION('',(-0.0344406411702475,-0.10421651577990773,-0.9939581279281731));
#6121=DIRECTION('',(0.3137815819436196,0.949495191579694,0));
#6122=FACE_SURFACE('',(#6127),#6123,.T.);
#6123=PLANE('',#6124);
#6124=AXIS2_PLACEMENT_3D('',#466,#6125,#6126);
#6125=DIRECTION('',(0.949495191579694,-0.3137815819436196,0));
#6126=DIRECTION('',(0,0,-1));
#6127=FACE_BOUND('',#6128,.T.);
#6128=EDGE_LOOP('',(#6129,#6130,#6131));
#6129=ORIENTED_EDGE('',*,*,#6132,.T.);
#6130=ORIENTED_EDGE('',*,*,#6133,.T.);
#6131=ORIENTED_EDGE('',*,*,#6134,.T.);
#6132=EDGE_CURVE('',#467,#465,#6135,.F.);
#6133=EDGE_CURVE('',#465,#471,#6136,.T.);
#6134=EDGE_CURVE('',#471,#467,#6137,.T.);
#6135=LINE('',#466,#6138);
#6136=LINE('',#464,#6139);
#6137=LINE('',#470,#6140);
#6138=VECTOR('',#6141,1.0);
#6139=VECTOR('',#6142,1.0);
#6140=VECTOR('',#6143,1.0);
#6141=DIRECTION('',(0,0,-1));
#6142=DIRECTION('',(0.0344406411702475,0.10421651577990773,0.9939581279281731));
#6143=DIRECTION('',(-0.3137815819436196,-0.949495191579694,0));
#6144=FACE_SURFACE('',(#6149),#6145,.T.);
#6145=PLANE('',#6146);
#6146=AXIS2_PLACEMENT_3D('',#468,#6147,#6148);
#6147=DIRECTION('',(0.9637962284960759,-0.26663988812017564,0));
#6148=DIRECTION('',(0.26663988812017564,0.9637962284960759,0));
#6149=FACE_BOUND('',#6150,.T.);
#6150=EDGE_LOOP('',(#6151,#6152,#6153));
#6151=ORIENTED_EDGE('',*,*,#6154,.T.);
#6152=ORIENTED_EDGE('',*,*,#6155,.T.);
#6153=ORIENTED_EDGE('',*,*,#6156,.T.);
#6154=EDGE_CURVE('',#469,#473,#6157,.F.);
#6155=EDGE_CURVE('',#473,#475,#6158,.T.);
#6156=EDGE_CURVE('',#475,#469,#6159,.T.);
#6157=LINE('',#468,#6160);
#6158=LINE('',#472,#6161);
#6159=LINE('',#474,#6162);
#6160=VECTOR('',#6163,1.0);
#6161=VECTOR('',#6164,1.0);
#6162=VECTOR('',#6165,1.0);
#6163=DIRECTION('',(0.26663988812017564,0.9637962284960759,0));
#6164=DIRECTION('',(0,0,1));
#6165=DIRECTION('',(-0.0292719858865054,-0.10580648603216077,-0.9939558030193225));
#6166=FACE_SURFACE('',(#6171),#6167,.T.);
#6167=PLANE('',#6168);
#6168=AXIS2_PLACEMENT_3D('',#468,#6169,#6170);
#6169=DIRECTION('',(0.9637962284960759,-0.26663988812017564,0));
#6170=DIRECTION('',(0.0292719858865054,0.10580648603216077,0.9939558030193225));
#6171=FACE_BOUND('',#6172,.T.);
#6172=EDGE_LOOP('',(#6173,#6174,#6175));
#6173=ORIENTED_EDGE('',*,*,#6176,.T.);
#6174=ORIENTED_EDGE('',*,*,#6177,.T.);
#6175=ORIENTED_EDGE('',*,*,#6178,.T.);
#6176=EDGE_CURVE('',#469,#475,#6179,.F.);
#6177=EDGE_CURVE('',#475,#471,#6180,.T.);
#6178=EDGE_CURVE('',#471,#469,#6181,.T.);
#6179=LINE('',#468,#6182);
#6180=LINE('',#474,#6183);
#6181=LINE('',#470,#6184);
#6182=VECTOR('',#6185,1.0);
#6183=VECTOR('',#6186,1.0);
#6184=VECTOR('',#6187,1.0);
#6185=DIRECTION('',(0.0292719858865054,0.10580648603216077,0.9939558030193225));
#6186=DIRECTION('',(-0.26663988812017564,-0.9637962284960759,0));
#6187=DIRECTION('',(0,0,-1));
#6188=FACE_SURFACE('',(#6193),#6189,.T.);
#6189=PLANE('',#6190);
#6190=AXIS2_PLACEMENT_3D('',#472,#6191,#6192);
#6191=DIRECTION('',(0.9756944784607713,-0.21913531139723524,0));
#6192=DIRECTION('',(0.21913531139723524,0.9756944784607714,0));
#6193=FACE_BOUND('',#6194,.T.);
#6194=EDGE_LOOP('',(#6195,#6196,#6197));
#6195=ORIENTED_EDGE('',*,*,#6198,.T.);
#6196=ORIENTED_EDGE('',*,*,#6199,.T.);
#6197=ORIENTED_EDGE('',*,*,#6200,.T.);
#6198=EDGE_CURVE('',#473,#477,#6201,.F.);
#6199=EDGE_CURVE('',#477,#479,#6202,.T.);
#6200=EDGE_CURVE('',#479,#473,#6203,.T.);
#6201=LINE('',#472,#6204);
#6202=LINE('',#476,#6205);
#6203=LINE('',#478,#6206);
#6204=VECTOR('',#6207,1.0);
#6205=VECTOR('',#6208,1.0);
#6206=VECTOR('',#6209,1.0);
#6207=DIRECTION('',(0.21913531139723524,0.9756944784607714,0));
#6208=DIRECTION('',(0,0,1));
#6209=DIRECTION('',(-0.024053778586082458,-0.10709884592727806,-0.9939573697783909));
#6210=FACE_SURFACE('',(#6215),#6211,.T.);
#6211=PLANE('',#6212);
#6212=AXIS2_PLACEMENT_3D('',#472,#6213,#6214);
#6213=DIRECTION('',(0.9756944784607713,-0.21913531139723524,0));
#6214=DIRECTION('',(0.024053778586082458,0.10709884592727806,0.9939573697783909));
#6215=FACE_BOUND('',#6216,.T.);
#6216=EDGE_LOOP('',(#6217,#6218,#6219));
#6217=ORIENTED_EDGE('',*,*,#6220,.T.);
#6218=ORIENTED_EDGE('',*,*,#6221,.T.);
#6219=ORIENTED_EDGE('',*,*,#6222,.T.);
#6220=EDGE_CURVE('',#473,#479,#6223,.F.);
#6221=EDGE_CURVE('',#479,#475,#6224,.T.);
#6222=EDGE_CURVE('',#475,#473,#6225,.T.);
#6223=LINE('',#472,#6226);
#6224=LINE('',#478,#6227);
#6225=LINE('',#474,#6228);
#6226=VECTOR('',#6229,1.0);
#6227=VECTOR('',#6230,1.0);
#6228=VECTOR('',#6231,1.0);
#6229=DIRECTION('',(0.024053778586082458,0.10709884592727806,0.9939573697783909));
#6230=DIRECTION('',(-0.21913531139723524,-0.9756944784607714,0));
#6231=DIRECTION('',(0,0,-1));
#6232=FACE_SURFACE('',(#6237),#6233,.T.);
#6233=PLANE('',#6234);
#6234=AXIS2_PLACEMENT_3D('',#476,#6235,#6236);
#6235=DIRECTION('',(0.9852451550879728,-0.17114901219602824,0));
#6236=DIRECTION('',(0.17114901219602827,0.985245155087973,0));
#6237=FACE_BOUND('',#6238,.T.);
#6238=EDGE_LOOP('',(#6239,#6240,#6241));
#6239=ORIENTED_EDGE('',*,*,#6242,.T.);
#6240=ORIENTED_EDGE('',*,*,#6243,.T.);
#6241=ORIENTED_EDGE('',*,*,#6244,.T.);
#6242=EDGE_CURVE('',#477,#481,#6245,.F.);
#6243=EDGE_CURVE('',#481,#483,#6246,.T.);
#6244=EDGE_CURVE('',#483,#477,#6247,.T.);
#6245=LINE('',#476,#6248);
#6246=LINE('',#480,#6249);
#6247=LINE('',#482,#6250);
#6248=VECTOR('',#6251,1.0);
#6249=VECTOR('',#6252,1.0);
#6250=VECTOR('',#6253,1.0);
#6251=DIRECTION('',(0.17114901219602827,0.985245155087973,0));
#6252=DIRECTION('',(0,0,1));
#6253=DIRECTION('',(-0.01878576842352763,-0.10814311509251434,-0.9939578268532446));
#6254=FACE_SURFACE('',(#6259),#6255,.T.);
#6255=PLANE('',#6256);
#6256=AXIS2_PLACEMENT_3D('',#476,#6257,#6258);
#6257=DIRECTION('',(0.9852451550879728,-0.17114901219602824,0));
#6258=DIRECTION('',(0.01878576842352763,0.10814311509251434,0.9939578268532446));
#6259=FACE_BOUND('',#6260,.T.);
#6260=EDGE_LOOP('',(#6261,#6262,#6263));
#6261=ORIENTED_EDGE('',*,*,#6264,.T.);
#6262=ORIENTED_EDGE('',*,*,#6265,.T.);
#6263=ORIENTED_EDGE('',*,*,#6266,.T.);
#6264=EDGE_CURVE('',#477,#483,#6267,.F.);
#6265=EDGE_CURVE('',#483,#479,#6268,.T.);
#6266=EDGE_CURVE('',#479,#477,#6269,.T.);
#6267=LINE('',#476,#6270);
#6268=LINE('',#482,#6271);
#6269=LINE('',#478,#6272);
#6270=VECTOR('',#6273,1.0);
#6271=VECTOR('',#6274,1.0);
#6272=VECTOR('',#6275,1.0);
#6273=DIRECTION('',(0.01878576842352763,0.10814311509251434,0.9939578268532446));
#6274=DIRECTION('',(-0.17114901219602827,-0.985245155087973,0));
#6275=DIRECTION('',(0,0,-1));
#6276=FACE_SURFACE('',(#6281),#6277,.T.);
#6277=PLANE('',#6278);
#6278=AXIS2_PLACEMENT_3D('',#480,#6279,#6280);
#6279=DIRECTION('',(0.9924991665517617,-0.1222513983317099,0));
#6280=DIRECTION('',(0.1222513983317099,0.9924991665517617,0));
#6281=FACE_BOUND('',#6282,.T.);
#6282=EDGE_LOOP('',(#6283,#6284,#6285));
#6283=ORIENTED_EDGE('',*,*,#6286,.T.);
#6284=ORIENTED_EDGE('',*,*,#6287,.T.);
#6285=ORIENTED_EDGE('',*,*,#6288,.T.);
#6286=EDGE_CURVE('',#481,#485,#6289,.F.);
#6287=EDGE_CURVE('',#485,#487,#6290,.T.);
#6288=EDGE_CURVE('',#487,#481,#6291,.T.);
#6289=LINE('',#480,#6292);
#6290=LINE('',#484,#6293);
#6291=LINE('',#486,#6294);
#6292=VECTOR('',#6295,1.0);
#6293=VECTOR('',#6296,1.0);
#6294=VECTOR('',#6297,1.0);
#6295=DIRECTION('',(0.1222513983317099,0.9924991665517617,0));
#6296=DIRECTION('',(0,0,1));
#6297=DIRECTION('',(-0.013418455623559408,-0.108937862507378,-0.9939579906419598));
#6298=FACE_SURFACE('',(#6303),#6299,.T.);
#6299=PLANE('',#6300);
#6300=AXIS2_PLACEMENT_3D('',#480,#6301,#6302);
#6301=DIRECTION('',(0.9924991665517617,-0.1222513983317099,0));
#6302=DIRECTION('',(0.013418455623559408,0.108937862507378,0.9939579906419598));
#6303=FACE_BOUND('',#6304,.T.);
#6304=EDGE_LOOP('',(#6305,#6306,#6307));
#6305=ORIENTED_EDGE('',*,*,#6308,.T.);
#6306=ORIENTED_EDGE('',*,*,#6309,.T.);
#6307=ORIENTED_EDGE('',*,*,#6310,.T.);
#6308=EDGE_CURVE('',#481,#487,#6311,.F.);
#6309=EDGE_CURVE('',#487,#483,#6312,.T.);
#6310=EDGE_CURVE('',#483,#481,#6313,.T.);
#6311=LINE('',#480,#6314);
#6312=LINE('',#486,#6315);
#6313=LINE('',#482,#6316);
#6314=VECTOR('',#6317,1.0);
#6315=VECTOR('',#6318,1.0);
#6316=VECTOR('',#6319,1.0);
#6317=DIRECTION('',(0.013418455623559408,0.108937862507378,0.9939579906419598));
#6318=DIRECTION('',(-0.1222513983317099,-0.9924991665517617,0));
#6319=DIRECTION('',(0,0,-1));
#6320=FACE_SURFACE('',(#6325),#6321,.T.);
#6321=PLANE('',#6322);
#6322=AXIS2_PLACEMENT_3D('',#484,#6323,#6324);
#6323=DIRECTION('',(0.9972739304738393,-0.07378826192057876,0));
#6324=DIRECTION('',(0.07378826192057876,0.9972739304738394,0));
#6325=FACE_BOUND('',#6326,.T.);
#6326=EDGE_LOOP('',(#6327,#6328,#6329));
#6327=ORIENTED_EDGE('',*,*,#6330,.T.);
#6328=ORIENTED_EDGE('',*,*,#6331,.T.);
#6329=ORIENTED_EDGE('',*,*,#6332,.T.);
#6330=EDGE_CURVE('',#485,#489,#6333,.F.);
#6331=EDGE_CURVE('',#489,#491,#6334,.T.);
#6332=EDGE_CURVE('',#491,#485,#6335,.T.);
#6333=LINE('',#484,#6336);
#6334=LINE('',#488,#6337);
#6335=LINE('',#490,#6338);
#6336=VECTOR('',#6339,1.0);
#6337=VECTOR('',#6340,1.0);
#6338=VECTOR('',#6341,1.0);
#6339=DIRECTION('',(0.07378826192057876,0.9972739304738394,0));
#6340=DIRECTION('',(0,0,1));
#6341=DIRECTION('',(-0.00810074271602016,-0.10948434504200859,-0.9939555101503141));
#6342=FACE_SURFACE('',(#6347),#6343,.T.);
#6343=PLANE('',#6344);
#6344=AXIS2_PLACEMENT_3D('',#484,#6345,#6346);
#6345=DIRECTION('',(0.9972739304738393,-0.07378826192057876,0));
#6346=DIRECTION('',(0.00810074271602016,0.10948434504200859,0.9939555101503141));
#6347=FACE_BOUND('',#6348,.T.);
#6348=EDGE_LOOP('',(#6349,#6350,#6351));
#6349=ORIENTED_EDGE('',*,*,#6352,.T.);
#6350=ORIENTED_EDGE('',*,*,#6353,.T.);
#6351=ORIENTED_EDGE('',*,*,#6354,.T.);
#6352=EDGE_CURVE('',#485,#491,#6355,.F.);
#6353=EDGE_CURVE('',#491,#487,#6356,.T.);
#6354=EDGE_CURVE('',#487,#485,#6357,.T.);
#6355=LINE('',#484,#6358);
#6356=LINE('',#490,#6359);
#6357=LINE('',#486,#6360);
#6358=VECTOR('',#6361,1.0);
#6359=VECTOR('',#6362,1.0);
#6360=VECTOR('',#6363,1.0);
#6361=DIRECTION('',(0.00810074271602016,0.10948434504200859,0.9939555101503141));
#6362=DIRECTION('',(-0.07378826192057876,-0.9972739304738394,0));
#6363=DIRECTION('',(0,0,-1));
#6364=FACE_SURFACE('',(#6369),#6365,.T.);
#6365=PLANE('',#6366);
#6366=AXIS2_PLACEMENT_3D('',#488,#6367,#6368);
#6367=DIRECTION('',(0.9997008027884063,-0.02446027195711448,0));
#6368=DIRECTION('',(0.02446027195711448,0.9997008027884063,0));
#6369=FACE_BOUND('',#6370,.T.);
#6370=EDGE_LOOP('',(#6371,#6372,#6373));
#6371=ORIENTED_EDGE('',*,*,#6374,.T.);
#6372=ORIENTED_EDGE('',*,*,#6375,.T.);
#6373=ORIENTED_EDGE('',*,*,#6376,.T.);
#6374=EDGE_CURVE('',#489,#493,#6377,.F.);
#6375=EDGE_CURVE('',#493,#495,#6378,.T.);
#6376=EDGE_CURVE('',#495,#489,#6379,.T.);
#6377=LINE('',#488,#6380);
#6378=LINE('',#492,#6381);
#6379=LINE('',#494,#6382);
#6380=VECTOR('',#6383,1.0);
#6381=VECTOR('',#6384,1.0);
#6382=VECTOR('',#6385,1.0);
#6383=DIRECTION('',(0.02446027195711448,0.9997008027884063,0));
#6384=DIRECTION('',(0,0,1));
#6385=DIRECTION('',(-0.0002519950642089474,-0.010299136020649505,-0.9999469307396848));
#6386=FACE_SURFACE('',(#6391),#6387,.T.);
#6387=PLANE('',#6388);
#6388=AXIS2_PLACEMENT_3D('',#488,#6389,#6390);
#6389=DIRECTION('',(0.9997008027884063,-0.02446027195711448,0));
#6390=DIRECTION('',(0.0002519950642089474,0.010299136020649505,0.9999469307396848));
#6391=FACE_BOUND('',#6392,.T.);
#6392=EDGE_LOOP('',(#6393,#6394,#6395));
#6393=ORIENTED_EDGE('',*,*,#6396,.T.);
#6394=ORIENTED_EDGE('',*,*,#6397,.T.);
#6395=ORIENTED_EDGE('',*,*,#6398,.T.);
#6396=EDGE_CURVE('',#489,#495,#6399,.F.);
#6397=EDGE_CURVE('',#495,#491,#6400,.T.);
#6398=EDGE_CURVE('',#491,#489,#6401,.T.);
#6399=LINE('',#488,#6402);
#6400=LINE('',#494,#6403);
#6401=LINE('',#490,#6404);
#6402=VECTOR('',#6405,1.0);
#6403=VECTOR('',#6406,1.0);
#6404=VECTOR('',#6407,1.0);
#6405=DIRECTION('',(0.0002519950642089474,0.010299136020649505,0.9999469307396848));
#6406=DIRECTION('',(-0.02446027195711448,-0.9997008027884063,0));
#6407=DIRECTION('',(0,0,-1));
#6408=FACE_SURFACE('',(#6413),#6409,.T.);
#6409=PLANE('',#6410);
#6410=AXIS2_PLACEMENT_3D('',#496,#6411,#6412);
#6411=DIRECTION('',(0.999700252334072,0.024482758896673344,-0));
#6412=DIRECTION('',(0,0,1));
#6413=FACE_BOUND('',#6414,.T.);
#6414=EDGE_LOOP('',(#6415,#6416,#6417));
#6415=ORIENTED_EDGE('',*,*,#6418,.T.);
#6416=ORIENTED_EDGE('',*,*,#6419,.T.);
#6417=ORIENTED_EDGE('',*,*,#6420,.T.);
#6418=EDGE_CURVE('',#497,#499,#6421,.F.);
#6419=EDGE_CURVE('',#499,#501,#6422,.T.);
#6420=EDGE_CURVE('',#501,#497,#6423,.T.);
#6421=LINE('',#496,#6424);
#6422=LINE('',#498,#6425);
#6423=LINE('',#500,#6426);
#6424=VECTOR('',#6427,1.0);
#6425=VECTOR('',#6428,1.0);
#6426=VECTOR('',#6429,1.0);
#6427=DIRECTION('',(0,0,1));
#6428=DIRECTION('',(0.024482758896673344,-0.999700252334072,0));
#6429=DIRECTION('',(-0.0002509938892223332,0.01024878999335205,-0.9999474482720279));
#6430=FACE_SURFACE('',(#6435),#6431,.T.);
#6431=PLANE('',#6432);
#6432=AXIS2_PLACEMENT_3D('',#496,#6433,#6434);
#6433=DIRECTION('',(0.999700252334072,0.024482758896673344,0));
#6434=DIRECTION('',(0.0002509938892223332,-0.01024878999335205,0.9999474482720279));
#6435=FACE_BOUND('',#6436,.T.);
#6436=EDGE_LOOP('',(#6437,#6438,#6439));
#6437=ORIENTED_EDGE('',*,*,#6440,.T.);
#6438=ORIENTED_EDGE('',*,*,#6441,.T.);
#6439=ORIENTED_EDGE('',*,*,#6442,.T.);
#6440=EDGE_CURVE('',#497,#501,#6443,.F.);
#6441=EDGE_CURVE('',#501,#503,#6444,.T.);
#6442=EDGE_CURVE('',#503,#497,#6445,.T.);
#6443=LINE('',#496,#6446);
#6444=LINE('',#500,#6447);
#6445=LINE('',#502,#6448);
#6446=VECTOR('',#6449,1.0);
#6447=VECTOR('',#6450,1.0);
#6448=VECTOR('',#6451,1.0);
#6449=DIRECTION('',(0.0002509938892223332,-0.01024878999335205,0.9999474482720279));
#6450=DIRECTION('',(0,0,-1));
#6451=DIRECTION('',(-0.024482758896673344,0.999700252334072,0));
#6452=FACE_SURFACE('',(#6457),#6453,.T.);
#6453=PLANE('',#6454);
#6454=AXIS2_PLACEMENT_3D('',#504,#6455,#6456);
#6455=DIRECTION('',(0.9972739304738393,0.07378826192057876,-0));
#6456=DIRECTION('',(0,0,1));
#6457=FACE_BOUND('',#6458,.T.);
#6458=EDGE_LOOP('',(#6459,#6460,#6461));
#6459=ORIENTED_EDGE('',*,*,#6462,.T.);
#6460=ORIENTED_EDGE('',*,*,#6463,.T.);
#6461=ORIENTED_EDGE('',*,*,#6464,.T.);
#6462=EDGE_CURVE('',#505,#507,#6465,.F.);
#6463=EDGE_CURVE('',#507,#499,#6466,.T.);
#6464=EDGE_CURVE('',#499,#505,#6467,.T.);
#6465=LINE('',#504,#6468);
#6466=LINE('',#506,#6469);
#6467=LINE('',#498,#6470);
#6468=VECTOR('',#6471,1.0);
#6469=VECTOR('',#6472,1.0);
#6470=VECTOR('',#6473,1.0);
#6471=DIRECTION('',(0,0,1));
#6472=DIRECTION('',(0.07378826192057876,-0.9972739304738394,0));
#6473=DIRECTION('',(-0.00810074271602016,0.10948434504200859,-0.9939555101503141));
#6474=FACE_SURFACE('',(#6479),#6475,.T.);
#6475=PLANE('',#6476);
#6476=AXIS2_PLACEMENT_3D('',#504,#6477,#6478);
#6477=DIRECTION('',(0.9972739304738393,0.07378826192057876,0));
#6478=DIRECTION('',(0.00810074271602016,-0.10948434504200859,0.9939555101503141));
#6479=FACE_BOUND('',#6480,.T.);
#6480=EDGE_LOOP('',(#6481,#6482,#6483));
#6481=ORIENTED_EDGE('',*,*,#6484,.T.);
#6482=ORIENTED_EDGE('',*,*,#6485,.T.);
#6483=ORIENTED_EDGE('',*,*,#6486,.T.);
#6484=EDGE_CURVE('',#505,#499,#6487,.F.);
#6485=EDGE_CURVE('',#499,#497,#6488,.T.);
#6486=EDGE_CURVE('',#497,#505,#6489,.T.);
#6487=LINE('',#504,#6490);
#6488=LINE('',#498,#6491);
#6489=LINE('',#496,#6492);
#6490=VECTOR('',#6493,1.0);
#6491=VECTOR('',#6494,1.0);
#6492=VECTOR('',#6495,1.0);
#6493=DIRECTION('',(0.00810074271602016,-0.10948434504200859,0.9939555101503141));
#6494=DIRECTION('',(0,0,-1));
#6495=DIRECTION('',(-0.07378826192057876,0.9972739304738394,0));
#6496=FACE_SURFACE('',(#6501),#6497,.T.);
#6497=PLANE('',#6498);
#6498=AXIS2_PLACEMENT_3D('',#508,#6499,#6500);
#6499=DIRECTION('',(0.9924991665517617,0.1222513983317099,-0));
#6500=DIRECTION('',(0,0,1));
#6501=FACE_BOUND('',#6502,.T.);
#6502=EDGE_LOOP('',(#6503,#6504,#6505));
#6503=ORIENTED_EDGE('',*,*,#6506,.T.);
#6504=ORIENTED_EDGE('',*,*,#6507,.T.);
#6505=ORIENTED_EDGE('',*,*,#6508,.T.);
#6506=EDGE_CURVE('',#509,#511,#6509,.F.);
#6507=EDGE_CURVE('',#511,#507,#6510,.T.);
#6508=EDGE_CURVE('',#507,#509,#6511,.T.);
#6509=LINE('',#508,#6512);
#6510=LINE('',#510,#6513);
#6511=LINE('',#506,#6514);
#6512=VECTOR('',#6515,1.0);
#6513=VECTOR('',#6516,1.0);
#6514=VECTOR('',#6517,1.0);
#6515=DIRECTION('',(0,0,1));
#6516=DIRECTION('',(0.1222513983317099,-0.9924991665517617,0));
#6517=DIRECTION('',(-0.013418455623559408,0.108937862507378,-0.9939579906419598));
#6518=FACE_SURFACE('',(#6523),#6519,.T.);
#6519=PLANE('',#6520);
#6520=AXIS2_PLACEMENT_3D('',#508,#6521,#6522);
#6521=DIRECTION('',(0.9924991665517617,0.1222513983317099,0));
#6522=DIRECTION('',(0.013418455623559408,-0.108937862507378,0.9939579906419598));
#6523=FACE_BOUND('',#6524,.T.);
#6524=EDGE_LOOP('',(#6525,#6526,#6527));
#6525=ORIENTED_EDGE('',*,*,#6528,.T.);
#6526=ORIENTED_EDGE('',*,*,#6529,.T.);
#6527=ORIENTED_EDGE('',*,*,#6530,.T.);
#6528=EDGE_CURVE('',#509,#507,#6531,.F.);
#6529=EDGE_CURVE('',#507,#505,#6532,.T.);
#6530=EDGE_CURVE('',#505,#509,#6533,.T.);
#6531=LINE('',#508,#6534);
#6532=LINE('',#506,#6535);
#6533=LINE('',#504,#6536);
#6534=VECTOR('',#6537,1.0);
#6535=VECTOR('',#6538,1.0);
#6536=VECTOR('',#6539,1.0);
#6537=DIRECTION('',(0.013418455623559408,-0.108937862507378,0.9939579906419598));
#6538=DIRECTION('',(0,0,-1));
#6539=DIRECTION('',(-0.1222513983317099,0.9924991665517617,0));
#6540=FACE_SURFACE('',(#6545),#6541,.T.);
#6541=PLANE('',#6542);
#6542=AXIS2_PLACEMENT_3D('',#512,#6543,#6544);
#6543=DIRECTION('',(0.9852451550879728,0.17114901219602824,-0));
#6544=DIRECTION('',(0,0,1));
#6545=FACE_BOUND('',#6546,.T.);
#6546=EDGE_LOOP('',(#6547,#6548,#6549));
#6547=ORIENTED_EDGE('',*,*,#6550,.T.);
#6548=ORIENTED_EDGE('',*,*,#6551,.T.);
#6549=ORIENTED_EDGE('',*,*,#6552,.T.);
#6550=EDGE_CURVE('',#513,#515,#6553,.F.);
#6551=EDGE_CURVE('',#515,#511,#6554,.T.);
#6552=EDGE_CURVE('',#511,#513,#6555,.T.);
#6553=LINE('',#512,#6556);
#6554=LINE('',#514,#6557);
#6555=LINE('',#510,#6558);
#6556=VECTOR('',#6559,1.0);
#6557=VECTOR('',#6560,1.0);
#6558=VECTOR('',#6561,1.0);
#6559=DIRECTION('',(0,0,1));
#6560=DIRECTION('',(0.17114901219602827,-0.985245155087973,0));
#6561=DIRECTION('',(-0.01878576842352763,0.10814311509251434,-0.9939578268532446));
#6562=FACE_SURFACE('',(#6567),#6563,.T.);
#6563=PLANE('',#6564);
#6564=AXIS2_PLACEMENT_3D('',#512,#6565,#6566);
#6565=DIRECTION('',(0.9852451550879728,0.17114901219602824,0));
#6566=DIRECTION('',(0.01878576842352763,-0.10814311509251434,0.9939578268532446));
#6567=FACE_BOUND('',#6568,.T.);
#6568=EDGE_LOOP('',(#6569,#6570,#6571));
#6569=ORIENTED_EDGE('',*,*,#6572,.T.);
#6570=ORIENTED_EDGE('',*,*,#6573,.T.);
#6571=ORIENTED_EDGE('',*,*,#6574,.T.);
#6572=EDGE_CURVE('',#513,#511,#6575,.F.);
#6573=EDGE_CURVE('',#511,#509,#6576,.T.);
#6574=EDGE_CURVE('',#509,#513,#6577,.T.);
#6575=LINE('',#512,#6578);
#6576=LINE('',#510,#6579);
#6577=LINE('',#508,#6580);
#6578=VECTOR('',#6581,1.0);
#6579=VECTOR('',#6582,1.0);
#6580=VECTOR('',#6583,1.0);
#6581=DIRECTION('',(0.01878576842352763,-0.10814311509251434,0.9939578268532446));
#6582=DIRECTION('',(0,0,-1));
#6583=DIRECTION('',(-0.17114901219602827,0.985245155087973,0));
#6584=FACE_SURFACE('',(#6589),#6585,.T.);
#6585=PLANE('',#6586);
#6586=AXIS2_PLACEMENT_3D('',#516,#6587,#6588);
#6587=DIRECTION('',(0.9756944784607713,0.21913531139723524,-0));
#6588=DIRECTION('',(0,0,1));
#6589=FACE_BOUND('',#6590,.T.);
#6590=EDGE_LOOP('',(#6591,#6592,#6593));
#6591=ORIENTED_EDGE('',*,*,#6594,.T.);
#6592=ORIENTED_EDGE('',*,*,#6595,.T.);
#6593=ORIENTED_EDGE('',*,*,#6596,.T.);
#6594=EDGE_CURVE('',#517,#519,#6597,.F.);
#6595=EDGE_CURVE('',#519,#515,#6598,.T.);
#6596=EDGE_CURVE('',#515,#517,#6599,.T.);
#6597=LINE('',#516,#6600);
#6598=LINE('',#518,#6601);
#6599=LINE('',#514,#6602);
#6600=VECTOR('',#6603,1.0);
#6601=VECTOR('',#6604,1.0);
#6602=VECTOR('',#6605,1.0);
#6603=DIRECTION('',(0,0,1));
#6604=DIRECTION('',(0.21913531139723524,-0.9756944784607714,0));
#6605=DIRECTION('',(-0.024053778586082458,0.10709884592727806,-0.9939573697783909));
#6606=FACE_SURFACE('',(#6611),#6607,.T.);
#6607=PLANE('',#6608);
#6608=AXIS2_PLACEMENT_3D('',#516,#6609,#6610);
#6609=DIRECTION('',(0.9756944784607713,0.21913531139723524,0));
#6610=DIRECTION('',(0.024053778586082458,-0.10709884592727806,0.9939573697783909));
#6611=FACE_BOUND('',#6612,.T.);
#6612=EDGE_LOOP('',(#6613,#6614,#6615));
#6613=ORIENTED_EDGE('',*,*,#6616,.T.);
#6614=ORIENTED_EDGE('',*,*,#6617,.T.);
#6615=ORIENTED_EDGE('',*,*,#6618,.T.);
#6616=EDGE_CURVE('',#517,#515,#6619,.F.);
#6617=EDGE_CURVE('',#515,#513,#6620,.T.);
#6618=EDGE_CURVE('',#513,#517,#6621,.T.);
#6619=LINE('',#516,#6622);
#6620=LINE('',#514,#6623);
#6621=LINE('',#512,#6624);
#6622=VECTOR('',#6625,1.0);
#6623=VECTOR('',#6626,1.0);
#6624=VECTOR('',#6627,1.0);
#6625=DIRECTION('',(0.024053778586082458,-0.10709884592727806,0.9939573697783909));
#6626=DIRECTION('',(0,0,-1));
#6627=DIRECTION('',(-0.21913531139723524,0.9756944784607714,0));
#6628=FACE_SURFACE('',(#6633),#6629,.T.);
#6629=PLANE('',#6630);
#6630=AXIS2_PLACEMENT_3D('',#516,#6631,#6632);
#6631=DIRECTION('',(0.963795737379432,0.26664166330346195,-0));
#6632=DIRECTION('',(-0.26664166330346195,0.9637957373794321,0));
#6633=FACE_BOUND('',#6634,.T.);
#6634=EDGE_LOOP('',(#6635,#6636,#6637));
#6635=ORIENTED_EDGE('',*,*,#6638,.T.);
#6636=ORIENTED_EDGE('',*,*,#6639,.T.);
#6637=ORIENTED_EDGE('',*,*,#6640,.T.);
#6638=EDGE_CURVE('',#517,#423,#6641,.F.);
#6639=EDGE_CURVE('',#423,#519,#6642,.T.);
#6640=EDGE_CURVE('',#519,#517,#6643,.T.);
#6641=LINE('',#516,#6644);
#6642=LINE('',#422,#6645);
#6643=LINE('',#518,#6646);
#6644=VECTOR('',#6647,1.0);
#6645=VECTOR('',#6648,1.0);
#6646=VECTOR('',#6649,1.0);
#6647=DIRECTION('',(-0.26664166330346195,0.9637957373794321,0));
#6648=DIRECTION('',(0.02927198823516524,-0.10580573619346624,0.9939558827701152));
#6649=DIRECTION('',(0,0,-1));
#6650=FACE_SURFACE('',(#6655),#6651,.T.);
#6651=PLANE('',#6652);
#6652=AXIS2_PLACEMENT_3D('',#420,#6653,#6654);
#6653=DIRECTION('',(0.963795737379432,0.26664166330346195,0));
#6654=DIRECTION('',(0.26664166330346195,-0.9637957373794321,0));
#6655=FACE_BOUND('',#6656,.T.);
#6656=EDGE_LOOP('',(#6657,#6658,#6659));
#6657=ORIENTED_EDGE('',*,*,#6660,.T.);
#6658=ORIENTED_EDGE('',*,*,#6661,.T.);
#6659=ORIENTED_EDGE('',*,*,#6662,.T.);
#6660=EDGE_CURVE('',#421,#519,#6663,.F.);
#6661=EDGE_CURVE('',#519,#423,#6664,.T.);
#6662=EDGE_CURVE('',#423,#421,#6665,.T.);
#6663=LINE('',#420,#6666);
#6664=LINE('',#518,#6667);
#6665=LINE('',#422,#6668);
#6666=VECTOR('',#6669,1.0);
#6667=VECTOR('',#6670,1.0);
#6668=VECTOR('',#6671,1.0);
#6669=DIRECTION('',(0.26664166330346195,-0.9637957373794321,0));
#6670=DIRECTION('',(-0.02927198823516524,0.10580573619346624,-0.9939558827701152));
#6671=DIRECTION('',(0,0,1));
#6672=FACE_SURFACE('',(#6677),#6673,.T.);
#6673=PLANE('',#6674);
#6674=AXIS2_PLACEMENT_3D('',#416,#6675,#6676);
#6675=DIRECTION('',(0,-1,0));
#6676=DIRECTION('',(0,0,-1));
#6677=FACE_BOUND('',#6678,.T.);
#6678=EDGE_LOOP('',(#6679,#6680,#6681));
#6679=ORIENTED_EDGE('',*,*,#6682,.T.);
#6680=ORIENTED_EDGE('',*,*,#6683,.T.);
#6681=ORIENTED_EDGE('',*,*,#6684,.T.);
#6682=EDGE_CURVE('',#417,#521,#6685,.F.);
#6683=EDGE_CURVE('',#521,#523,#6686,.T.);
#6684=EDGE_CURVE('',#523,#417,#6687,.T.);
#6685=LINE('',#416,#6688);
#6686=LINE('',#520,#6689);
#6687=LINE('',#522,#6690);
#6688=VECTOR('',#6691,1.0);
#6689=VECTOR('',#6692,1.0);
#6690=VECTOR('',#6693,1.0);
#6691=DIRECTION('',(0,0,-1));
#6692=DIRECTION('',(1,0,0));
#6693=DIRECTION('',(-0.6592159012095465,0,0.7519537190495738));
#6694=FACE_SURFACE('',(#6699),#6695,.T.);
#6695=PLANE('',#6696);
#6696=AXIS2_PLACEMENT_3D('',#524,#6697,#6698);
#6697=DIRECTION('',(0,-1,0));
#6698=DIRECTION('',(1,0,0));
#6699=FACE_BOUND('',#6700,.T.);
#6700=EDGE_LOOP('',(#6701,#6702,#6703));
#6701=ORIENTED_EDGE('',*,*,#6704,.T.);
#6702=ORIENTED_EDGE('',*,*,#6705,.T.);
#6703=ORIENTED_EDGE('',*,*,#6706,.T.);
#6704=EDGE_CURVE('',#525,#503,#6707,.F.);
#6705=EDGE_CURVE('',#503,#523,#6708,.T.);
#6706=EDGE_CURVE('',#523,#525,#6709,.T.);
#6707=LINE('',#524,#6710);
#6708=LINE('',#502,#6711);
#6709=LINE('',#522,#6712);
#6710=VECTOR('',#6713,1.0);
#6711=VECTOR('',#6714,1.0);
#6712=VECTOR('',#6715,1.0);
#6713=DIRECTION('',(1,0,0));
#6714=DIRECTION('',(-0.10880551204839749,0,0.9940630566256278));
#6715=DIRECTION('',(0,0,-1));
#6716=FACE_SURFACE('',(#6721),#6717,.T.);
#6717=PLANE('',#6718);
#6718=AXIS2_PLACEMENT_3D('',#502,#6719,#6720);
#6719=DIRECTION('',(0,-1,0));
#6720=DIRECTION('',(0,0,1));
#6721=FACE_BOUND('',#6722,.T.);
#6722=EDGE_LOOP('',(#6723,#6724,#6725));
#6723=ORIENTED_EDGE('',*,*,#6726,.T.);
#6724=ORIENTED_EDGE('',*,*,#6727,.T.);
#6725=ORIENTED_EDGE('',*,*,#6728,.T.);
#6726=EDGE_CURVE('',#503,#501,#6729,.F.);
#6727=EDGE_CURVE('',#501,#523,#6730,.T.);
#6728=EDGE_CURVE('',#523,#503,#6731,.T.);
#6729=LINE('',#502,#6732);
#6730=LINE('',#500,#6733);
#6731=LINE('',#522,#6734);
#6732=VECTOR('',#6735,1.0);
#6733=VECTOR('',#6736,1.0);
#6734=VECTOR('',#6737,1.0);
#6735=DIRECTION('',(0,0,1));
#6736=DIRECTION('',(-0.901758120945148,0,-0.4322410106751511));
#6737=DIRECTION('',(0.10880551204839749,0,-0.9940630566256278));
#6738=FACE_SURFACE('',(#6743),#6739,.T.);
#6739=PLANE('',#6740);
#6740=AXIS2_PLACEMENT_3D('',#416,#6741,#6742);
#6741=DIRECTION('',(0,-1,0));
#6742=DIRECTION('',(0.6592159012095465,0,-0.7519537190495738));
#6743=FACE_BOUND('',#6744,.T.);
#6744=EDGE_LOOP('',(#6745,#6746,#6747));
#6745=ORIENTED_EDGE('',*,*,#6748,.T.);
#6746=ORIENTED_EDGE('',*,*,#6749,.T.);
#6747=ORIENTED_EDGE('',*,*,#6750,.T.);
#6748=EDGE_CURVE('',#417,#523,#6751,.F.);
#6749=EDGE_CURVE('',#523,#501,#6752,.T.);
#6750=EDGE_CURVE('',#501,#417,#6753,.T.);
#6751=LINE('',#416,#6754);
#6752=LINE('',#522,#6755);
#6753=LINE('',#500,#6756);
#6754=VECTOR('',#6757,1.0);
#6755=VECTOR('',#6758,1.0);
#6756=VECTOR('',#6759,1.0);
#6757=DIRECTION('',(0.6592159012095465,0,-0.7519537190495738));
#6758=DIRECTION('',(0.901758120945148,0,0.4322410106751511));
#6759=DIRECTION('',(-1,0,0));
#6760=FACE_SURFACE('',(#6765),#6761,.T.);
#6761=PLANE('',#6762);
#6762=AXIS2_PLACEMENT_3D('',#526,#6763,#6764);
#6763=DIRECTION('',(-0.9807648205268796,-0.19519315258706596,0));
#6764=DIRECTION('',(0,0,1));
#6765=FACE_BOUND('',#6766,.T.);
#6766=EDGE_LOOP('',(#6767,#6768,#6769));
#6767=ORIENTED_EDGE('',*,*,#6770,.T.);
#6768=ORIENTED_EDGE('',*,*,#6771,.T.);
#6769=ORIENTED_EDGE('',*,*,#6772,.T.);
#6770=EDGE_CURVE('',#527,#529,#6773,.F.);
#6771=EDGE_CURVE('',#529,#455,#6774,.T.);
#6772=EDGE_CURVE('',#455,#527,#6775,.T.);
#6773=LINE('',#526,#6776);
#6774=LINE('',#528,#6777);
#6775=LINE('',#454,#6778);
#6776=VECTOR('',#6779,1.0);
#6777=VECTOR('',#6780,1.0);
#6778=VECTOR('',#6781,1.0);
#6779=DIRECTION('',(0,0,1));
#6780=DIRECTION('',(-0.195193152587066,0.9807648205268796,0));
#6781=DIRECTION('',(0.055403938664045485,-0.2783818655528258,-0.9588711803531478));
#6782=FACE_SURFACE('',(#6787),#6783,.T.);
#6783=PLANE('',#6784);
#6784=AXIS2_PLACEMENT_3D('',#522,#6785,#6786);
#6785=DIRECTION('',(-0.9978692264976317,-0.06524574169260594,0));
#6786=DIRECTION('',(-0.06524574169260594,0.9978692264976317,0));
#6787=FACE_BOUND('',#6788,.T.);
#6788=EDGE_LOOP('',(#6789,#6790,#6791));
#6789=ORIENTED_EDGE('',*,*,#6792,.T.);
#6790=ORIENTED_EDGE('',*,*,#6793,.T.);
#6791=ORIENTED_EDGE('',*,*,#6794,.T.);
#6792=EDGE_CURVE('',#523,#529,#6795,.F.);
#6793=EDGE_CURVE('',#529,#527,#6796,.T.);
#6794=EDGE_CURVE('',#527,#523,#6797,.T.);
#6795=LINE('',#522,#6798);
#6796=LINE('',#528,#6799);
#6797=LINE('',#526,#6800);
#6798=VECTOR('',#6801,1.0);
#6799=VECTOR('',#6802,1.0);
#6800=VECTOR('',#6803,1.0);
#6801=DIRECTION('',(-0.06524574169260594,0.9978692264976317,0));
#6802=DIRECTION('',(0,0,-1));
#6803=DIRECTION('',(0.012202051676624819,-0.18661833787717683,0.9823567101123912));
#6804=FACE_SURFACE('',(#6809),#6805,.T.);
#6805=PLANE('',#6806);
#6806=AXIS2_PLACEMENT_3D('',#522,#6807,#6808);
#6807=DIRECTION('',(-0.9978692264976317,-0.06524574169260594,-0));
#6808=DIRECTION('',(-0.012202051676624819,0.18661833787717683,-0.9823567101123912));
#6809=FACE_BOUND('',#6810,.T.);
#6810=EDGE_LOOP('',(#6811,#6812,#6813));
#6811=ORIENTED_EDGE('',*,*,#6814,.T.);
#6812=ORIENTED_EDGE('',*,*,#6815,.T.);
#6813=ORIENTED_EDGE('',*,*,#6816,.T.);
#6814=EDGE_CURVE('',#523,#527,#6817,.F.);
#6815=EDGE_CURVE('',#527,#525,#6818,.T.);
#6816=EDGE_CURVE('',#525,#523,#6819,.T.);
#6817=LINE('',#522,#6820);
#6818=LINE('',#526,#6821);
#6819=LINE('',#524,#6822);
#6820=VECTOR('',#6823,1.0);
#6821=VECTOR('',#6824,1.0);
#6822=VECTOR('',#6825,1.0);
#6823=DIRECTION('',(-0.012202051676624819,0.18661833787717683,-0.9823567101123912));
#6824=DIRECTION('',(0.06524574169260594,-0.9978692264976317,0));
#6825=DIRECTION('',(0,0,1));
#6826=FACE_SURFACE('',(#6831),#6827,.T.);
#6827=PLANE('',#6828);
#6828=AXIS2_PLACEMENT_3D('',#522,#6829,#6830);
#6829=DIRECTION('',(0,0,-1));
#6830=DIRECTION('',(-1,0,0));
#6831=FACE_BOUND('',#6832,.T.);
#6832=EDGE_LOOP('',(#6833,#6834,#6835));
#6833=ORIENTED_EDGE('',*,*,#6836,.T.);
#6834=ORIENTED_EDGE('',*,*,#6837,.T.);
#6835=ORIENTED_EDGE('',*,*,#6838,.T.);
#6836=EDGE_CURVE('',#523,#521,#6839,.F.);
#6837=EDGE_CURVE('',#521,#529,#6840,.T.);
#6838=EDGE_CURVE('',#529,#523,#6841,.T.);
#6839=LINE('',#522,#6842);
#6840=LINE('',#520,#6843);
#6841=LINE('',#528,#6844);
#6842=VECTOR('',#6845,1.0);
#6843=VECTOR('',#6846,1.0);
#6844=VECTOR('',#6847,1.0);
#6845=DIRECTION('',(-1,0,0));
#6846=DIRECTION('',(0.17403441034196293,0.9847395716720869,0));
#6847=DIRECTION('',(0.06524574169260594,-0.9978692264976317,0));
#6848=FACE_SURFACE('',(#6853),#6849,.T.);
#6849=PLANE('',#6850);
#6850=AXIS2_PLACEMENT_3D('',#520,#6851,#6852);
#6851=DIRECTION('',(0,-0,-1));
#6852=DIRECTION('',(0,-1,0));
#6853=FACE_BOUND('',#6854,.T.);
#6854=EDGE_LOOP('',(#6855,#6856,#6857));
#6855=ORIENTED_EDGE('',*,*,#6858,.T.);
#6856=ORIENTED_EDGE('',*,*,#6859,.T.);
#6857=ORIENTED_EDGE('',*,*,#6860,.T.);
#6858=EDGE_CURVE('',#521,#531,#6861,.F.);
#6859=EDGE_CURVE('',#531,#113,#6862,.T.);
#6860=EDGE_CURVE('',#113,#521,#6863,.T.);
#6861=LINE('',#520,#6864);
#6862=LINE('',#530,#6865);
#6863=LINE('',#112,#6866);
#6864=VECTOR('',#6867,1.0);
#6865=VECTOR('',#6868,1.0);
#6866=VECTOR('',#6869,1.0);
#6867=DIRECTION('',(0,-1,0));
#6868=DIRECTION('',(-0.9817619080832981,-0.19011458607019577,0));
#6869=DIRECTION('',(0.9516062923220705,0.3073198080388606,0));
#6870=FACE_SURFACE('',(#6875),#6871,.T.);
#6871=PLANE('',#6872);
#6872=AXIS2_PLACEMENT_3D('',#530,#6873,#6874);
#6873=DIRECTION('',(0,1,0));
#6874=DIRECTION('',(0,0,1));
#6875=FACE_BOUND('',#6876,.T.);
#6876=EDGE_LOOP('',(#6877,#6878,#6879));
#6877=ORIENTED_EDGE('',*,*,#6880,.T.);
#6878=ORIENTED_EDGE('',*,*,#6881,.T.);
#6879=ORIENTED_EDGE('',*,*,#6882,.T.);
#6880=EDGE_CURVE('',#531,#533,#6883,.F.);
#6881=EDGE_CURVE('',#533,#535,#6884,.T.);
#6882=EDGE_CURVE('',#535,#531,#6885,.T.);
#6883=LINE('',#530,#6886);
#6884=LINE('',#532,#6887);
#6885=LINE('',#534,#6888);
#6886=VECTOR('',#6889,1.0);
#6887=VECTOR('',#6890,1.0);
#6888=VECTOR('',#6891,1.0);
#6889=DIRECTION('',(0,0,1));
#6890=DIRECTION('',(0.6592415224095092,0,-0.7519312569186046));
#6891=DIRECTION('',(-1,0,0));
#6892=FACE_SURFACE('',(#6897),#6893,.T.);
#6893=PLANE('',#6894);
#6894=AXIS2_PLACEMENT_3D('',#492,#6895,#6896);
#6895=DIRECTION('',(0,1,0));
#6896=DIRECTION('',(-1,0,0));
#6897=FACE_BOUND('',#6898,.T.);
#6898=EDGE_LOOP('',(#6899,#6900,#6901));
#6899=ORIENTED_EDGE('',*,*,#6902,.T.);
#6900=ORIENTED_EDGE('',*,*,#6903,.T.);
#6901=ORIENTED_EDGE('',*,*,#6904,.T.);
#6902=EDGE_CURVE('',#493,#537,#6905,.F.);
#6903=EDGE_CURVE('',#537,#535,#6906,.T.);
#6904=EDGE_CURVE('',#535,#493,#6907,.T.);
#6905=LINE('',#492,#6908);
#6906=LINE('',#536,#6909);
#6907=LINE('',#534,#6910);
#6908=VECTOR('',#6911,1.0);
#6909=VECTOR('',#6912,1.0);
#6910=VECTOR('',#6913,1.0);
#6911=DIRECTION('',(-1,0,0));
#6912=DIRECTION('',(0,0,1));
#6913=DIRECTION('',(0.10880344157739122,0,-0.9940632832475582));
#6914=FACE_SURFACE('',(#6919),#6915,.T.);
#6915=PLANE('',#6916);
#6916=AXIS2_PLACEMENT_3D('',#532,#6917,#6918);
#6917=DIRECTION('',(-0,1,0));
#6918=DIRECTION('',(1,0,0));
#6919=FACE_BOUND('',#6920,.T.);
#6920=EDGE_LOOP('',(#6921,#6922,#6923));
#6921=ORIENTED_EDGE('',*,*,#6924,.T.);
#6922=ORIENTED_EDGE('',*,*,#6925,.T.);
#6923=ORIENTED_EDGE('',*,*,#6926,.T.);
#6924=EDGE_CURVE('',#533,#495,#6927,.F.);
#6925=EDGE_CURVE('',#495,#535,#6928,.T.);
#6926=EDGE_CURVE('',#535,#533,#6929,.T.);
#6927=LINE('',#532,#6930);
#6928=LINE('',#494,#6931);
#6929=LINE('',#534,#6932);
#6930=VECTOR('',#6933,1.0);
#6931=VECTOR('',#6934,1.0);
#6932=VECTOR('',#6935,1.0);
#6933=DIRECTION('',(1,0,0));
#6934=DIRECTION('',(-0.901754876485008,0,-0.43224777932975933));
#6935=DIRECTION('',(-0.6592415224095092,0,0.7519312569186046));
#6936=FACE_SURFACE('',(#6941),#6937,.T.);
#6937=PLANE('',#6938);
#6938=AXIS2_PLACEMENT_3D('',#492,#6939,#6940);
#6939=DIRECTION('',(0,1,-0));
#6940=DIRECTION('',(-0.10880344157739122,0,0.9940632832475582));
#6941=FACE_BOUND('',#6942,.T.);
#6942=EDGE_LOOP('',(#6943,#6944,#6945));
#6943=ORIENTED_EDGE('',*,*,#6946,.T.);
#6944=ORIENTED_EDGE('',*,*,#6947,.T.);
#6945=ORIENTED_EDGE('',*,*,#6948,.T.);
#6946=EDGE_CURVE('',#493,#535,#6949,.F.);
#6947=EDGE_CURVE('',#535,#495,#6950,.T.);
#6948=EDGE_CURVE('',#495,#493,#6951,.T.);
#6949=LINE('',#492,#6952);
#6950=LINE('',#534,#6953);
#6951=LINE('',#494,#6954);
#6952=VECTOR('',#6955,1.0);
#6953=VECTOR('',#6956,1.0);
#6954=VECTOR('',#6957,1.0);
#6955=DIRECTION('',(-0.10880344157739122,0,0.9940632832475582));
#6956=DIRECTION('',(0.901754876485008,0,0.43224777932975933));
#6957=DIRECTION('',(0,0,-1));
#6958=FACE_SURFACE('',(#6963),#6959,.T.);
#6959=PLANE('',#6960);
#6960=AXIS2_PLACEMENT_3D('',#538,#6961,#6962);
#6961=DIRECTION('',(-0.99786933024545,0.06524415495274047,0));
#6962=DIRECTION('',(0,0,1));
#6963=FACE_BOUND('',#6964,.T.);
#6964=EDGE_LOOP('',(#6965,#6966,#6967));
#6965=ORIENTED_EDGE('',*,*,#6968,.T.);
#6966=ORIENTED_EDGE('',*,*,#6969,.T.);
#6967=ORIENTED_EDGE('',*,*,#6970,.T.);
#6968=EDGE_CURVE('',#539,#541,#6971,.F.);
#6969=EDGE_CURVE('',#541,#535,#6972,.T.);
#6970=EDGE_CURVE('',#535,#539,#6973,.T.);
#6971=LINE('',#538,#6974);
#6972=LINE('',#540,#6975);
#6973=LINE('',#534,#6976);
#6974=VECTOR('',#6977,1.0);
#6975=VECTOR('',#6978,1.0);
#6976=VECTOR('',#6979,1.0);
#6977=DIRECTION('',(0,0,1));
#6978=DIRECTION('',(0.06524415495274048,0.99786933024545,0));
#6979=DIRECTION('',(-0.012205038521443124,-0.18666857780339458,-0.9823471275957131));
#6980=FACE_SURFACE('',(#6985),#6981,.T.);
#6981=PLANE('',#6982);
#6982=AXIS2_PLACEMENT_3D('',#538,#6983,#6984);
#6983=DIRECTION('',(-0.99786933024545,0.06524415495274047,0));
#6984=DIRECTION('',(0.012205038521443124,0.18666857780339458,0.9823471275957131));
#6985=FACE_BOUND('',#6986,.T.);
#6986=EDGE_LOOP('',(#6987,#6988,#6989));
#6987=ORIENTED_EDGE('',*,*,#6990,.T.);
#6988=ORIENTED_EDGE('',*,*,#6991,.T.);
#6989=ORIENTED_EDGE('',*,*,#6992,.T.);
#6990=EDGE_CURVE('',#539,#535,#6993,.F.);
#6991=EDGE_CURVE('',#535,#537,#6994,.T.);
#6992=EDGE_CURVE('',#537,#539,#6995,.T.);
#6993=LINE('',#538,#6996);
#6994=LINE('',#534,#6997);
#6995=LINE('',#536,#6998);
#6996=VECTOR('',#6999,1.0);
#6997=VECTOR('',#7000,1.0);
#6998=VECTOR('',#7001,1.0);
#6999=DIRECTION('',(0.012205038521443124,0.18666857780339458,0.9823471275957131));
#7000=DIRECTION('',(0,0,-1));
#7001=DIRECTION('',(-0.06524415495274048,-0.99786933024545,0));
#7002=FACE_SURFACE('',(#7007),#7003,.T.);
#7003=PLANE('',#7004);
#7004=AXIS2_PLACEMENT_3D('',#534,#7005,#7006);
#7005=DIRECTION('',(-0,0,-1));
#7006=DIRECTION('',(-0.06524415495274048,-0.99786933024545,0));
#7007=FACE_BOUND('',#7008,.T.);
#7008=EDGE_LOOP('',(#7009,#7010,#7011));
#7009=ORIENTED_EDGE('',*,*,#7012,.T.);
#7010=ORIENTED_EDGE('',*,*,#7013,.T.);
#7011=ORIENTED_EDGE('',*,*,#7014,.T.);
#7012=EDGE_CURVE('',#535,#541,#7015,.F.);
#7013=EDGE_CURVE('',#541,#531,#7016,.T.);
#7014=EDGE_CURVE('',#531,#535,#7017,.T.);
#7015=LINE('',#534,#7018);
#7016=LINE('',#540,#7019);
#7017=LINE('',#530,#7020);
#7018=VECTOR('',#7021,1.0);
#7019=VECTOR('',#7022,1.0);
#7020=VECTOR('',#7023,1.0);
#7021=DIRECTION('',(-0.06524415495274048,-0.99786933024545,0));
#7022=DIRECTION('',(-0.17398734307286784,0.9847478887768403,0));
#7023=DIRECTION('',(1,0,0));
#7024=FACE_SURFACE('',(#7029),#7025,.T.);
#7025=PLANE('',#7026);
#7026=AXIS2_PLACEMENT_3D('',#532,#7027,#7028);
#7027=DIRECTION('',(1,0,0));
#7028=DIRECTION('',(0,0,-1));
#7029=FACE_BOUND('',#7030,.T.);
#7030=EDGE_LOOP('',(#7031,#7032,#7033));
#7031=ORIENTED_EDGE('',*,*,#7034,.T.);
#7032=ORIENTED_EDGE('',*,*,#7035,.T.);
#7033=ORIENTED_EDGE('',*,*,#7036,.T.);
#7034=EDGE_CURVE('',#533,#531,#7037,.F.);
#7035=EDGE_CURVE('',#531,#521,#7038,.T.);
#7036=EDGE_CURVE('',#521,#533,#7039,.T.);
#7037=LINE('',#532,#7040);
#7038=LINE('',#530,#7041);
#7039=LINE('',#520,#7042);
#7040=VECTOR('',#7043,1.0);
#7041=VECTOR('',#7044,1.0);
#7042=VECTOR('',#7045,1.0);
#7043=DIRECTION('',(0,0,-1));
#7044=DIRECTION('',(0,1,0));
#7045=DIRECTION('',(0,-0.9703843930241015,0.24156599465828413));
#7046=FACE_SURFACE('',(#7051),#7047,.T.);
#7047=PLANE('',#7048);
#7048=AXIS2_PLACEMENT_3D('',#532,#7049,#7050);
#7049=DIRECTION('',(1,-0,0));
#7050=DIRECTION('',(0,0.9703843930241015,-0.24156599465828413));
#7051=FACE_BOUND('',#7052,.T.);
#7052=EDGE_LOOP('',(#7053,#7054,#7055));
#7053=ORIENTED_EDGE('',*,*,#7056,.T.);
#7054=ORIENTED_EDGE('',*,*,#7057,.T.);
#7055=ORIENTED_EDGE('',*,*,#7058,.T.);
#7056=EDGE_CURVE('',#533,#521,#7059,.F.);
#7057=EDGE_CURVE('',#521,#417,#7060,.T.);
#7058=EDGE_CURVE('',#417,#533,#7061,.T.);
#7059=LINE('',#532,#7062);
#7060=LINE('',#520,#7063);
#7061=LINE('',#416,#7064);
#7062=VECTOR('',#7065,1.0);
#7063=VECTOR('',#7066,1.0);
#7064=VECTOR('',#7067,1.0);
#7065=DIRECTION('',(0,0.9703843930241015,-0.24156599465828413));
#7066=DIRECTION('',(0,0,1));
#7067=DIRECTION('',(0,-1,0));
#7068=FACE_SURFACE('',(#7073),#7069,.T.);
#7069=PLANE('',#7070);
#7070=AXIS2_PLACEMENT_3D('',#452,#7071,#7072);
#7071=DIRECTION('',(-0.9469263390570968,-0.32145063135717145,0));
#7072=DIRECTION('',(0.3214506313571714,-0.9469263390570968,0));
#7073=FACE_BOUND('',#7074,.T.);
#7074=EDGE_LOOP('',(#7075,#7076,#7077));
#7075=ORIENTED_EDGE('',*,*,#7078,.T.);
#7076=ORIENTED_EDGE('',*,*,#7079,.T.);
#7077=ORIENTED_EDGE('',*,*,#7080,.T.);
#7078=EDGE_CURVE('',#453,#543,#7081,.F.);
#7079=EDGE_CURVE('',#543,#455,#7082,.T.);
#7080=EDGE_CURVE('',#455,#453,#7083,.T.);
#7081=LINE('',#452,#7084);
#7082=LINE('',#542,#7085);
#7083=LINE('',#454,#7086);
#7084=VECTOR('',#7087,1.0);
#7085=VECTOR('',#7088,1.0);
#7086=VECTOR('',#7089,1.0);
#7087=DIRECTION('',(0.3214506313571714,-0.9469263390570968,0));
#7088=DIRECTION('',(0,0,1));
#7089=DIRECTION('',(-0.09123064971857955,0.26874641615441835,-0.9588807706675956));
#7090=FACE_SURFACE('',(#7095),#7091,.T.);
#7091=PLANE('',#7092);
#7092=AXIS2_PLACEMENT_3D('',#452,#7093,#7094);
#7093=DIRECTION('',(-0.9469263390570968,-0.32145063135717145,0));
#7094=DIRECTION('',(0.09123064971857955,-0.26874641615441835,0.9588807706675956));
#7095=FACE_BOUND('',#7096,.T.);
#7096=EDGE_LOOP('',(#7097,#7098,#7099));
#7097=ORIENTED_EDGE('',*,*,#7100,.T.);
#7098=ORIENTED_EDGE('',*,*,#7101,.T.);
#7099=ORIENTED_EDGE('',*,*,#7102,.T.);
#7100=EDGE_CURVE('',#453,#455,#7103,.F.);
#7101=EDGE_CURVE('',#455,#297,#7104,.T.);
#7102=EDGE_CURVE('',#297,#453,#7105,.T.);
#7103=LINE('',#452,#7106);
#7104=LINE('',#454,#7107);
#7105=LINE('',#296,#7108);
#7106=VECTOR('',#7109,1.0);
#7107=VECTOR('',#7110,1.0);
#7108=VECTOR('',#7111,1.0);
#7109=DIRECTION('',(0.09123064971857955,-0.26874641615441835,0.9588807706675956));
#7110=DIRECTION('',(-0.3214506313571714,0.9469263390570968,0));
#7111=DIRECTION('',(0,0,-1));
#7112=FACE_SURFACE('',(#7117),#7113,.T.);
#7113=PLANE('',#7114);
#7114=AXIS2_PLACEMENT_3D('',#526,#7115,#7116);
#7115=DIRECTION('',(-0.9807648205268796,-0.19519315258706596,0));
#7116=DIRECTION('',(-0.055403938664045485,0.2783818655528258,0.9588711803531478));
#7117=FACE_BOUND('',#7118,.T.);
#7118=EDGE_LOOP('',(#7119,#7120,#7121));
#7119=ORIENTED_EDGE('',*,*,#7122,.T.);
#7120=ORIENTED_EDGE('',*,*,#7123,.T.);
#7121=ORIENTED_EDGE('',*,*,#7124,.T.);
#7122=EDGE_CURVE('',#527,#455,#7125,.F.);
#7123=EDGE_CURVE('',#455,#543,#7126,.T.);
#7124=EDGE_CURVE('',#543,#527,#7127,.T.);
#7125=LINE('',#526,#7128);
#7126=LINE('',#454,#7129);
#7127=LINE('',#542,#7130);
#7128=VECTOR('',#7131,1.0);
#7129=VECTOR('',#7132,1.0);
#7130=VECTOR('',#7133,1.0);
#7131=DIRECTION('',(-0.055403938664045485,0.2783818655528258,0.9588711803531478));
#7132=DIRECTION('',(0,0,-1));
#7133=DIRECTION('',(0.195193152587066,-0.9807648205268796,0));
#7134=FACE_SURFACE('',(#7139),#7135,.T.);
#7135=PLANE('',#7136);
#7136=AXIS2_PLACEMENT_3D('',#544,#7137,#7138);
#7137=DIRECTION('',(-0.9807648205268796,0.19519315258706596,0));
#7138=DIRECTION('',(0,0,1));
#7139=FACE_BOUND('',#7140,.T.);
#7140=EDGE_LOOP('',(#7141,#7142,#7143));
#7141=ORIENTED_EDGE('',*,*,#7144,.T.);
#7142=ORIENTED_EDGE('',*,*,#7145,.T.);
#7143=ORIENTED_EDGE('',*,*,#7146,.T.);
#7144=EDGE_CURVE('',#545,#547,#7147,.F.);
#7145=EDGE_CURVE('',#547,#541,#7148,.T.);
#7146=EDGE_CURVE('',#541,#545,#7149,.T.);
#7147=LINE('',#544,#7150);
#7148=LINE('',#546,#7151);
#7149=LINE('',#540,#7152);
#7150=VECTOR('',#7153,1.0);
#7151=VECTOR('',#7154,1.0);
#7152=VECTOR('',#7155,1.0);
#7153=DIRECTION('',(0,0,1));
#7154=DIRECTION('',(0.195193152587066,0.9807648205268796,0));
#7155=DIRECTION('',(-0.055403938664045485,-0.2783818655528258,-0.9588711803531478));
#7156=FACE_SURFACE('',(#7161),#7157,.T.);
#7157=PLANE('',#7158);
#7158=AXIS2_PLACEMENT_3D('',#544,#7159,#7160);
#7159=DIRECTION('',(-0.9807648205268796,0.19519315258706596,0));
#7160=DIRECTION('',(0.055403938664045485,0.2783818655528258,0.9588711803531478));
#7161=FACE_BOUND('',#7162,.T.);
#7162=EDGE_LOOP('',(#7163,#7164,#7165));
#7163=ORIENTED_EDGE('',*,*,#7166,.T.);
#7164=ORIENTED_EDGE('',*,*,#7167,.T.);
#7165=ORIENTED_EDGE('',*,*,#7168,.T.);
#7166=EDGE_CURVE('',#545,#541,#7169,.F.);
#7167=EDGE_CURVE('',#541,#539,#7170,.T.);
#7168=EDGE_CURVE('',#539,#545,#7171,.T.);
#7169=LINE('',#544,#7172);
#7170=LINE('',#540,#7173);
#7171=LINE('',#538,#7174);
#7172=VECTOR('',#7175,1.0);
#7173=VECTOR('',#7176,1.0);
#7174=VECTOR('',#7177,1.0);
#7175=DIRECTION('',(0.055403938664045485,0.2783818655528258,0.9588711803531478));
#7176=DIRECTION('',(0,0,-1));
#7177=DIRECTION('',(-0.195193152587066,-0.9807648205268796,0));
#7178=FACE_SURFACE('',(#7183),#7179,.T.);
#7179=PLANE('',#7180);
#7180=AXIS2_PLACEMENT_3D('',#548,#7181,#7182);
#7181=DIRECTION('',(-0.9469263390570968,0.32145063135717145,0));
#7182=DIRECTION('',(0,0,1));
#7183=FACE_BOUND('',#7184,.T.);
#7184=EDGE_LOOP('',(#7185,#7186,#7187));
#7185=ORIENTED_EDGE('',*,*,#7188,.T.);
#7186=ORIENTED_EDGE('',*,*,#7189,.T.);
#7187=ORIENTED_EDGE('',*,*,#7190,.T.);
#7188=EDGE_CURVE('',#549,#551,#7191,.F.);
#7189=EDGE_CURVE('',#551,#547,#7192,.T.);
#7190=EDGE_CURVE('',#547,#549,#7193,.T.);
#7191=LINE('',#548,#7194);
#7192=LINE('',#550,#7195);
#7193=LINE('',#546,#7196);
#7194=VECTOR('',#7197,1.0);
#7195=VECTOR('',#7198,1.0);
#7196=VECTOR('',#7199,1.0);
#7197=DIRECTION('',(0,0,1));
#7198=DIRECTION('',(0.3214506313571714,0.9469263390570968,0));
#7199=DIRECTION('',(-0.09123064971857955,-0.26874641615441835,-0.9588807706675956));
#7200=FACE_SURFACE('',(#7205),#7201,.T.);
#7201=PLANE('',#7202);
#7202=AXIS2_PLACEMENT_3D('',#548,#7203,#7204);
#7203=DIRECTION('',(-0.9469263390570968,0.32145063135717145,0));
#7204=DIRECTION('',(0.09123064971857955,0.26874641615441835,0.9588807706675956));
#7205=FACE_BOUND('',#7206,.T.);
#7206=EDGE_LOOP('',(#7207,#7208,#7209));
#7207=ORIENTED_EDGE('',*,*,#7210,.T.);
#7208=ORIENTED_EDGE('',*,*,#7211,.T.);
#7209=ORIENTED_EDGE('',*,*,#7212,.T.);
#7210=EDGE_CURVE('',#549,#547,#7213,.F.);
#7211=EDGE_CURVE('',#547,#545,#7214,.T.);
#7212=EDGE_CURVE('',#545,#549,#7215,.T.);
#7213=LINE('',#548,#7216);
#7214=LINE('',#546,#7217);
#7215=LINE('',#544,#7218);
#7216=VECTOR('',#7219,1.0);
#7217=VECTOR('',#7220,1.0);
#7218=VECTOR('',#7221,1.0);
#7219=DIRECTION('',(0.09123064971857955,0.26874641615441835,0.9588807706675956));
#7220=DIRECTION('',(0,0,-1));
#7221=DIRECTION('',(-0.3214506313571714,-0.9469263390570968,0));
#7222=FACE_SURFACE('',(#7227),#7223,.T.);
#7223=PLANE('',#7224);
#7224=AXIS2_PLACEMENT_3D('',#318,#7225,#7226);
#7225=DIRECTION('',(-0.8968674793897107,0.4422993606293671,0));
#7226=DIRECTION('',(0,0,1));
#7227=FACE_BOUND('',#7228,.T.);
#7228=EDGE_LOOP('',(#7229,#7230,#7231));
#7229=ORIENTED_EDGE('',*,*,#7232,.T.);
#7230=ORIENTED_EDGE('',*,*,#7233,.T.);
#7231=ORIENTED_EDGE('',*,*,#7234,.T.);
#7232=EDGE_CURVE('',#319,#317,#7235,.F.);
#7233=EDGE_CURVE('',#317,#551,#7236,.T.);
#7234=EDGE_CURVE('',#551,#319,#7237,.T.);
#7235=LINE('',#318,#7238);
#7236=LINE('',#316,#7239);
#7237=LINE('',#550,#7240);
#7238=VECTOR('',#7241,1.0);
#7239=VECTOR('',#7242,1.0);
#7240=VECTOR('',#7243,1.0);
#7241=DIRECTION('',(0,0,1));
#7242=DIRECTION('',(0.4422993606293671,0.8968674793897106,0));
#7243=DIRECTION('',(-0.12554192067352382,-0.2545661965054409,-0.9588718776512094));
#7244=FACE_SURFACE('',(#7249),#7245,.T.);
#7245=PLANE('',#7246);
#7246=AXIS2_PLACEMENT_3D('',#318,#7247,#7248);
#7247=DIRECTION('',(-0.8968674793897107,0.4422993606293671,0));
#7248=DIRECTION('',(0.12554192067352382,0.2545661965054409,0.9588718776512094));
#7249=FACE_BOUND('',#7250,.T.);
#7250=EDGE_LOOP('',(#7251,#7252,#7253));
#7251=ORIENTED_EDGE('',*,*,#7254,.T.);
#7252=ORIENTED_EDGE('',*,*,#7255,.T.);
#7253=ORIENTED_EDGE('',*,*,#7256,.T.);
#7254=EDGE_CURVE('',#319,#551,#7257,.F.);
#7255=EDGE_CURVE('',#551,#549,#7258,.T.);
#7256=EDGE_CURVE('',#549,#319,#7259,.T.);
#7257=LINE('',#318,#7260);
#7258=LINE('',#550,#7261);
#7259=LINE('',#548,#7262);
#7260=VECTOR('',#7263,1.0);
#7261=VECTOR('',#7264,1.0);
#7262=VECTOR('',#7265,1.0);
#7263=DIRECTION('',(0.12554192067352382,0.2545661965054409,0.9588718776512094));
#7264=DIRECTION('',(0,0,-1));
#7265=DIRECTION('',(-0.4422993606293671,-0.8968674793897106,0));
#7266=FACE_SURFACE('',(#7271),#7267,.T.);
#7267=PLANE('',#7268);
#7268=AXIS2_PLACEMENT_3D('',#320,#7269,#7270);
#7269=DIRECTION('',(0,0,-1));
#7270=DIRECTION('',(-0.8522027885624298,0.5232116275145445,0));
#7271=FACE_BOUND('',#7272,.T.);
#7272=EDGE_LOOP('',(#7273,#7274,#7275));
#7273=ORIENTED_EDGE('',*,*,#7276,.T.);
#7274=ORIENTED_EDGE('',*,*,#7277,.T.);
#7275=ORIENTED_EDGE('',*,*,#7278,.T.);
#7276=EDGE_CURVE('',#321,#379,#7279,.F.);
#7277=EDGE_CURVE('',#379,#317,#7280,.T.);
#7278=EDGE_CURVE('',#317,#321,#7281,.T.);
#7279=LINE('',#320,#7282);
#7280=LINE('',#378,#7283);
#7281=LINE('',#316,#7284);
#7282=VECTOR('',#7285,1.0);
#7283=VECTOR('',#7286,1.0);
#7284=VECTOR('',#7287,1.0);
#7285=DIRECTION('',(-0.8522027885624298,0.5232116275145445,0));
#7286=DIRECTION('',(0.9401707320715142,-0.3407036755835093,0));
#7287=DIRECTION('',(-0.5555625391583309,-0.8314747531248006,0));
#7288=FACE_SURFACE('',(#7293),#7289,.T.);
#7289=PLANE('',#7290);
#7290=AXIS2_PLACEMENT_3D('',#316,#7291,#7292);
#7291=DIRECTION('',(0,0,-1));
#7292=DIRECTION('',(-0.9401707320715142,0.3407036755835093,0));
#7293=FACE_BOUND('',#7294,.T.);
#7294=EDGE_LOOP('',(#7295,#7296,#7297));
#7295=ORIENTED_EDGE('',*,*,#7298,.T.);
#7296=ORIENTED_EDGE('',*,*,#7299,.T.);
#7297=ORIENTED_EDGE('',*,*,#7300,.T.);
#7298=EDGE_CURVE('',#317,#379,#7301,.F.);
#7299=EDGE_CURVE('',#379,#551,#7302,.T.);
#7300=EDGE_CURVE('',#551,#317,#7303,.T.);
#7301=LINE('',#316,#7304);
#7302=LINE('',#378,#7305);
#7303=LINE('',#550,#7306);
#7304=VECTOR('',#7307,1.0);
#7305=VECTOR('',#7308,1.0);
#7306=VECTOR('',#7309,1.0);
#7307=DIRECTION('',(-0.9401707320715142,0.3407036755835093,0));
#7308=DIRECTION('',(0.9881654809412069,-0.15339159780194378,0));
#7309=DIRECTION('',(-0.4422993606293671,-0.8968674793897106,0));
#7310=FACE_SURFACE('',(#7315),#7311,.T.);
#7311=PLANE('',#7312);
#7312=AXIS2_PLACEMENT_3D('',#378,#7313,#7314);
#7313=DIRECTION('',(0,0,-1));
#7314=DIRECTION('',(0,1,0));
#7315=FACE_BOUND('',#7316,.T.);
#7316=EDGE_LOOP('',(#7317,#7318,#7319));
#7317=ORIENTED_EDGE('',*,*,#7320,.T.);
#7318=ORIENTED_EDGE('',*,*,#7321,.T.);
#7319=ORIENTED_EDGE('',*,*,#7322,.T.);
#7320=EDGE_CURVE('',#379,#113,#7323,.F.);
#7321=EDGE_CURVE('',#113,#551,#7324,.T.);
#7322=EDGE_CURVE('',#551,#379,#7325,.T.);
#7323=LINE('',#378,#7326);
#7324=LINE('',#112,#7327);
#7325=LINE('',#550,#7328);
#7326=VECTOR('',#7329,1.0);
#7327=VECTOR('',#7330,1.0);
#7328=VECTOR('',#7331,1.0);
#7329=DIRECTION('',(0,1,0));
#7330=DIRECTION('',(0.959247345765985,-0.28256774345440205,0));
#7331=DIRECTION('',(-0.9881654809412069,0.15339159780194378,0));
#7332=FACE_SURFACE('',(#7337),#7333,.T.);
#7333=PLANE('',#7334);
#7334=AXIS2_PLACEMENT_3D('',#546,#7335,#7336);
#7335=DIRECTION('',(-0,0,-1));
#7336=DIRECTION('',(-0.3214506313571714,-0.9469263390570968,0));
#7337=FACE_BOUND('',#7338,.T.);
#7338=EDGE_LOOP('',(#7339,#7340,#7341));
#7339=ORIENTED_EDGE('',*,*,#7342,.T.);
#7340=ORIENTED_EDGE('',*,*,#7343,.T.);
#7341=ORIENTED_EDGE('',*,*,#7344,.T.);
#7342=EDGE_CURVE('',#547,#551,#7345,.F.);
#7343=EDGE_CURVE('',#551,#113,#7346,.T.);
#7344=EDGE_CURVE('',#113,#547,#7347,.T.);
#7345=LINE('',#546,#7348);
#7346=LINE('',#550,#7349);
#7347=LINE('',#112,#7350);
#7348=VECTOR('',#7351,1.0);
#7349=VECTOR('',#7352,1.0);
#7350=VECTOR('',#7353,1.0);
#7351=DIRECTION('',(-0.3214506313571714,-0.9469263390570968,0));
#7352=DIRECTION('',(-0.959247345765985,0.28256774345440205,0));
#7353=DIRECTION('',(0.9947802342439575,-0.1020406073949833,0));
#7354=FACE_SURFACE('',(#7359),#7355,.T.);
#7355=PLANE('',#7356);
#7356=AXIS2_PLACEMENT_3D('',#454,#7357,#7358);
#7357=DIRECTION('',(0,-0,-1));
#7358=DIRECTION('',(0.195193152587066,-0.9807648205268796,0));
#7359=FACE_BOUND('',#7360,.T.);
#7360=EDGE_LOOP('',(#7361,#7362,#7363));
#7361=ORIENTED_EDGE('',*,*,#7364,.T.);
#7362=ORIENTED_EDGE('',*,*,#7365,.T.);
#7363=ORIENTED_EDGE('',*,*,#7366,.T.);
#7364=EDGE_CURVE('',#455,#529,#7367,.F.);
#7365=EDGE_CURVE('',#529,#113,#7368,.T.);
#7366=EDGE_CURVE('',#113,#455,#7369,.T.);
#7367=LINE('',#454,#7370);
#7368=LINE('',#528,#7371);
#7369=LINE('',#112,#7372);
#7370=VECTOR('',#7373,1.0);
#7371=VECTOR('',#7374,1.0);
#7372=VECTOR('',#7375,1.0);
#7373=DIRECTION('',(0.195193152587066,-0.9807648205268796,0));
#7374=DIRECTION('',(-0.9184597990426924,-0.39551434555835896,0));
#7375=DIRECTION('',(0.8472642655823885,0.5311715958775804,0));
#7376=FACE_SURFACE('',(#7381),#7377,.T.);
#7377=PLANE('',#7378);
#7378=AXIS2_PLACEMENT_3D('',#528,#7379,#7380);
#7379=DIRECTION('',(0,0,-1));
#7380=DIRECTION('',(-0.17403441034196293,-0.9847395716720869,0));
#7381=FACE_BOUND('',#7382,.T.);
#7382=EDGE_LOOP('',(#7383,#7384,#7385));
#7383=ORIENTED_EDGE('',*,*,#7386,.T.);
#7384=ORIENTED_EDGE('',*,*,#7387,.T.);
#7385=ORIENTED_EDGE('',*,*,#7388,.T.);
#7386=EDGE_CURVE('',#529,#521,#7389,.F.);
#7387=EDGE_CURVE('',#521,#113,#7390,.T.);
#7388=EDGE_CURVE('',#113,#529,#7391,.T.);
#7389=LINE('',#528,#7392);
#7390=LINE('',#520,#7393);
#7391=LINE('',#112,#7394);
#7392=VECTOR('',#7395,1.0);
#7393=VECTOR('',#7396,1.0);
#7394=VECTOR('',#7397,1.0);
#7395=DIRECTION('',(-0.17403441034196293,-0.9847395716720869,0));
#7396=DIRECTION('',(-0.9516062923220705,-0.3073198080388606,0));
#7397=DIRECTION('',(0.9184597990426924,0.39551434555835896,0));
#7398=FACE_SURFACE('',(#7403),#7399,.T.);
#7399=PLANE('',#7400);
#7400=AXIS2_PLACEMENT_3D('',#530,#7401,#7402);
#7401=DIRECTION('',(0,-0,-1));
#7402=DIRECTION('',(0.17398734307286784,-0.9847478887768403,0));
#7403=FACE_BOUND('',#7404,.T.);
#7404=EDGE_LOOP('',(#7405,#7406,#7407));
#7405=ORIENTED_EDGE('',*,*,#7408,.T.);
#7406=ORIENTED_EDGE('',*,*,#7409,.T.);
#7407=ORIENTED_EDGE('',*,*,#7410,.T.);
#7408=EDGE_CURVE('',#531,#541,#7411,.F.);
#7409=EDGE_CURVE('',#541,#113,#7412,.T.);
#7410=EDGE_CURVE('',#113,#531,#7413,.T.);
#7411=LINE('',#530,#7414);
#7412=LINE('',#540,#7415);
#7413=LINE('',#112,#7416);
#7414=VECTOR('',#7417,1.0);
#7415=VECTOR('',#7418,1.0);
#7416=VECTOR('',#7419,1.0);
#7417=DIRECTION('',(0.17398734307286784,-0.9847478887768403,0));
#7418=DIRECTION('',(-0.9971613214989711,-0.07529474687138346,0));
#7419=DIRECTION('',(0.9817619080832981,0.19011458607019577,0));
#7420=FACE_SURFACE('',(#7425),#7421,.T.);
#7421=PLANE('',#7422);
#7422=AXIS2_PLACEMENT_3D('',#540,#7423,#7424);
#7423=DIRECTION('',(0,0,-1));
#7424=DIRECTION('',(-0.195193152587066,-0.9807648205268796,0));
#7425=FACE_BOUND('',#7426,.T.);
#7426=EDGE_LOOP('',(#7427,#7428,#7429));
#7427=ORIENTED_EDGE('',*,*,#7430,.T.);
#7428=ORIENTED_EDGE('',*,*,#7431,.T.);
#7429=ORIENTED_EDGE('',*,*,#7432,.T.);
#7430=EDGE_CURVE('',#541,#547,#7433,.F.);
#7431=EDGE_CURVE('',#547,#113,#7434,.T.);
#7432=EDGE_CURVE('',#113,#541,#7435,.T.);
#7433=LINE('',#540,#7436);
#7434=LINE('',#546,#7437);
#7435=LINE('',#112,#7438);
#7436=VECTOR('',#7439,1.0);
#7437=VECTOR('',#7440,1.0);
#7438=VECTOR('',#7441,1.0);
#7439=DIRECTION('',(-0.195193152587066,-0.9807648205268796,0));
#7440=DIRECTION('',(-0.9947802342439575,0.1020406073949833,0));
#7441=DIRECTION('',(0.9971613214989711,0.07529474687138346,0));
#7442=FACE_SURFACE('',(#7447),#7443,.T.);
#7443=PLANE('',#7444);
#7444=AXIS2_PLACEMENT_3D('',#552,#7445,#7446);
#7445=DIRECTION('',(0.788450331438829,0.6150984269643358,0));
#7446=DIRECTION('',(0.6150984269643359,-0.7884503314388291,0));
#7447=FACE_BOUND('',#7448,.T.);
#7448=EDGE_LOOP('',(#7449,#7450,#7451));
#7449=ORIENTED_EDGE('',*,*,#7452,.T.);
#7450=ORIENTED_EDGE('',*,*,#7453,.T.);
#7451=ORIENTED_EDGE('',*,*,#7454,.T.);
#7452=EDGE_CURVE('',#553,#447,#7455,.F.);
#7453=EDGE_CURVE('',#447,#555,#7456,.T.);
#7454=EDGE_CURVE('',#555,#553,#7457,.T.);
#7455=LINE('',#552,#7458);
#7456=LINE('',#446,#7459);
#7457=LINE('',#554,#7460);
#7458=VECTOR('',#7461,1.0);
#7459=VECTOR('',#7462,1.0);
#7460=VECTOR('',#7463,1.0);
#7461=DIRECTION('',(0.6150984269643359,-0.7884503314388291,0));
#7462=DIRECTION('',(-0.0675391478696153,0.0865735647962921,-0.9939534603710117));
#7463=DIRECTION('',(0,0,1));
#7464=FACE_SURFACE('',(#7469),#7465,.T.);
#7465=PLANE('',#7466);
#7466=AXIS2_PLACEMENT_3D('',#448,#7467,#7468);
#7467=DIRECTION('',(0.788450331438829,0.6150984269643358,-0));
#7468=DIRECTION('',(-0.6150984269643359,0.7884503314388291,0));
#7469=FACE_BOUND('',#7470,.T.);
#7470=EDGE_LOOP('',(#7471,#7472,#7473));
#7471=ORIENTED_EDGE('',*,*,#7474,.T.);
#7472=ORIENTED_EDGE('',*,*,#7475,.T.);
#7473=ORIENTED_EDGE('',*,*,#7476,.T.);
#7474=EDGE_CURVE('',#449,#555,#7477,.F.);
#7475=EDGE_CURVE('',#555,#447,#7478,.T.);
#7476=EDGE_CURVE('',#447,#449,#7479,.T.);
#7477=LINE('',#448,#7480);
#7478=LINE('',#554,#7481);
#7479=LINE('',#446,#7482);
#7480=VECTOR('',#7483,1.0);
#7481=VECTOR('',#7484,1.0);
#7482=VECTOR('',#7485,1.0);
#7483=DIRECTION('',(-0.6150984269643359,0.7884503314388291,0));
#7484=DIRECTION('',(0.0675391478696153,-0.0865735647962921,0.9939534603710117));
#7485=DIRECTION('',(0,0,-1));
#7486=FACE_SURFACE('',(#7491),#7487,.T.);
#7487=PLANE('',#7488);
#7488=AXIS2_PLACEMENT_3D('',#554,#7489,#7490);
#7489=DIRECTION('',(0.7572703729028726,0.6531015099688136,0));
#7490=DIRECTION('',(-0.6531015099688136,0.7572703729028726,0));
#7491=FACE_BOUND('',#7492,.T.);
#7492=EDGE_LOOP('',(#7493,#7494,#7495));
#7493=ORIENTED_EDGE('',*,*,#7496,.T.);
#7494=ORIENTED_EDGE('',*,*,#7497,.T.);
#7495=ORIENTED_EDGE('',*,*,#7498,.T.);
#7496=EDGE_CURVE('',#555,#557,#7499,.F.);
#7497=EDGE_CURVE('',#557,#559,#7500,.T.);
#7498=EDGE_CURVE('',#559,#555,#7501,.T.);
#7499=LINE('',#554,#7502);
#7500=LINE('',#556,#7503);
#7501=LINE('',#558,#7504);
#7502=VECTOR('',#7505,1.0);
#7503=VECTOR('',#7506,1.0);
#7504=VECTOR('',#7507,1.0);
#7505=DIRECTION('',(-0.6531015099688136,0.7572703729028726,0));
#7506=DIRECTION('',(0,0,1));
#7507=DIRECTION('',(0.07166461741797442,-0.08309503305028743,-0.9939614671066012));
#7508=FACE_SURFACE('',(#7513),#7509,.T.);
#7509=PLANE('',#7510);
#7510=AXIS2_PLACEMENT_3D('',#554,#7511,#7512);
#7511=DIRECTION('',(0.7572703729028726,0.6531015099688136,-0));
#7512=DIRECTION('',(-0.07166461741797442,0.08309503305028743,0.9939614671066012));
#7513=FACE_BOUND('',#7514,.T.);
#7514=EDGE_LOOP('',(#7515,#7516,#7517));
#7515=ORIENTED_EDGE('',*,*,#7518,.T.);
#7516=ORIENTED_EDGE('',*,*,#7519,.T.);
#7517=ORIENTED_EDGE('',*,*,#7520,.T.);
#7518=EDGE_CURVE('',#555,#559,#7521,.F.);
#7519=EDGE_CURVE('',#559,#553,#7522,.T.);
#7520=EDGE_CURVE('',#553,#555,#7523,.T.);
#7521=LINE('',#554,#7524);
#7522=LINE('',#558,#7525);
#7523=LINE('',#552,#7526);
#7524=VECTOR('',#7527,1.0);
#7525=VECTOR('',#7528,1.0);
#7526=VECTOR('',#7529,1.0);
#7527=DIRECTION('',(-0.07166461741797442,0.08309503305028743,0.9939614671066012));
#7528=DIRECTION('',(0.6531015099688136,-0.7572703729028726,0));
#7529=DIRECTION('',(0,0,-1));
#7530=FACE_SURFACE('',(#7535),#7531,.T.);
#7531=PLANE('',#7532);
#7532=AXIS2_PLACEMENT_3D('',#556,#7533,#7534);
#7533=DIRECTION('',(0.7243222366184711,0.6894615997573872,-0));
#7534=DIRECTION('',(-0.6894615997573873,0.7243222366184712,0));
#7535=FACE_BOUND('',#7536,.T.);
#7536=EDGE_LOOP('',(#7537,#7538,#7539));
#7537=ORIENTED_EDGE('',*,*,#7540,.T.);
#7538=ORIENTED_EDGE('',*,*,#7541,.T.);
#7539=ORIENTED_EDGE('',*,*,#7542,.T.);
#7540=EDGE_CURVE('',#557,#561,#7543,.F.);
#7541=EDGE_CURVE('',#561,#559,#7544,.T.);
#7542=EDGE_CURVE('',#559,#557,#7545,.T.);
#7543=LINE('',#556,#7546);
#7544=LINE('',#560,#7547);
#7545=LINE('',#558,#7548);
#7546=VECTOR('',#7549,1.0);
#7547=VECTOR('',#7550,1.0);
#7548=VECTOR('',#7551,1.0);
#7549=DIRECTION('',(-0.6894615997573873,0.7243222366184712,0));
#7550=DIRECTION('',(0.07568973485087448,-0.07951676794695488,0.993955807696436));
#7551=DIRECTION('',(0,0,-1));
#7552=FACE_SURFACE('',(#7557),#7553,.T.);
#7553=PLANE('',#7554);
#7554=AXIS2_PLACEMENT_3D('',#558,#7555,#7556);
#7555=DIRECTION('',(0.7243222366184711,0.6894615997573872,0));
#7556=DIRECTION('',(-0.07568973485087448,0.07951676794695488,-0.993955807696436));
#7557=FACE_BOUND('',#7558,.T.);
#7558=EDGE_LOOP('',(#7559,#7560,#7561));
#7559=ORIENTED_EDGE('',*,*,#7562,.T.);
#7560=ORIENTED_EDGE('',*,*,#7563,.T.);
#7561=ORIENTED_EDGE('',*,*,#7564,.T.);
#7562=EDGE_CURVE('',#559,#561,#7565,.F.);
#7563=EDGE_CURVE('',#561,#563,#7566,.T.);
#7564=EDGE_CURVE('',#563,#559,#7567,.T.);
#7565=LINE('',#558,#7568);
#7566=LINE('',#560,#7569);
#7567=LINE('',#562,#7570);
#7568=VECTOR('',#7571,1.0);
#7569=VECTOR('',#7572,1.0);
#7570=VECTOR('',#7573,1.0);
#7571=DIRECTION('',(-0.07568973485087448,0.07951676794695488,-0.993955807696436));
#7572=DIRECTION('',(0,0,1));
#7573=DIRECTION('',(0.6894615997573873,-0.7243222366184712,0));
#7574=FACE_SURFACE('',(#7579),#7575,.T.);
#7575=PLANE('',#7576);
#7576=AXIS2_PLACEMENT_3D('',#560,#7577,#7578);
#7577=DIRECTION('',(0.6894581879441037,0.7243254842105398,0));
#7578=DIRECTION('',(-0.7243254842105398,0.6894581879441036,0));
#7579=FACE_BOUND('',#7580,.T.);
#7580=EDGE_LOOP('',(#7581,#7582,#7583));
#7581=ORIENTED_EDGE('',*,*,#7584,.T.);
#7582=ORIENTED_EDGE('',*,*,#7585,.T.);
#7583=ORIENTED_EDGE('',*,*,#7586,.T.);
#7584=EDGE_CURVE('',#561,#565,#7587,.F.);
#7585=EDGE_CURVE('',#565,#567,#7588,.T.);
#7586=EDGE_CURVE('',#567,#561,#7589,.T.);
#7587=LINE('',#560,#7590);
#7588=LINE('',#564,#7591);
#7589=LINE('',#566,#7592);
#7590=VECTOR('',#7593,1.0);
#7591=VECTOR('',#7594,1.0);
#7592=VECTOR('',#7595,1.0);
#7593=DIRECTION('',(-0.7243254842105398,0.6894581879441036,0));
#7594=DIRECTION('',(0,0,1));
#7595=DIRECTION('',(0.07951646788565926,-0.07568873532030342,-0.9939559078151314));
#7596=FACE_SURFACE('',(#7601),#7597,.T.);
#7597=PLANE('',#7598);
#7598=AXIS2_PLACEMENT_3D('',#560,#7599,#7600);
#7599=DIRECTION('',(0.6894581879441037,0.7243254842105398,-0));
#7600=DIRECTION('',(-0.07951646788565926,0.07568873532030342,0.9939559078151314));
#7601=FACE_BOUND('',#7602,.T.);
#7602=EDGE_LOOP('',(#7603,#7604,#7605));
#7603=ORIENTED_EDGE('',*,*,#7606,.T.);
#7604=ORIENTED_EDGE('',*,*,#7607,.T.);
#7605=ORIENTED_EDGE('',*,*,#7608,.T.);
#7606=EDGE_CURVE('',#561,#567,#7609,.F.);
#7607=EDGE_CURVE('',#567,#563,#7610,.T.);
#7608=EDGE_CURVE('',#563,#561,#7611,.T.);
#7609=LINE('',#560,#7612);
#7610=LINE('',#566,#7613);
#7611=LINE('',#562,#7614);
#7612=VECTOR('',#7615,1.0);
#7613=VECTOR('',#7616,1.0);
#7614=VECTOR('',#7617,1.0);
#7615=DIRECTION('',(-0.07951646788565926,0.07568873532030342,0.9939559078151314));
#7616=DIRECTION('',(0.7243254842105398,-0.6894581879441036,0));
#7617=DIRECTION('',(0,0,-1));
#7618=FACE_SURFACE('',(#7623),#7619,.T.);
#7619=PLANE('',#7620);
#7620=AXIS2_PLACEMENT_3D('',#564,#7621,#7622);
#7621=DIRECTION('',(0.6531051770335052,0.7572672102580659,-0));
#7622=DIRECTION('',(-0.7572672102580659,0.6531051770335051,0));
#7623=FACE_BOUND('',#7624,.T.);
#7624=EDGE_LOOP('',(#7625,#7626,#7627));
#7625=ORIENTED_EDGE('',*,*,#7628,.T.);
#7626=ORIENTED_EDGE('',*,*,#7629,.T.);
#7627=ORIENTED_EDGE('',*,*,#7630,.T.);
#7628=EDGE_CURVE('',#565,#569,#7631,.F.);
#7629=EDGE_CURVE('',#569,#567,#7632,.T.);
#7630=EDGE_CURVE('',#567,#565,#7633,.T.);
#7631=LINE('',#564,#7634);
#7632=LINE('',#568,#7635);
#7633=LINE('',#566,#7636);
#7634=VECTOR('',#7637,1.0);
#7635=VECTOR('',#7638,1.0);
#7636=VECTOR('',#7639,1.0);
#7637=DIRECTION('',(-0.7572672102580659,0.6531051770335051,0));
#7638=DIRECTION('',(0.08309517520015774,-0.07166544170218958,0.99396139579165));
#7639=DIRECTION('',(0,0,-1));
#7640=FACE_SURFACE('',(#7645),#7641,.T.);
#7641=PLANE('',#7642);
#7642=AXIS2_PLACEMENT_3D('',#566,#7643,#7644);
#7643=DIRECTION('',(0.6531051770335052,0.7572672102580659,0));
#7644=DIRECTION('',(-0.08309517520015774,0.07166544170218958,-0.99396139579165));
#7645=FACE_BOUND('',#7646,.T.);
#7646=EDGE_LOOP('',(#7647,#7648,#7649));
#7647=ORIENTED_EDGE('',*,*,#7650,.T.);
#7648=ORIENTED_EDGE('',*,*,#7651,.T.);
#7649=ORIENTED_EDGE('',*,*,#7652,.T.);
#7650=EDGE_CURVE('',#567,#569,#7653,.F.);
#7651=EDGE_CURVE('',#569,#571,#7654,.T.);
#7652=EDGE_CURVE('',#571,#567,#7655,.T.);
#7653=LINE('',#566,#7656);
#7654=LINE('',#568,#7657);
#7655=LINE('',#570,#7658);
#7656=VECTOR('',#7659,1.0);
#7657=VECTOR('',#7660,1.0);
#7658=VECTOR('',#7661,1.0);
#7659=DIRECTION('',(-0.08309517520015774,0.07166544170218958,-0.99396139579165));
#7660=DIRECTION('',(0,0,1));
#7661=DIRECTION('',(0.7572672102580659,-0.6531051770335051,0));
#7662=FACE_SURFACE('',(#7667),#7663,.T.);
#7663=PLANE('',#7664);
#7664=AXIS2_PLACEMENT_3D('',#572,#7665,#7666);
#7665=DIRECTION('',(0.6151018101311411,0.7884476920971953,-0));
#7666=DIRECTION('',(0,0,1));
#7667=FACE_BOUND('',#7668,.T.);
#7668=EDGE_LOOP('',(#7669,#7670,#7671));
#7669=ORIENTED_EDGE('',*,*,#7672,.T.);
#7670=ORIENTED_EDGE('',*,*,#7673,.T.);
#7671=ORIENTED_EDGE('',*,*,#7674,.T.);
#7672=EDGE_CURVE('',#573,#575,#7675,.F.);
#7673=EDGE_CURVE('',#575,#569,#7676,.T.);
#7674=EDGE_CURVE('',#569,#573,#7677,.T.);
#7675=LINE('',#572,#7678);
#7676=LINE('',#574,#7679);
#7677=LINE('',#568,#7680);
#7678=VECTOR('',#7681,1.0);
#7679=VECTOR('',#7682,1.0);
#7680=VECTOR('',#7683,1.0);
#7681=DIRECTION('',(0,0,1));
#7682=DIRECTION('',(0.08657334474138074,-0.06753957376409706,-0.9939534505981928));
#7683=DIRECTION('',(-0.7884476920971953,0.6151018101311411,0));
#7684=FACE_SURFACE('',(#7689),#7685,.T.);
#7685=PLANE('',#7686);
#7686=AXIS2_PLACEMENT_3D('',#568,#7687,#7688);
#7687=DIRECTION('',(0.6151018101311411,0.7884476920971953,-0));
#7688=DIRECTION('',(-0.08657334474138074,0.06753957376409706,0.9939534505981928));
#7689=FACE_BOUND('',#7690,.T.);
#7690=EDGE_LOOP('',(#7691,#7692,#7693));
#7691=ORIENTED_EDGE('',*,*,#7694,.T.);
#7692=ORIENTED_EDGE('',*,*,#7695,.T.);
#7693=ORIENTED_EDGE('',*,*,#7696,.T.);
#7694=EDGE_CURVE('',#569,#575,#7697,.F.);
#7695=EDGE_CURVE('',#575,#571,#7698,.T.);
#7696=EDGE_CURVE('',#571,#569,#7699,.T.);
#7697=LINE('',#568,#7700);
#7698=LINE('',#574,#7701);
#7699=LINE('',#570,#7702);
#7700=VECTOR('',#7703,1.0);
#7701=VECTOR('',#7704,1.0);
#7702=VECTOR('',#7705,1.0);
#7703=DIRECTION('',(-0.08657334474138074,0.06753957376409706,0.9939534505981928));
#7704=DIRECTION('',(0.7884476920971953,-0.6151018101311411,0));
#7705=DIRECTION('',(0,0,-1));
#7706=FACE_SURFACE('',(#7711),#7707,.T.);
#7707=PLANE('',#7708);
#7708=AXIS2_PLACEMENT_3D('',#576,#7709,#7710);
#7709=DIRECTION('',(0.5760346566693613,0.8174252713953803,0));
#7710=DIRECTION('',(0.08970491475157025,-0.06321451217463193,-0.9939602374944063));
#7711=FACE_BOUND('',#7712,.T.);
#7712=EDGE_LOOP('',(#7713,#7714,#7715));
#7713=ORIENTED_EDGE('',*,*,#7716,.T.);
#7714=ORIENTED_EDGE('',*,*,#7717,.T.);
#7715=ORIENTED_EDGE('',*,*,#7718,.T.);
#7716=EDGE_CURVE('',#577,#573,#7719,.F.);
#7717=EDGE_CURVE('',#573,#579,#7720,.T.);
#7718=EDGE_CURVE('',#579,#577,#7721,.T.);
#7719=LINE('',#576,#7722);
#7720=LINE('',#572,#7723);
#7721=LINE('',#578,#7724);
#7722=VECTOR('',#7725,1.0);
#7723=VECTOR('',#7726,1.0);
#7724=VECTOR('',#7727,1.0);
#7725=DIRECTION('',(0.08970491475157025,-0.06321451217463193,-0.9939602374944063));
#7726=DIRECTION('',(-0.8174252713953803,0.5760346566693613,0));
#7727=DIRECTION('',(0,0,1));
#7728=FACE_SURFACE('',(#7733),#7729,.T.);
#7729=PLANE('',#7730);
#7730=AXIS2_PLACEMENT_3D('',#572,#7731,#7732);
#7731=DIRECTION('',(0.5760346566693613,0.8174252713953803,-0));
#7732=DIRECTION('',(-0.08970491475157025,0.06321451217463193,0.9939602374944063));
#7733=FACE_BOUND('',#7734,.T.);
#7734=EDGE_LOOP('',(#7735,#7736,#7737));
#7735=ORIENTED_EDGE('',*,*,#7738,.T.);
#7736=ORIENTED_EDGE('',*,*,#7739,.T.);
#7737=ORIENTED_EDGE('',*,*,#7740,.T.);
#7738=EDGE_CURVE('',#573,#577,#7741,.F.);
#7739=EDGE_CURVE('',#577,#575,#7742,.T.);
#7740=EDGE_CURVE('',#575,#573,#7743,.T.);
#7741=LINE('',#572,#7744);
#7742=LINE('',#576,#7745);
#7743=LINE('',#574,#7746);
#7744=VECTOR('',#7747,1.0);
#7745=VECTOR('',#7748,1.0);
#7746=VECTOR('',#7749,1.0);
#7747=DIRECTION('',(-0.08970491475157025,0.06321451217463193,0.9939602374944063));
#7748=DIRECTION('',(0.8174252713953803,-0.5760346566693613,0));
#7749=DIRECTION('',(0,0,-1));
#7750=FACE_SURFACE('',(#7755),#7751,.T.);
#7751=PLANE('',#7752);
#7752=AXIS2_PLACEMENT_3D('',#580,#7753,#7754);
#7753=DIRECTION('',(0.5351189730737164,0.8447767069803305,0));
#7754=DIRECTION('',(0.8447767069803306,-0.5351189730737165,0));
#7755=FACE_BOUND('',#7756,.T.);
#7756=EDGE_LOOP('',(#7757,#7758,#7759));
#7757=ORIENTED_EDGE('',*,*,#7760,.T.);
#7758=ORIENTED_EDGE('',*,*,#7761,.T.);
#7759=ORIENTED_EDGE('',*,*,#7762,.T.);
#7760=EDGE_CURVE('',#581,#577,#7763,.F.);
#7761=EDGE_CURVE('',#577,#583,#7764,.T.);
#7762=EDGE_CURVE('',#583,#581,#7765,.T.);
#7763=LINE('',#580,#7766);
#7764=LINE('',#576,#7767);
#7765=LINE('',#582,#7768);
#7766=VECTOR('',#7769,1.0);
#7767=VECTOR('',#7770,1.0);
#7768=VECTOR('',#7771,1.0);
#7769=DIRECTION('',(0.8447767069803306,-0.5351189730737165,0));
#7770=DIRECTION('',(-0.09273611381751333,0.05874316086467387,-0.9939563643569331));
#7771=DIRECTION('',(0,0,1));
#7772=FACE_SURFACE('',(#7777),#7773,.T.);
#7773=PLANE('',#7774);
#7774=AXIS2_PLACEMENT_3D('',#576,#7775,#7776);
#7775=DIRECTION('',(0.5351189730737164,0.8447767069803305,0));
#7776=DIRECTION('',(0,0,-1));
#7777=FACE_BOUND('',#7778,.T.);
#7778=EDGE_LOOP('',(#7779,#7780,#7781));
#7779=ORIENTED_EDGE('',*,*,#7782,.T.);
#7780=ORIENTED_EDGE('',*,*,#7783,.T.);
#7781=ORIENTED_EDGE('',*,*,#7784,.T.);
#7782=EDGE_CURVE('',#577,#579,#7785,.F.);
#7783=EDGE_CURVE('',#579,#583,#7786,.T.);
#7784=EDGE_CURVE('',#583,#577,#7787,.T.);
#7785=LINE('',#576,#7788);
#7786=LINE('',#578,#7789);
#7787=LINE('',#582,#7790);
#7788=VECTOR('',#7791,1.0);
#7789=VECTOR('',#7792,1.0);
#7790=VECTOR('',#7793,1.0);
#7791=DIRECTION('',(0,0,-1));
#7792=DIRECTION('',(-0.8447767069803306,0.5351189730737165,0));
#7793=DIRECTION('',(0.09273611381751333,-0.05874316086467387,0.9939563643569331));
#7794=FACE_SURFACE('',(#7799),#7795,.T.);
#7795=PLANE('',#7796);
#7796=AXIS2_PLACEMENT_3D('',#584,#7797,#7798);
#7797=DIRECTION('',(0.4926283736942828,0.8702397861689192,0));
#7798=DIRECTION('',(0.09551937291631972,-0.05407193980778365,-0.993957883777324));
#7799=FACE_BOUND('',#7800,.T.);
#7800=EDGE_LOOP('',(#7801,#7802,#7803));
#7801=ORIENTED_EDGE('',*,*,#7804,.T.);
#7802=ORIENTED_EDGE('',*,*,#7805,.T.);
#7803=ORIENTED_EDGE('',*,*,#7806,.T.);
#7804=EDGE_CURVE('',#585,#583,#7807,.F.);
#7805=EDGE_CURVE('',#583,#587,#7808,.T.);
#7806=EDGE_CURVE('',#587,#585,#7809,.T.);
#7807=LINE('',#584,#7810);
#7808=LINE('',#582,#7811);
#7809=LINE('',#586,#7812);
#7810=VECTOR('',#7813,1.0);
#7811=VECTOR('',#7814,1.0);
#7812=VECTOR('',#7815,1.0);
#7813=DIRECTION('',(0.09551937291631972,-0.05407193980778365,-0.993957883777324));
#7814=DIRECTION('',(-0.8702397861689191,0.4926283736942828,0));
#7815=DIRECTION('',(0,0,1));
#7816=FACE_SURFACE('',(#7821),#7817,.T.);
#7817=PLANE('',#7818);
#7818=AXIS2_PLACEMENT_3D('',#582,#7819,#7820);
#7819=DIRECTION('',(0.4926283736942828,0.8702397861689192,-0));
#7820=DIRECTION('',(-0.09551937291631972,0.05407193980778365,0.993957883777324));
#7821=FACE_BOUND('',#7822,.T.);
#7822=EDGE_LOOP('',(#7823,#7824,#7825));
#7823=ORIENTED_EDGE('',*,*,#7826,.T.);
#7824=ORIENTED_EDGE('',*,*,#7827,.T.);
#7825=ORIENTED_EDGE('',*,*,#7828,.T.);
#7826=EDGE_CURVE('',#583,#585,#7829,.F.);
#7827=EDGE_CURVE('',#585,#581,#7830,.T.);
#7828=EDGE_CURVE('',#581,#583,#7831,.T.);
#7829=LINE('',#582,#7832);
#7830=LINE('',#584,#7833);
#7831=LINE('',#580,#7834);
#7832=VECTOR('',#7835,1.0);
#7833=VECTOR('',#7836,1.0);
#7834=VECTOR('',#7837,1.0);
#7835=DIRECTION('',(-0.09551937291631972,0.05407193980778365,0.993957883777324));
#7836=DIRECTION('',(0.8702397861689191,-0.4926283736942828,0));
#7837=DIRECTION('',(0,0,-1));
#7838=FACE_SURFACE('',(#7843),#7839,.T.);
#7839=PLANE('',#7840);
#7840=AXIS2_PLACEMENT_3D('',#586,#7841,#7842);
#7841=DIRECTION('',(0.4499230655987073,0.8930673183149528,-0));
#7842=DIRECTION('',(-0.8930673183149528,0.4499230655987073,0));
#7843=FACE_BOUND('',#7844,.T.);
#7844=EDGE_LOOP('',(#7845,#7846,#7847));
#7845=ORIENTED_EDGE('',*,*,#7848,.T.);
#7846=ORIENTED_EDGE('',*,*,#7849,.T.);
#7847=ORIENTED_EDGE('',*,*,#7850,.T.);
#7848=EDGE_CURVE('',#587,#589,#7851,.F.);
#7849=EDGE_CURVE('',#589,#585,#7852,.T.);
#7850=EDGE_CURVE('',#585,#587,#7853,.T.);
#7851=LINE('',#586,#7854);
#7852=LINE('',#588,#7855);
#7853=LINE('',#584,#7856);
#7854=VECTOR('',#7857,1.0);
#7855=VECTOR('',#7858,1.0);
#7856=VECTOR('',#7859,1.0);
#7857=DIRECTION('',(-0.8930673183149528,0.4499230655987073,0));
#7858=DIRECTION('',(0.09805359844870228,-0.04939893634251931,0.9939543434783553));
#7859=DIRECTION('',(0,0,-1));
#7860=FACE_SURFACE('',(#7865),#7861,.T.);
#7861=PLANE('',#7862);
#7862=AXIS2_PLACEMENT_3D('',#584,#7863,#7864);
#7863=DIRECTION('',(0.4499230655987073,0.8930673183149528,0));
#7864=DIRECTION('',(-0.09805359844870228,0.04939893634251931,-0.9939543434783553));
#7865=FACE_BOUND('',#7866,.T.);
#7866=EDGE_LOOP('',(#7867,#7868,#7869));
#7867=ORIENTED_EDGE('',*,*,#7870,.T.);
#7868=ORIENTED_EDGE('',*,*,#7871,.T.);
#7869=ORIENTED_EDGE('',*,*,#7872,.T.);
#7870=EDGE_CURVE('',#585,#589,#7873,.F.);
#7871=EDGE_CURVE('',#589,#413,#7874,.T.);
#7872=EDGE_CURVE('',#413,#585,#7875,.T.);
#7873=LINE('',#584,#7876);
#7874=LINE('',#588,#7877);
#7875=LINE('',#412,#7878);
#7876=VECTOR('',#7879,1.0);
#7877=VECTOR('',#7880,1.0);
#7878=VECTOR('',#7881,1.0);
#7879=DIRECTION('',(-0.09805359844870228,0.04939893634251931,-0.9939543434783553));
#7880=DIRECTION('',(0,0,1));
#7881=DIRECTION('',(0.8930673183149528,-0.4499230655987073,0));
#7882=FACE_SURFACE('',(#7887),#7883,.T.);
#7883=PLANE('',#7884);
#7884=AXIS2_PLACEMENT_3D('',#270,#7885,#7886);
#7885=DIRECTION('',(0.40526339925507504,0.9141999656662767,-0));
#7886=DIRECTION('',(0,0,1));
#7887=FACE_BOUND('',#7888,.T.);
#7888=EDGE_LOOP('',(#7889,#7890,#7891));
#7889=ORIENTED_EDGE('',*,*,#7892,.T.);
#7890=ORIENTED_EDGE('',*,*,#7893,.T.);
#7891=ORIENTED_EDGE('',*,*,#7894,.T.);
#7892=EDGE_CURVE('',#271,#275,#7895,.F.);
#7893=EDGE_CURVE('',#275,#589,#7896,.T.);
#7894=EDGE_CURVE('',#589,#271,#7897,.T.);
#7895=LINE('',#270,#7898);
#7896=LINE('',#274,#7899);
#7897=LINE('',#588,#7900);
#7898=VECTOR('',#7901,1.0);
#7899=VECTOR('',#7902,1.0);
#7900=VECTOR('',#7903,1.0);
#7901=DIRECTION('',(0,0,1));
#7902=DIRECTION('',(0.10034010505014421,-0.04448060991185487,-0.9939584189795846));
#7903=DIRECTION('',(-0.9141999656662768,0.4052633992550751,0));
#7904=FACE_SURFACE('',(#7909),#7905,.T.);
#7905=PLANE('',#7906);
#7906=AXIS2_PLACEMENT_3D('',#412,#7907,#7908);
#7907=DIRECTION('',(0.40526339925507504,0.9141999656662767,0));
#7908=DIRECTION('',(0,0,-1));
#7909=FACE_BOUND('',#7910,.T.);
#7910=EDGE_LOOP('',(#7911,#7912,#7913));
#7911=ORIENTED_EDGE('',*,*,#7914,.T.);
#7912=ORIENTED_EDGE('',*,*,#7915,.T.);
#7913=ORIENTED_EDGE('',*,*,#7916,.T.);
#7914=EDGE_CURVE('',#413,#589,#7917,.F.);
#7915=EDGE_CURVE('',#589,#275,#7918,.T.);
#7916=EDGE_CURVE('',#275,#413,#7919,.T.);
#7917=LINE('',#412,#7920);
#7918=LINE('',#588,#7921);
#7919=LINE('',#274,#7922);
#7920=VECTOR('',#7923,1.0);
#7921=VECTOR('',#7924,1.0);
#7922=VECTOR('',#7925,1.0);
#7923=DIRECTION('',(0,0,-1));
#7924=DIRECTION('',(-0.10034010505014421,0.04448060991185487,0.9939584189795846));
#7925=DIRECTION('',(0.9141999656662768,-0.4052633992550751,0));
#7926=FACE_SURFACE('',(#7931),#7927,.T.);
#7927=PLANE('',#7928);
#7928=AXIS2_PLACEMENT_3D('',#590,#7929,#7930);
#7929=DIRECTION('',(-0.44230129039599914,-0.896866527702999,0));
#7930=DIRECTION('',(0,0,1));
#7931=FACE_BOUND('',#7932,.T.);
#7932=EDGE_LOOP('',(#7933,#7934,#7935));
#7933=ORIENTED_EDGE('',*,*,#7936,.T.);
#7934=ORIENTED_EDGE('',*,*,#7937,.T.);
#7935=ORIENTED_EDGE('',*,*,#7938,.T.);
#7936=EDGE_CURVE('',#591,#295,#7939,.F.);
#7937=EDGE_CURVE('',#295,#291,#7940,.T.);
#7938=EDGE_CURVE('',#291,#591,#7941,.T.);
#7939=LINE('',#590,#7942);
#7940=LINE('',#294,#7943);
#7941=LINE('',#290,#7944);
#7942=VECTOR('',#7945,1.0);
#7943=VECTOR('',#7946,1.0);
#7944=VECTOR('',#7947,1.0);
#7945=DIRECTION('',(0,0,1));
#7946=DIRECTION('',(-0.2545655331969411,0.1255422745140499,-0.9588720074222608));
#7947=DIRECTION('',(0.8968665277029989,-0.4423012903959992,0));
#7948=FACE_SURFACE('',(#7953),#7949,.T.);
#7949=PLANE('',#7950);
#7950=AXIS2_PLACEMENT_3D('',#592,#7951,#7952);
#7951=DIRECTION('',(-0.5555614426992971,-0.8314754857395831,0));
#7952=DIRECTION('',(0,0,1));
#7953=FACE_BOUND('',#7954,.T.);
#7954=EDGE_LOOP('',(#7955,#7956,#7957));
#7955=ORIENTED_EDGE('',*,*,#7958,.T.);
#7956=ORIENTED_EDGE('',*,*,#7959,.T.);
#7957=ORIENTED_EDGE('',*,*,#7960,.T.);
#7958=EDGE_CURVE('',#593,#269,#7961,.F.);
#7959=EDGE_CURVE('',#269,#295,#7962,.T.);
#7960=EDGE_CURVE('',#295,#593,#7963,.T.);
#7961=LINE('',#592,#7964);
#7962=LINE('',#268,#7965);
#7963=LINE('',#294,#7966);
#7964=VECTOR('',#7967,1.0);
#7965=VECTOR('',#7968,1.0);
#7966=VECTOR('',#7969,1.0);
#7967=DIRECTION('',(0,0,1));
#7968=DIRECTION('',(-0.8314754857395831,0.5555614426992971,0));
#7969=DIRECTION('',(0.2359973251098281,-0.15768476240110696,-0.9588747458597043));
#7970=FACE_SURFACE('',(#7975),#7971,.T.);
#7971=PLANE('',#7972);
#7972=AXIS2_PLACEMENT_3D('',#592,#7973,#7974);
#7973=DIRECTION('',(-0.5555614426992971,-0.8314754857395831,0));
#7974=DIRECTION('',(-0.2359973251098281,0.15768476240110696,0.9588747458597043));
#7975=FACE_BOUND('',#7976,.T.);
#7976=EDGE_LOOP('',(#7977,#7978,#7979));
#7977=ORIENTED_EDGE('',*,*,#7980,.T.);
#7978=ORIENTED_EDGE('',*,*,#7981,.T.);
#7979=ORIENTED_EDGE('',*,*,#7982,.T.);
#7980=EDGE_CURVE('',#593,#295,#7983,.F.);
#7981=EDGE_CURVE('',#295,#591,#7984,.T.);
#7982=EDGE_CURVE('',#591,#593,#7985,.T.);
#7983=LINE('',#592,#7986);
#7984=LINE('',#294,#7987);
#7985=LINE('',#590,#7988);
#7986=VECTOR('',#7989,1.0);
#7987=VECTOR('',#7990,1.0);
#7988=VECTOR('',#7991,1.0);
#7989=DIRECTION('',(-0.2359973251098281,0.15768476240110696,0.9588747458597043));
#7990=DIRECTION('',(0,0,-1));
#7991=DIRECTION('',(0.8314754857395831,-0.5555614426992971,0));
#7992=FACE_SURFACE('',(#7997),#7993,.T.);
#7993=PLANE('',#7994);
#7994=AXIS2_PLACEMENT_3D('',#264,#7995,#7996);
#7995=DIRECTION('',(-0.6593710315678841,-0.7518176924820965,0));
#7996=DIRECTION('',(0,0,1));
#7997=FACE_BOUND('',#7998,.T.);
#7998=EDGE_LOOP('',(#7999,#8000,#8001));
#7999=ORIENTED_EDGE('',*,*,#8002,.T.);
#8000=ORIENTED_EDGE('',*,*,#8003,.T.);
#8001=ORIENTED_EDGE('',*,*,#8004,.T.);
#8002=EDGE_CURVE('',#265,#263,#8005,.F.);
#8003=EDGE_CURVE('',#263,#269,#8006,.T.);
#8004=EDGE_CURVE('',#269,#265,#8007,.T.);
#8005=LINE('',#264,#8008);
#8006=LINE('',#262,#8009);
#8007=LINE('',#268,#8010);
#8008=VECTOR('',#8011,1.0);
#8009=VECTOR('',#8012,1.0);
#8010=VECTOR('',#8013,1.0);
#8011=DIRECTION('',(0,0,1));
#8012=DIRECTION('',(-0.7518176924820965,0.6593710315678842,0));
#8013=DIRECTION('',(0.213391348234503,-0.18715185186520006,-0.9588734623724275));
#8014=FACE_SURFACE('',(#8019),#8015,.T.);
#8015=PLANE('',#8016);
#8016=AXIS2_PLACEMENT_3D('',#264,#8017,#8018);
#8017=DIRECTION('',(-0.6593710315678841,-0.7518176924820965,0));
#8018=DIRECTION('',(-0.213391348234503,0.18715185186520006,0.9588734623724275));
#8019=FACE_BOUND('',#8020,.T.);
#8020=EDGE_LOOP('',(#8021,#8022,#8023));
#8021=ORIENTED_EDGE('',*,*,#8024,.T.);
#8022=ORIENTED_EDGE('',*,*,#8025,.T.);
#8023=ORIENTED_EDGE('',*,*,#8026,.T.);
#8024=EDGE_CURVE('',#265,#269,#8027,.F.);
#8025=EDGE_CURVE('',#269,#593,#8028,.T.);
#8026=EDGE_CURVE('',#593,#265,#8029,.T.);
#8027=LINE('',#264,#8030);
#8028=LINE('',#268,#8031);
#8029=LINE('',#592,#8032);
#8030=VECTOR('',#8033,1.0);
#8031=VECTOR('',#8034,1.0);
#8032=VECTOR('',#8035,1.0);
#8033=DIRECTION('',(-0.213391348234503,0.18715185186520006,0.9588734623724275));
#8034=DIRECTION('',(0,0,-1));
#8035=DIRECTION('',(0.7518176924820965,-0.6593710315678842,0));
#8036=FACE_SURFACE('',(#8041),#8037,.T.);
#8037=PLANE('',#8038);
#8038=AXIS2_PLACEMENT_3D('',#594,#8039,#8040);
#8039=DIRECTION('',(0,0,-1));
#8040=DIRECTION('',(-0.09232007774439105,-0.9957293825358723,0));
#8041=FACE_BOUND('',#8042,.T.);
#8042=EDGE_LOOP('',(#8043,#8044,#8045));
#8043=ORIENTED_EDGE('',*,*,#8046,.T.);
#8044=ORIENTED_EDGE('',*,*,#8047,.T.);
#8045=ORIENTED_EDGE('',*,*,#8048,.T.);
#8046=EDGE_CURVE('',#595,#597,#8049,.F.);
#8047=EDGE_CURVE('',#597,#599,#8050,.T.);
#8048=EDGE_CURVE('',#599,#595,#8051,.T.);
#8049=LINE('',#594,#8052);
#8050=LINE('',#596,#8053);
#8051=LINE('',#598,#8054);
#8052=VECTOR('',#8055,1.0);
#8053=VECTOR('',#8056,1.0);
#8054=VECTOR('',#8057,1.0);
#8055=DIRECTION('',(-0.09232007774439105,-0.9957293825358723,0));
#8056=DIRECTION('',(-0.7850856177016665,0.6193872559861018,0));
#8057=DIRECTION('',(0.9637975716919421,0.2666350329583786,0));
#8058=FACE_SURFACE('',(#8063),#8059,.T.);
#8059=PLANE('',#8060);
#8060=AXIS2_PLACEMENT_3D('',#600,#8061,#8062);
#8061=DIRECTION('',(0,0,-1));
#8062=DIRECTION('',(0.8447768924282859,0.5351186803123286,0));
#8063=FACE_BOUND('',#8064,.T.);
#8064=EDGE_LOOP('',(#8065,#8066,#8067));
#8065=ORIENTED_EDGE('',*,*,#8068,.T.);
#8066=ORIENTED_EDGE('',*,*,#8069,.T.);
#8067=ORIENTED_EDGE('',*,*,#8070,.T.);
#8068=EDGE_CURVE('',#601,#603,#8071,.F.);
#8069=EDGE_CURVE('',#603,#605,#8072,.T.);
#8070=EDGE_CURVE('',#605,#601,#8073,.T.);
#8071=LINE('',#600,#8074);
#8072=LINE('',#602,#8075);
#8073=LINE('',#604,#8076);
#8074=VECTOR('',#8077,1.0);
#8075=VECTOR('',#8078,1.0);
#8076=VECTOR('',#8079,1.0);
#8077=DIRECTION('',(0.8447768924282859,0.5351186803123286,0));
#8078=DIRECTION('',(0.76930175478592,-0.6388856001533485,0));
#8079=DIRECTION('',(-0.9987525126060809,0.049934142257980506,0));
#8080=FACE_SURFACE('',(#8085),#8081,.T.);
#8081=PLANE('',#8082);
#8082=AXIS2_PLACEMENT_3D('',#604,#8083,#8084);
#8083=DIRECTION('',(-0,0,-1));
#8084=DIRECTION('',(-0.8314755903984836,-0.5555612860625667,0));
#8085=FACE_BOUND('',#8086,.T.);
#8086=EDGE_LOOP('',(#8087,#8088,#8089));
#8087=ORIENTED_EDGE('',*,*,#8090,.T.);
#8088=ORIENTED_EDGE('',*,*,#8091,.T.);
#8089=ORIENTED_EDGE('',*,*,#8092,.T.);
#8090=EDGE_CURVE('',#605,#607,#8093,.F.);
#8091=EDGE_CURVE('',#607,#601,#8094,.T.);
#8092=EDGE_CURVE('',#601,#605,#8095,.T.);
#8093=LINE('',#604,#8096);
#8094=LINE('',#606,#8097);
#8095=LINE('',#600,#8098);
#8096=VECTOR('',#8099,1.0);
#8097=VECTOR('',#8100,1.0);
#8098=VECTOR('',#8101,1.0);
#8099=DIRECTION('',(-0.8314755903984836,-0.5555612860625667,0));
#8100=DIRECTION('',(0.33594018495765504,0.9418833219303845,0));
#8101=DIRECTION('',(0.9987525126060809,-0.049934142257980506,0));
#8102=FACE_SURFACE('',(#8107),#8103,.T.);
#8103=PLANE('',#8104);
#8104=AXIS2_PLACEMENT_3D('',#608,#8105,#8106);
#8105=DIRECTION('',(0,0,-1));
#8106=DIRECTION('',(0.8174253072221871,0.5760346058291228,0));
#8107=FACE_BOUND('',#8108,.T.);
#8108=EDGE_LOOP('',(#8109,#8110,#8111));
#8109=ORIENTED_EDGE('',*,*,#8112,.T.);
#8110=ORIENTED_EDGE('',*,*,#8113,.T.);
#8111=ORIENTED_EDGE('',*,*,#8114,.T.);
#8112=EDGE_CURVE('',#609,#601,#8115,.F.);
#8113=EDGE_CURVE('',#601,#607,#8116,.T.);
#8114=EDGE_CURVE('',#607,#609,#8117,.T.);
#8115=LINE('',#608,#8118);
#8116=LINE('',#600,#8119);
#8117=LINE('',#606,#8120);
#8118=VECTOR('',#8121,1.0);
#8119=VECTOR('',#8122,1.0);
#8120=VECTOR('',#8123,1.0);
#8121=DIRECTION('',(0.8174253072221871,0.5760346058291228,0));
#8122=DIRECTION('',(-0.33594018495765504,-0.9418833219303845,0));
#8123=DIRECTION('',(-0.29580381636226516,0.9552487122344208,0));
#8124=FACE_SURFACE('',(#8129),#8125,.T.);
#8125=PLANE('',#8126);
#8126=AXIS2_PLACEMENT_3D('',#610,#8127,#8128);
#8127=DIRECTION('',(0,0,-1));
#8128=DIRECTION('',(0.7884477941673365,0.6151016792959206,0));
#8129=FACE_BOUND('',#8130,.T.);
#8130=EDGE_LOOP('',(#8131,#8132,#8133));
#8131=ORIENTED_EDGE('',*,*,#8134,.T.);
#8132=ORIENTED_EDGE('',*,*,#8135,.T.);
#8133=ORIENTED_EDGE('',*,*,#8136,.T.);
#8134=EDGE_CURVE('',#611,#609,#8137,.F.);
#8135=EDGE_CURVE('',#609,#607,#8138,.T.);
#8136=EDGE_CURVE('',#607,#611,#8139,.T.);
#8137=LINE('',#610,#8140);
#8138=LINE('',#608,#8141);
#8139=LINE('',#606,#8142);
#8140=VECTOR('',#8143,1.0);
#8141=VECTOR('',#8144,1.0);
#8142=VECTOR('',#8145,1.0);
#8143=DIRECTION('',(0.7884477941673365,0.6151016792959206,0));
#8144=DIRECTION('',(0.29580381636226516,-0.9552487122344208,0));
#8145=DIRECTION('',(-0.9623918215836862,0.2716652015787712,0));
#8146=FACE_SURFACE('',(#8151),#8147,.T.);
#8147=PLANE('',#8148);
#8148=AXIS2_PLACEMENT_3D('',#602,#8149,#8150);
#8149=DIRECTION('',(0,0,-1));
#8150=DIRECTION('',(0.8702394193993532,0.4926290216009168,0));
#8151=FACE_BOUND('',#8152,.T.);
#8152=EDGE_LOOP('',(#8153,#8154,#8155));
#8153=ORIENTED_EDGE('',*,*,#8156,.T.);
#8154=ORIENTED_EDGE('',*,*,#8157,.T.);
#8155=ORIENTED_EDGE('',*,*,#8158,.T.);
#8156=EDGE_CURVE('',#603,#613,#8159,.F.);
#8157=EDGE_CURVE('',#613,#605,#8160,.T.);
#8158=EDGE_CURVE('',#605,#603,#8161,.T.);
#8159=LINE('',#602,#8162);
#8160=LINE('',#612,#8163);
#8161=LINE('',#604,#8164);
#8162=VECTOR('',#8165,1.0);
#8163=VECTOR('',#8166,1.0);
#8164=VECTOR('',#8167,1.0);
#8165=DIRECTION('',(0.8702394193993532,0.4926290216009168,0));
#8166=DIRECTION('',(-0.11698158334159243,-0.9931340841794193,0));
#8167=DIRECTION('',(-0.76930175478592,0.6388856001533485,0));
#8168=FACE_SURFACE('',(#8173),#8169,.T.);
#8169=PLANE('',#8170);
#8170=AXIS2_PLACEMENT_3D('',#612,#8171,#8172);
#8171=DIRECTION('',(0,-0,-1));
#8172=DIRECTION('',(0.8930672746227608,0.4499231523247879,0));
#8173=FACE_BOUND('',#8174,.T.);
#8174=EDGE_LOOP('',(#8175,#8176,#8177));
#8175=ORIENTED_EDGE('',*,*,#8178,.T.);
#8176=ORIENTED_EDGE('',*,*,#8179,.T.);
#8177=ORIENTED_EDGE('',*,*,#8180,.T.);
#8178=EDGE_CURVE('',#613,#615,#8181,.F.);
#8179=EDGE_CURVE('',#615,#605,#8182,.T.);
#8180=EDGE_CURVE('',#605,#613,#8183,.T.);
#8181=LINE('',#612,#8184);
#8182=LINE('',#614,#8185);
#8183=LINE('',#604,#8186);
#8184=VECTOR('',#8187,1.0);
#8185=VECTOR('',#8188,1.0);
#8186=VECTOR('',#8189,1.0);
#8187=DIRECTION('',(0.8930672746227608,0.4499231523247879,0));
#8188=DIRECTION('',(-0.5493622511716132,-0.8355842967574592,0));
#8189=DIRECTION('',(0.11698158334159243,0.9931340841794193,0));
#8190=FACE_SURFACE('',(#8195),#8191,.T.);
#8191=PLANE('',#8192);
#8192=AXIS2_PLACEMENT_3D('',#616,#8193,#8194);
#8193=DIRECTION('',(-0,0,-1));
#8194=DIRECTION('',(-0.8968664779528267,-0.44230139127578105,0));
#8195=FACE_BOUND('',#8196,.T.);
#8196=EDGE_LOOP('',(#8197,#8198,#8199));
#8197=ORIENTED_EDGE('',*,*,#8200,.T.);
#8198=ORIENTED_EDGE('',*,*,#8201,.T.);
#8199=ORIENTED_EDGE('',*,*,#8202,.T.);
#8200=EDGE_CURVE('',#617,#605,#8203,.F.);
#8201=EDGE_CURVE('',#605,#615,#8204,.T.);
#8202=EDGE_CURVE('',#615,#617,#8205,.T.);
#8203=LINE('',#616,#8206);
#8204=LINE('',#604,#8207);
#8205=LINE('',#614,#8208);
#8206=VECTOR('',#8209,1.0);
#8207=VECTOR('',#8210,1.0);
#8208=VECTOR('',#8211,1.0);
#8209=DIRECTION('',(-0.8968664779528267,-0.44230139127578105,0));
#8210=DIRECTION('',(0.5493622511716132,0.8355842967574592,0));
#8211=DIRECTION('',(0.9463130018805703,-0.32325176329261307,0));
#8212=FACE_SURFACE('',(#8217),#8213,.T.);
#8213=PLANE('',#8214);
#8214=AXIS2_PLACEMENT_3D('',#614,#8215,#8216);
#8215=DIRECTION('',(0,0,-1));
#8216=DIRECTION('',(0.9142000365880304,0.40526323926855723,0));
#8217=FACE_BOUND('',#8218,.T.);
#8218=EDGE_LOOP('',(#8219,#8220,#8221));
#8219=ORIENTED_EDGE('',*,*,#8222,.T.);
#8220=ORIENTED_EDGE('',*,*,#8223,.T.);
#8221=ORIENTED_EDGE('',*,*,#8224,.T.);
#8222=EDGE_CURVE('',#615,#619,#8225,.F.);
#8223=EDGE_CURVE('',#619,#617,#8226,.T.);
#8224=EDGE_CURVE('',#617,#615,#8227,.T.);
#8225=LINE('',#614,#8228);
#8226=LINE('',#618,#8229);
#8227=LINE('',#616,#8230);
#8228=VECTOR('',#8231,1.0);
#8229=VECTOR('',#8232,1.0);
#8230=VECTOR('',#8233,1.0);
#8231=DIRECTION('',(0.9142000365880304,0.40526323926855723,0));
#8232=DIRECTION('',(0.38283622596449907,-0.9238162285266799,0));
#8233=DIRECTION('',(-0.9463130018805703,0.32325176329261307,0));
#8234=FACE_SURFACE('',(#8239),#8235,.T.);
#8235=PLANE('',#8236);
#8236=AXIS2_PLACEMENT_3D('',#618,#8237,#8238);
#8237=DIRECTION('',(0,0,-1));
#8238=DIRECTION('',(0.9331508068337213,0.3594851481015242,0));
#8239=FACE_BOUND('',#8240,.T.);
#8240=EDGE_LOOP('',(#8241,#8242,#8243));
#8241=ORIENTED_EDGE('',*,*,#8244,.T.);
#8242=ORIENTED_EDGE('',*,*,#8245,.T.);
#8243=ORIENTED_EDGE('',*,*,#8246,.T.);
#8244=EDGE_CURVE('',#619,#621,#8247,.F.);
#8245=EDGE_CURVE('',#621,#617,#8248,.T.);
#8246=EDGE_CURVE('',#617,#619,#8249,.T.);
#8247=LINE('',#618,#8250);
#8248=LINE('',#620,#8251);
#8249=LINE('',#616,#8252);
#8250=VECTOR('',#8253,1.0);
#8251=VECTOR('',#8254,1.0);
#8252=VECTOR('',#8255,1.0);
#8253=DIRECTION('',(0.9331508068337213,0.3594851481015242,0));
#8254=DIRECTION('',(-0.44067571815288487,-0.8976663697780145,0));
#8255=DIRECTION('',(-0.38283622596449907,0.9238162285266799,0));
#8256=FACE_SURFACE('',(#8261),#8257,.T.);
#8257=PLANE('',#8258);
#8258=AXIS2_PLACEMENT_3D('',#596,#8259,#8260);
#8259=DIRECTION('',(-0,0,-1));
#8260=DIRECTION('',(-0.9469274266912445,-0.321447427396608,0));
#8261=FACE_BOUND('',#8262,.T.);
#8262=EDGE_LOOP('',(#8263,#8264,#8265));
#8263=ORIENTED_EDGE('',*,*,#8266,.T.);
#8264=ORIENTED_EDGE('',*,*,#8267,.T.);
#8265=ORIENTED_EDGE('',*,*,#8268,.T.);
#8266=EDGE_CURVE('',#597,#617,#8269,.F.);
#8267=EDGE_CURVE('',#617,#621,#8270,.T.);
#8268=EDGE_CURVE('',#621,#597,#8271,.T.);
#8269=LINE('',#596,#8272);
#8270=LINE('',#616,#8273);
#8271=LINE('',#620,#8274);
#8272=VECTOR('',#8275,1.0);
#8273=VECTOR('',#8276,1.0);
#8274=VECTOR('',#8277,1.0);
#8275=DIRECTION('',(-0.9469274266912445,-0.321447427396608,0));
#8276=DIRECTION('',(0.44067571815288487,0.8976663697780145,0));
#8277=DIRECTION('',(0.9793467372543964,-0.2021879527300489,0));
#8278=FACE_SURFACE('',(#8283),#8279,.T.);
#8279=PLANE('',#8280);
#8280=AXIS2_PLACEMENT_3D('',#620,#8281,#8282);
#8281=DIRECTION('',(0,0,-1));
#8282=DIRECTION('',(0.9494919752549548,0.31379131429414125,0));
#8283=FACE_BOUND('',#8284,.T.);
#8284=EDGE_LOOP('',(#8285,#8286,#8287));
#8285=ORIENTED_EDGE('',*,*,#8288,.T.);
#8286=ORIENTED_EDGE('',*,*,#8289,.T.);
#8287=ORIENTED_EDGE('',*,*,#8290,.T.);
#8288=EDGE_CURVE('',#621,#599,#8291,.F.);
#8289=EDGE_CURVE('',#599,#597,#8292,.T.);
#8290=EDGE_CURVE('',#597,#621,#8293,.T.);
#8291=LINE('',#620,#8294);
#8292=LINE('',#598,#8295);
#8293=LINE('',#596,#8296);
#8294=VECTOR('',#8297,1.0);
#8295=VECTOR('',#8298,1.0);
#8296=VECTOR('',#8299,1.0);
#8297=DIRECTION('',(0.9494919752549548,0.31379131429414125,0));
#8298=DIRECTION('',(0.7850856177016665,-0.6193872559861018,0));
#8299=DIRECTION('',(-0.9793467372543964,0.2021879527300489,0));
#8300=FACE_SURFACE('',(#8305),#8301,.T.);
#8301=PLANE('',#8302);
#8302=AXIS2_PLACEMENT_3D('',#622,#8303,#8304);
#8303=DIRECTION('',(0,0,-1));
#8304=DIRECTION('',(0.3594966003264902,0.9331463949208055,0));
#8305=FACE_BOUND('',#8306,.T.);
#8306=EDGE_LOOP('',(#8307,#8308,#8309));
#8307=ORIENTED_EDGE('',*,*,#8310,.T.);
#8308=ORIENTED_EDGE('',*,*,#8311,.T.);
#8309=ORIENTED_EDGE('',*,*,#8312,.T.);
#8310=EDGE_CURVE('',#623,#625,#8313,.F.);
#8311=EDGE_CURVE('',#625,#627,#8314,.T.);
#8312=EDGE_CURVE('',#627,#623,#8315,.T.);
#8313=LINE('',#622,#8316);
#8314=LINE('',#624,#8317);
#8315=LINE('',#626,#8318);
#8316=VECTOR('',#8319,1.0);
#8317=VECTOR('',#8320,1.0);
#8318=VECTOR('',#8321,1.0);
#8319=DIRECTION('',(0.3594966003264902,0.9331463949208055,0));
#8320=DIRECTION('',(0.9238129682392314,-0.3828440932194472,0));
#8321=DIRECTION('',(-0.8976694204044962,-0.44066950390361254,0));
#8322=FACE_SURFACE('',(#8327),#8323,.T.);
#8323=PLANE('',#8324);
#8324=AXIS2_PLACEMENT_3D('',#624,#8325,#8326);
#8325=DIRECTION('',(0,0,-1));
#8326=DIRECTION('',(0.4052606645636821,0.9142011779457533,0));
#8327=FACE_BOUND('',#8328,.T.);
#8328=EDGE_LOOP('',(#8329,#8330,#8331));
#8329=ORIENTED_EDGE('',*,*,#8332,.T.);
#8330=ORIENTED_EDGE('',*,*,#8333,.T.);
#8331=ORIENTED_EDGE('',*,*,#8334,.T.);
#8332=EDGE_CURVE('',#625,#629,#8335,.F.);
#8333=EDGE_CURVE('',#629,#627,#8336,.T.);
#8334=EDGE_CURVE('',#627,#625,#8337,.T.);
#8335=LINE('',#624,#8338);
#8336=LINE('',#628,#8339);
#8337=LINE('',#626,#8340);
#8338=VECTOR('',#8341,1.0);
#8339=VECTOR('',#8342,1.0);
#8340=VECTOR('',#8343,1.0);
#8341=DIRECTION('',(0.4052606645636821,0.9142011779457533,0));
#8342=DIRECTION('',(0.32325448227350306,-0.9463120730975007,0));
#8343=DIRECTION('',(-0.9238129682392314,0.3828440932194472,0));
#8344=FACE_SURFACE('',(#8349),#8345,.T.);
#8345=PLANE('',#8346);
#8346=AXIS2_PLACEMENT_3D('',#630,#8347,#8348);
#8347=DIRECTION('',(0,0,-1));
#8348=DIRECTION('',(-0.4422992242581743,-0.8968675466425448,0));
#8349=FACE_BOUND('',#8350,.T.);
#8350=EDGE_LOOP('',(#8351,#8352,#8353));
#8351=ORIENTED_EDGE('',*,*,#8354,.T.);
#8352=ORIENTED_EDGE('',*,*,#8355,.T.);
#8353=ORIENTED_EDGE('',*,*,#8356,.T.);
#8354=EDGE_CURVE('',#631,#627,#8357,.F.);
#8355=EDGE_CURVE('',#627,#629,#8358,.T.);
#8356=EDGE_CURVE('',#629,#631,#8359,.T.);
#8357=LINE('',#630,#8360);
#8358=LINE('',#626,#8361);
#8359=LINE('',#628,#8362);
#8360=VECTOR('',#8363,1.0);
#8361=VECTOR('',#8364,1.0);
#8362=VECTOR('',#8365,1.0);
#8363=DIRECTION('',(-0.4422992242581743,-0.8968675466425448,0));
#8364=DIRECTION('',(-0.32325448227350306,0.9463120730975007,0));
#8365=DIRECTION('',(0.8355821694120081,0.5493654868670967,0));
#8366=FACE_SURFACE('',(#8371),#8367,.T.);
#8367=PLANE('',#8368);
#8368=AXIS2_PLACEMENT_3D('',#628,#8369,#8370);
#8369=DIRECTION('',(0,0,-1));
#8370=DIRECTION('',(0.4499217438145766,0.8930679842222822,0));
#8371=FACE_BOUND('',#8372,.T.);
#8372=EDGE_LOOP('',(#8373,#8374,#8375));
#8373=ORIENTED_EDGE('',*,*,#8376,.T.);
#8374=ORIENTED_EDGE('',*,*,#8377,.T.);
#8375=ORIENTED_EDGE('',*,*,#8378,.T.);
#8376=EDGE_CURVE('',#629,#633,#8379,.F.);
#8377=EDGE_CURVE('',#633,#631,#8380,.T.);
#8378=EDGE_CURVE('',#631,#629,#8381,.T.);
#8379=LINE('',#628,#8382);
#8380=LINE('',#632,#8383);
#8381=LINE('',#630,#8384);
#8382=VECTOR('',#8385,1.0);
#8383=VECTOR('',#8386,1.0);
#8384=VECTOR('',#8387,1.0);
#8385=DIRECTION('',(0.4499217438145766,0.8930679842222822,0));
#8386=DIRECTION('',(0.9931342217875533,0.11698041508915491,0));
#8387=DIRECTION('',(-0.8355821694120081,-0.5493654868670967,0));
#8388=FACE_SURFACE('',(#8393),#8389,.T.);
#8389=PLANE('',#8390);
#8390=AXIS2_PLACEMENT_3D('',#632,#8391,#8392);
#8391=DIRECTION('',(0,0,-1));
#8392=DIRECTION('',(0.4926211732540667,0.8702438621798988,0));
#8393=FACE_BOUND('',#8394,.T.);
#8394=EDGE_LOOP('',(#8395,#8396,#8397));
#8395=ORIENTED_EDGE('',*,*,#8398,.T.);
#8396=ORIENTED_EDGE('',*,*,#8399,.T.);
#8397=ORIENTED_EDGE('',*,*,#8400,.T.);
#8398=EDGE_CURVE('',#633,#635,#8401,.F.);
#8399=EDGE_CURVE('',#635,#631,#8402,.T.);
#8400=EDGE_CURVE('',#631,#633,#8403,.T.);
#8401=LINE('',#632,#8404);
#8402=LINE('',#634,#8405);
#8403=LINE('',#630,#8406);
#8404=VECTOR('',#8407,1.0);
#8405=VECTOR('',#8408,1.0);
#8406=VECTOR('',#8409,1.0);
#8407=DIRECTION('',(0.4926211732540667,0.8702438621798988,0));
#8408=DIRECTION('',(0.638888969062834,-0.7692989569795536,0));
#8409=DIRECTION('',(-0.9931342217875533,-0.11698041508915491,0));
#8410=FACE_SURFACE('',(#8415),#8411,.T.);
#8411=PLANE('',#8412);
#8412=AXIS2_PLACEMENT_3D('',#634,#8413,#8414);
#8413=DIRECTION('',(0,0,-1));
#8414=DIRECTION('',(0.5351194610099318,0.8447763978997284,0));
#8415=FACE_BOUND('',#8416,.T.);
#8416=EDGE_LOOP('',(#8417,#8418,#8419));
#8417=ORIENTED_EDGE('',*,*,#8420,.T.);
#8418=ORIENTED_EDGE('',*,*,#8421,.T.);
#8419=ORIENTED_EDGE('',*,*,#8422,.T.);
#8420=EDGE_CURVE('',#635,#637,#8423,.F.);
#8421=EDGE_CURVE('',#637,#631,#8424,.T.);
#8422=EDGE_CURVE('',#631,#635,#8425,.T.);
#8423=LINE('',#634,#8426);
#8424=LINE('',#636,#8427);
#8425=LINE('',#630,#8428);
#8426=VECTOR('',#8429,1.0);
#8427=VECTOR('',#8430,1.0);
#8428=VECTOR('',#8431,1.0);
#8429=DIRECTION('',(0.5351194610099318,0.8447763978997284,0));
#8430=DIRECTION('',(0.04993848561508685,-0.9987522954439063,0));
#8431=DIRECTION('',(-0.638888969062834,0.7692989569795536,0));
#8432=FACE_SURFACE('',(#8437),#8433,.T.);
#8433=PLANE('',#8434);
#8434=AXIS2_PLACEMENT_3D('',#638,#8435,#8436);
#8435=DIRECTION('',(0,0,-1));
#8436=DIRECTION('',(-0.5555608172046163,-0.8314759036718616,0));
#8437=FACE_BOUND('',#8438,.T.);
#8438=EDGE_LOOP('',(#8439,#8440,#8441));
#8439=ORIENTED_EDGE('',*,*,#8442,.T.);
#8440=ORIENTED_EDGE('',*,*,#8443,.T.);
#8441=ORIENTED_EDGE('',*,*,#8444,.T.);
#8442=EDGE_CURVE('',#639,#631,#8445,.F.);
#8443=EDGE_CURVE('',#631,#637,#8446,.T.);
#8444=EDGE_CURVE('',#637,#639,#8447,.T.);
#8445=LINE('',#638,#8448);
#8446=LINE('',#630,#8449);
#8447=LINE('',#636,#8450);
#8448=VECTOR('',#8451,1.0);
#8449=VECTOR('',#8452,1.0);
#8450=VECTOR('',#8453,1.0);
#8451=DIRECTION('',(-0.5555608172046163,-0.8314759036718616,0));
#8452=DIRECTION('',(-0.04993848561508685,0.9987522954439063,0));
#8453=DIRECTION('',(0.9418836905581266,0.33593915142567593,0));
#8454=FACE_SURFACE('',(#8459),#8455,.T.);
#8455=PLANE('',#8456);
#8456=AXIS2_PLACEMENT_3D('',#636,#8457,#8458);
#8457=DIRECTION('',(0,0,-1));
#8458=DIRECTION('',(0.5760454671873397,0.817417653181603,0));
#8459=FACE_BOUND('',#8460,.T.);
#8460=EDGE_LOOP('',(#8461,#8462,#8463));
#8461=ORIENTED_EDGE('',*,*,#8464,.T.);
#8462=ORIENTED_EDGE('',*,*,#8465,.T.);
#8463=ORIENTED_EDGE('',*,*,#8466,.T.);
#8464=EDGE_CURVE('',#637,#641,#8467,.F.);
#8465=EDGE_CURVE('',#641,#639,#8468,.T.);
#8466=EDGE_CURVE('',#639,#637,#8469,.T.);
#8467=LINE('',#636,#8470);
#8468=LINE('',#640,#8471);
#8469=LINE('',#638,#8472);
#8470=VECTOR('',#8473,1.0);
#8471=VECTOR('',#8474,1.0);
#8472=VECTOR('',#8475,1.0);
#8473=DIRECTION('',(0.5760454671873397,0.817417653181603,0));
#8474=DIRECTION('',(0.9552489415701744,-0.29580307575997533,0));
#8475=DIRECTION('',(-0.9418836905581266,-0.33593915142567593,0));
#8476=FACE_SURFACE('',(#8481),#8477,.T.);
#8477=PLANE('',#8478);
#8478=AXIS2_PLACEMENT_3D('',#640,#8479,#8480);
#8479=DIRECTION('',(0,0,-1));
#8480=DIRECTION('',(0.615097621964792,0.7884509594472301,0));
#8481=FACE_BOUND('',#8482,.T.);
#8482=EDGE_LOOP('',(#8483,#8484,#8485));
#8483=ORIENTED_EDGE('',*,*,#8486,.T.);
#8484=ORIENTED_EDGE('',*,*,#8487,.T.);
#8485=ORIENTED_EDGE('',*,*,#8488,.T.);
#8486=EDGE_CURVE('',#641,#643,#8489,.F.);
#8487=EDGE_CURVE('',#643,#639,#8490,.T.);
#8488=EDGE_CURVE('',#639,#641,#8491,.T.);
#8489=LINE('',#640,#8492);
#8490=LINE('',#642,#8493);
#8491=LINE('',#638,#8494);
#8492=VECTOR('',#8495,1.0);
#8493=VECTOR('',#8496,1.0);
#8494=VECTOR('',#8497,1.0);
#8495=DIRECTION('',(0.615097621964792,0.7884509594472301,0));
#8496=DIRECTION('',(0.27166273712363875,-0.9623925172498448,0));
#8497=DIRECTION('',(-0.9552489415701744,0.29580307575997533,0));
#8498=FACE_SURFACE('',(#8503),#8499,.T.);
#8499=PLANE('',#8500);
#8500=AXIS2_PLACEMENT_3D('',#642,#8501,#8502);
#8501=DIRECTION('',(0,0,-1));
#8502=DIRECTION('',(0.6531018815112768,0.7572700524690186,0));
#8503=FACE_BOUND('',#8504,.T.);
#8504=EDGE_LOOP('',(#8505,#8506,#8507));
#8505=ORIENTED_EDGE('',*,*,#8508,.T.);
#8506=ORIENTED_EDGE('',*,*,#8509,.T.);
#8507=ORIENTED_EDGE('',*,*,#8510,.T.);
#8508=EDGE_CURVE('',#643,#645,#8511,.F.);
#8509=EDGE_CURVE('',#645,#639,#8512,.T.);
#8510=EDGE_CURVE('',#639,#643,#8513,.T.);
#8511=LINE('',#642,#8514);
#8512=LINE('',#644,#8515);
#8513=LINE('',#638,#8516);
#8514=VECTOR('',#8517,1.0);
#8515=VECTOR('',#8518,1.0);
#8516=VECTOR('',#8519,1.0);
#8517=DIRECTION('',(0.6531018815112768,0.7572700524690186,0));
#8518=DIRECTION('',(-0.18783882754925166,-0.9821998650299859,0));
#8519=DIRECTION('',(-0.27166273712363875,0.9623925172498448,0));
#8520=FACE_SURFACE('',(#8525),#8521,.T.);
#8521=PLANE('',#8522);
#8522=AXIS2_PLACEMENT_3D('',#646,#8523,#8524);
#8523=DIRECTION('',(0,0,-1));
#8524=DIRECTION('',(-0.6593722181491761,-0.7518166518061671,0));
#8525=FACE_BOUND('',#8526,.T.);
#8526=EDGE_LOOP('',(#8527,#8528,#8529));
#8527=ORIENTED_EDGE('',*,*,#8530,.T.);
#8528=ORIENTED_EDGE('',*,*,#8531,.T.);
#8529=ORIENTED_EDGE('',*,*,#8532,.T.);
#8530=EDGE_CURVE('',#647,#639,#8533,.F.);
#8531=EDGE_CURVE('',#639,#645,#8534,.T.);
#8532=EDGE_CURVE('',#645,#647,#8535,.T.);
#8533=LINE('',#646,#8536);
#8534=LINE('',#638,#8537);
#8535=LINE('',#644,#8538);
#8536=VECTOR('',#8539,1.0);
#8537=VECTOR('',#8540,1.0);
#8538=VECTOR('',#8541,1.0);
#8539=DIRECTION('',(-0.6593722181491761,-0.7518166518061671,0));
#8540=DIRECTION('',(0.18783882754925166,0.9821998650299859,0));
#8541=DIRECTION('',(0.9979775519895455,0.06356733221517134,0));
#8542=FACE_SURFACE('',(#8547),#8543,.T.);
#8543=PLANE('',#8544);
#8544=AXIS2_PLACEMENT_3D('',#646,#8545,#8546);
#8545=DIRECTION('',(-0,0,-1));
#8546=DIRECTION('',(-0.9979775519895455,-0.06356733221517134,0));
#8547=FACE_BOUND('',#8548,.T.);
#8548=EDGE_LOOP('',(#8549,#8550,#8551));
#8549=ORIENTED_EDGE('',*,*,#8552,.T.);
#8550=ORIENTED_EDGE('',*,*,#8553,.T.);
#8551=ORIENTED_EDGE('',*,*,#8554,.T.);
#8552=EDGE_CURVE('',#647,#645,#8555,.F.);
#8553=EDGE_CURVE('',#645,#649,#8556,.T.);
#8554=EDGE_CURVE('',#649,#647,#8557,.T.);
#8555=LINE('',#646,#8558);
#8556=LINE('',#644,#8559);
#8557=LINE('',#648,#8560);
#8558=VECTOR('',#8561,1.0);
#8559=VECTOR('',#8562,1.0);
#8560=VECTOR('',#8563,1.0);
#8561=DIRECTION('',(-0.9979775519895455,-0.06356733221517134,0));
#8562=DIRECTION('',(0.6894585985752734,0.7243250933459507,0));
#8563=DIRECTION('',(0.7071105991443358,-0.7071029632081444,0));
#8564=FACE_SURFACE('',(#8569),#8565,.T.);
#8565=PLANE('',#8566);
#8566=AXIS2_PLACEMENT_3D('',#610,#8567,#8568);
#8567=DIRECTION('',(0,-0,-1));
#8568=DIRECTION('',(0.9623918215836862,-0.2716652015787712,0));
#8569=FACE_BOUND('',#8570,.T.);
#8570=EDGE_LOOP('',(#8571,#8572,#8573));
#8571=ORIENTED_EDGE('',*,*,#8574,.T.);
#8572=ORIENTED_EDGE('',*,*,#8575,.T.);
#8573=ORIENTED_EDGE('',*,*,#8576,.T.);
#8574=EDGE_CURVE('',#611,#607,#8577,.F.);
#8575=EDGE_CURVE('',#607,#651,#8578,.T.);
#8576=EDGE_CURVE('',#651,#611,#8579,.T.);
#8577=LINE('',#610,#8580);
#8578=LINE('',#606,#8581);
#8579=LINE('',#650,#8582);
#8580=VECTOR('',#8583,1.0);
#8581=VECTOR('',#8584,1.0);
#8582=VECTOR('',#8585,1.0);
#8583=DIRECTION('',(0.9623918215836862,-0.2716652015787712,0));
#8584=DIRECTION('',(-0.9821995884004759,-0.18784027402539524,0));
#8585=DIRECTION('',(0.7572673714662449,0.6531049901146098,0));
#8586=FACE_SURFACE('',(#8591),#8587,.T.);
#8587=PLANE('',#8588);
#8588=AXIS2_PLACEMENT_3D('',#648,#8589,#8590);
#8589=DIRECTION('',(0,0,-1));
#8590=DIRECTION('',(0.724327639059937,0.6894559241125263,0));
#8591=FACE_BOUND('',#8592,.T.);
#8592=EDGE_LOOP('',(#8593,#8594,#8595));
#8593=ORIENTED_EDGE('',*,*,#8596,.T.);
#8594=ORIENTED_EDGE('',*,*,#8597,.T.);
#8595=ORIENTED_EDGE('',*,*,#8598,.T.);
#8596=EDGE_CURVE('',#649,#651,#8599,.F.);
#8597=EDGE_CURVE('',#651,#647,#8600,.T.);
#8598=EDGE_CURVE('',#647,#649,#8601,.T.);
#8599=LINE('',#648,#8602);
#8600=LINE('',#650,#8603);
#8601=LINE('',#646,#8604);
#8602=VECTOR('',#8605,1.0);
#8603=VECTOR('',#8606,1.0);
#8604=VECTOR('',#8607,1.0);
#8605=DIRECTION('',(0.724327639059937,0.6894559241125263,0));
#8606=DIRECTION('',(-0.06356395148426051,-0.9979777673233541,0));
#8607=DIRECTION('',(-0.7071105991443358,0.7071029632081444,0));
#8608=FACE_SURFACE('',(#8613),#8609,.T.);
#8609=PLANE('',#8610);
#8610=AXIS2_PLACEMENT_3D('',#646,#8611,#8612);
#8611=DIRECTION('',(0,0,-1));
#8612=DIRECTION('',(0.06356395148426051,0.9979777673233541,0));
#8613=FACE_BOUND('',#8614,.T.);
#8614=EDGE_LOOP('',(#8615,#8616,#8617));
#8615=ORIENTED_EDGE('',*,*,#8618,.T.);
#8616=ORIENTED_EDGE('',*,*,#8619,.T.);
#8617=ORIENTED_EDGE('',*,*,#8620,.T.);
#8618=EDGE_CURVE('',#647,#651,#8621,.F.);
#8619=EDGE_CURVE('',#651,#607,#8622,.T.);
#8620=EDGE_CURVE('',#607,#647,#8623,.T.);
#8621=LINE('',#646,#8624);
#8622=LINE('',#650,#8625);
#8623=LINE('',#606,#8626);
#8624=VECTOR('',#8627,1.0);
#8625=VECTOR('',#8628,1.0);
#8626=VECTOR('',#8629,1.0);
#8627=DIRECTION('',(0.06356395148426051,0.9979777673233541,0));
#8628=DIRECTION('',(0.9821995884004759,0.18784027402539524,0));
#8629=DIRECTION('',(-0.7518177016960216,-0.659371021062127,0));
#8630=FACE_SURFACE('',(#8635),#8631,.T.);
#8631=PLANE('',#8632);
#8632=AXIS2_PLACEMENT_3D('',#626,#8633,#8634);
#8633=DIRECTION('',(0,0,-1));
#8634=DIRECTION('',(-0.32145169561345277,-0.9469259777761069,0));
#8635=FACE_BOUND('',#8636,.T.);
#8636=EDGE_LOOP('',(#8637,#8638,#8639));
#8637=ORIENTED_EDGE('',*,*,#8640,.T.);
#8638=ORIENTED_EDGE('',*,*,#8641,.T.);
#8639=ORIENTED_EDGE('',*,*,#8642,.T.);
#8640=EDGE_CURVE('',#627,#653,#8643,.F.);
#8641=EDGE_CURVE('',#653,#623,#8644,.T.);
#8642=EDGE_CURVE('',#623,#627,#8645,.T.);
#8643=LINE('',#626,#8646);
#8644=LINE('',#652,#8647);
#8645=LINE('',#622,#8648);
#8646=VECTOR('',#8649,1.0);
#8647=VECTOR('',#8650,1.0);
#8648=VECTOR('',#8651,1.0);
#8649=DIRECTION('',(-0.32145169561345277,-0.9469259777761069,0));
#8650=DIRECTION('',(-0.2021879527300489,0.9793467372543964,0));
#8651=DIRECTION('',(0.8976694204044962,0.44066950390361254,0));
#8652=FACE_SURFACE('',(#8657),#8653,.T.);
#8653=PLANE('',#8654);
#8654=AXIS2_PLACEMENT_3D('',#654,#8655,#8656);
#8655=DIRECTION('',(0,0,-1));
#8656=DIRECTION('',(0.31377679847160467,0.9494967723699276,0));
#8657=FACE_BOUND('',#8658,.T.);
#8658=EDGE_LOOP('',(#8659,#8660,#8661));
#8659=ORIENTED_EDGE('',*,*,#8662,.T.);
#8660=ORIENTED_EDGE('',*,*,#8663,.T.);
#8661=ORIENTED_EDGE('',*,*,#8664,.T.);
#8662=EDGE_CURVE('',#655,#623,#8665,.F.);
#8663=EDGE_CURVE('',#623,#653,#8666,.T.);
#8664=EDGE_CURVE('',#653,#655,#8667,.T.);
#8665=LINE('',#654,#8668);
#8666=LINE('',#622,#8669);
#8667=LINE('',#652,#8670);
#8668=VECTOR('',#8671,1.0);
#8669=VECTOR('',#8672,1.0);
#8670=VECTOR('',#8673,1.0);
#8671=DIRECTION('',(0.31377679847160467,0.9494967723699276,0));
#8672=DIRECTION('',(0.2021879527300489,-0.9793467372543964,0));
#8673=DIRECTION('',(-0.61938262993025,0.7850892673707156,0));
#8674=FACE_SURFACE('',(#8679),#8675,.T.);
#8675=PLANE('',#8676);
#8676=AXIS2_PLACEMENT_3D('',#656,#8677,#8678);
#8677=DIRECTION('',(0,0,-1));
#8678=DIRECTION('',(0.07378912065399944,0.997273866935813,0));
#8679=FACE_BOUND('',#8680,.T.);
#8680=EDGE_LOOP('',(#8681,#8682,#8683));
#8681=ORIENTED_EDGE('',*,*,#8684,.T.);
#8682=ORIENTED_EDGE('',*,*,#8685,.T.);
#8683=ORIENTED_EDGE('',*,*,#8686,.T.);
#8684=EDGE_CURVE('',#657,#659,#8687,.F.);
#8685=EDGE_CURVE('',#659,#661,#8688,.T.);
#8686=EDGE_CURVE('',#661,#657,#8689,.T.);
#8687=LINE('',#656,#8690);
#8688=LINE('',#658,#8691);
#8689=LINE('',#660,#8692);
#8690=VECTOR('',#8693,1.0);
#8691=VECTOR('',#8694,1.0);
#8692=VECTOR('',#8695,1.0);
#8693=DIRECTION('',(0.07378912065399944,0.997273866935813,0));
#8694=DIRECTION('',(0.6217019169212861,-0.7832539348745068,0));
#8695=DIRECTION('',(-0.9951526955631836,0.09834181467376628,0));
#8696=FACE_SURFACE('',(#8701),#8697,.T.);
#8697=PLANE('',#8698);
#8698=AXIS2_PLACEMENT_3D('',#662,#8699,#8700);
#8699=DIRECTION('',(0,0,-1));
#8700=DIRECTION('',(0.024482758896673344,0.999700252334072,0));
#8701=FACE_BOUND('',#8702,.T.);
#8702=EDGE_LOOP('',(#8703,#8704,#8705));
#8703=ORIENTED_EDGE('',*,*,#8706,.T.);
#8704=ORIENTED_EDGE('',*,*,#8707,.T.);
#8705=ORIENTED_EDGE('',*,*,#8708,.T.);
#8706=EDGE_CURVE('',#663,#657,#8709,.F.);
#8707=EDGE_CURVE('',#657,#661,#8710,.T.);
#8708=EDGE_CURVE('',#661,#663,#8711,.T.);
#8709=LINE('',#662,#8712);
#8710=LINE('',#656,#8713);
#8711=LINE('',#660,#8714);
#8712=VECTOR('',#8715,1.0);
#8713=VECTOR('',#8716,1.0);
#8714=VECTOR('',#8717,1.0);
#8715=DIRECTION('',(0.024482758896673344,0.999700252334072,0));
#8716=DIRECTION('',(0.9951526955631836,-0.09834181467376628,0));
#8717=DIRECTION('',(-1,0,0));
#8718=FACE_SURFACE('',(#8723),#8719,.T.);
#8719=PLANE('',#8720);
#8720=AXIS2_PLACEMENT_3D('',#664,#8721,#8722);
#8721=DIRECTION('',(0,0,-1));
#8722=DIRECTION('',(-0.06542370718081178,-0.9978575742753669,0));
#8723=FACE_BOUND('',#8724,.T.);
#8724=EDGE_LOOP('',(#8725,#8726,#8727));
#8725=ORIENTED_EDGE('',*,*,#8728,.T.);
#8726=ORIENTED_EDGE('',*,*,#8729,.T.);
#8727=ORIENTED_EDGE('',*,*,#8730,.T.);
#8728=EDGE_CURVE('',#665,#661,#8731,.F.);
#8729=EDGE_CURVE('',#661,#659,#8732,.T.);
#8730=EDGE_CURVE('',#659,#665,#8733,.T.);
#8731=LINE('',#664,#8734);
#8732=LINE('',#660,#8735);
#8733=LINE('',#658,#8736);
#8734=VECTOR('',#8737,1.0);
#8735=VECTOR('',#8738,1.0);
#8736=VECTOR('',#8739,1.0);
#8737=DIRECTION('',(-0.06542370718081178,-0.9978575742753669,0));
#8738=DIRECTION('',(-0.6217019169212861,0.7832539348745068,0));
#8739=DIRECTION('',(0.8726574551672518,0.4883328433978366,0));
#8740=FACE_SURFACE('',(#8745),#8741,.T.);
#8741=PLANE('',#8742);
#8742=AXIS2_PLACEMENT_3D('',#658,#8743,#8744);
#8743=DIRECTION('',(0,0,-1));
#8744=DIRECTION('',(0.1222496969182979,0.9924993761224157,0));
#8745=FACE_BOUND('',#8746,.T.);
#8746=EDGE_LOOP('',(#8747,#8748,#8749));
#8747=ORIENTED_EDGE('',*,*,#8750,.T.);
#8748=ORIENTED_EDGE('',*,*,#8751,.T.);
#8749=ORIENTED_EDGE('',*,*,#8752,.T.);
#8750=EDGE_CURVE('',#659,#667,#8753,.F.);
#8751=EDGE_CURVE('',#667,#665,#8754,.T.);
#8752=EDGE_CURVE('',#665,#659,#8755,.T.);
#8753=LINE('',#658,#8756);
#8754=LINE('',#666,#8757);
#8755=LINE('',#664,#8758);
#8756=VECTOR('',#8759,1.0);
#8757=VECTOR('',#8760,1.0);
#8758=VECTOR('',#8761,1.0);
#8759=DIRECTION('',(0.1222496969182979,0.9924993761224157,0));
#8760=DIRECTION('',(0.8846147894204897,-0.4663225003562907,0));
#8761=DIRECTION('',(-0.8726574551672518,-0.4883328433978366,0));
#8762=FACE_SURFACE('',(#8767),#8763,.T.);
#8763=PLANE('',#8764);
#8764=AXIS2_PLACEMENT_3D('',#666,#8765,#8766);
#8765=DIRECTION('',(0,0,-1));
#8766=DIRECTION('',(0.17115529947360164,0.9852440628910695,0));
#8767=FACE_BOUND('',#8768,.T.);
#8768=EDGE_LOOP('',(#8769,#8770,#8771));
#8769=ORIENTED_EDGE('',*,*,#8772,.T.);
#8770=ORIENTED_EDGE('',*,*,#8773,.T.);
#8771=ORIENTED_EDGE('',*,*,#8774,.T.);
#8772=EDGE_CURVE('',#667,#669,#8775,.F.);
#8773=EDGE_CURVE('',#669,#665,#8776,.T.);
#8774=EDGE_CURVE('',#665,#667,#8777,.T.);
#8775=LINE('',#666,#8778);
#8776=LINE('',#668,#8779);
#8777=LINE('',#664,#8780);
#8778=VECTOR('',#8781,1.0);
#8779=VECTOR('',#8782,1.0);
#8780=VECTOR('',#8783,1.0);
#8781=DIRECTION('',(0.17115529947360164,0.9852440628910695,0));
#8782=DIRECTION('',(0.4281599231376646,-0.903702982300462,0));
#8783=DIRECTION('',(-0.8846147894204897,0.4663225003562907,0));
#8784=FACE_SURFACE('',(#8789),#8785,.T.);
#8785=PLANE('',#8786);
#8786=AXIS2_PLACEMENT_3D('',#652,#8787,#8788);
#8787=DIRECTION('',(0,0,-1));
#8788=DIRECTION('',(-0.1951903802810728,-0.9807653722709272,0));
#8789=FACE_BOUND('',#8790,.T.);
#8790=EDGE_LOOP('',(#8791,#8792,#8793));
#8791=ORIENTED_EDGE('',*,*,#8794,.T.);
#8792=ORIENTED_EDGE('',*,*,#8795,.T.);
#8793=ORIENTED_EDGE('',*,*,#8796,.T.);
#8794=EDGE_CURVE('',#653,#665,#8797,.F.);
#8795=EDGE_CURVE('',#665,#669,#8798,.T.);
#8796=EDGE_CURVE('',#669,#653,#8799,.T.);
#8797=LINE('',#652,#8800);
#8798=LINE('',#664,#8801);
#8799=LINE('',#668,#8802);
#8800=VECTOR('',#8803,1.0);
#8801=VECTOR('',#8804,1.0);
#8802=VECTOR('',#8805,1.0);
#8803=DIRECTION('',(-0.1951903802810728,-0.9807653722709272,0));
#8804=DIRECTION('',(-0.4281599231376646,0.903702982300462,0));
#8805=DIRECTION('',(0.7414732026010715,0.670982481011621,0));
#8806=FACE_SURFACE('',(#8811),#8807,.T.);
#8807=PLANE('',#8808);
#8808=AXIS2_PLACEMENT_3D('',#652,#8809,#8810);
#8809=DIRECTION('',(0,0,-1));
#8810=DIRECTION('',(-0.7414732026010715,-0.670982481011621,0));
#8811=FACE_BOUND('',#8812,.T.);
#8812=EDGE_LOOP('',(#8813,#8814,#8815));
#8813=ORIENTED_EDGE('',*,*,#8816,.T.);
#8814=ORIENTED_EDGE('',*,*,#8817,.T.);
#8815=ORIENTED_EDGE('',*,*,#8818,.T.);
#8816=EDGE_CURVE('',#653,#669,#8819,.F.);
#8817=EDGE_CURVE('',#669,#671,#8820,.T.);
#8818=EDGE_CURVE('',#671,#653,#8821,.T.);
#8819=LINE('',#652,#8822);
#8820=LINE('',#668,#8823);
#8821=LINE('',#670,#8824);
#8822=VECTOR('',#8825,1.0);
#8823=VECTOR('',#8826,1.0);
#8824=VECTOR('',#8827,1.0);
#8825=DIRECTION('',(-0.7414732026010715,-0.670982481011621,0));
#8826=DIRECTION('',(0.21912914563485356,0.9756958632347168,0));
#8827=DIRECTION('',(0.9957294864503561,0.09231895695527614,0));
#8828=FACE_SURFACE('',(#8833),#8829,.T.);
#8829=PLANE('',#8830);
#8830=AXIS2_PLACEMENT_3D('',#652,#8831,#8832);
#8831=DIRECTION('',(-0,0,-1));
#8832=DIRECTION('',(-0.9957294864503561,-0.09231895695527614,0));
#8833=FACE_BOUND('',#8834,.T.);
#8834=EDGE_LOOP('',(#8835,#8836,#8837));
#8835=ORIENTED_EDGE('',*,*,#8838,.T.);
#8836=ORIENTED_EDGE('',*,*,#8839,.T.);
#8837=ORIENTED_EDGE('',*,*,#8840,.T.);
#8838=EDGE_CURVE('',#653,#671,#8841,.F.);
#8839=EDGE_CURVE('',#671,#655,#8842,.T.);
#8840=EDGE_CURVE('',#655,#653,#8843,.T.);
#8841=LINE('',#652,#8844);
#8842=LINE('',#670,#8845);
#8843=LINE('',#654,#8846);
#8844=VECTOR('',#8847,1.0);
#8845=VECTOR('',#8848,1.0);
#8846=VECTOR('',#8849,1.0);
#8847=DIRECTION('',(-0.9957294864503561,-0.09231895695527614,0));
#8848=DIRECTION('',(0.26664366848002163,0.9637951826293365,0));
#8849=DIRECTION('',(0.61938262993025,-0.7850892673707156,0));
#8850=FACE_SURFACE('',(#8855),#8851,.T.);
#8851=PLANE('',#8852);
#8852=AXIS2_PLACEMENT_3D('',#672,#8853,#8854);
#8853=DIRECTION('',(0,0,-1));
#8854=DIRECTION('',(0.6193796163164753,0.785091644899916,0));
#8855=FACE_BOUND('',#8856,.T.);
#8856=EDGE_LOOP('',(#8857,#8858,#8859));
#8857=ORIENTED_EDGE('',*,*,#8860,.T.);
#8858=ORIENTED_EDGE('',*,*,#8861,.T.);
#8859=ORIENTED_EDGE('',*,*,#8862,.T.);
#8860=EDGE_CURVE('',#673,#675,#8863,.F.);
#8861=EDGE_CURVE('',#675,#677,#8864,.T.);
#8862=EDGE_CURVE('',#677,#673,#8865,.T.);
#8863=LINE('',#672,#8866);
#8864=LINE('',#674,#8867);
#8865=LINE('',#676,#8868);
#8866=VECTOR('',#8869,1.0);
#8867=VECTOR('',#8870,1.0);
#8868=VECTOR('',#8871,1.0);
#8869=DIRECTION('',(0.6193796163164753,0.785091644899916,0));
#8870=DIRECTION('',(-0.2021879527300489,-0.9793467372543964,0));
#8871=DIRECTION('',(-0.31377885686775026,0.949496092136649,0));
#8872=FACE_SURFACE('',(#8877),#8873,.T.);
#8873=PLANE('',#8874);
#8874=AXIS2_PLACEMENT_3D('',#678,#8875,#8876);
#8875=DIRECTION('',(0,0,-1));
#8876=DIRECTION('',(-0.21912914563485356,0.9756958632347168,0));
#8877=FACE_BOUND('',#8878,.T.);
#8878=EDGE_LOOP('',(#8879,#8880,#8881));
#8879=ORIENTED_EDGE('',*,*,#8882,.T.);
#8880=ORIENTED_EDGE('',*,*,#8883,.T.);
#8881=ORIENTED_EDGE('',*,*,#8884,.T.);
#8882=EDGE_CURVE('',#679,#681,#8885,.F.);
#8883=EDGE_CURVE('',#681,#675,#8886,.T.);
#8884=EDGE_CURVE('',#675,#679,#8887,.T.);
#8885=LINE('',#678,#8888);
#8886=LINE('',#680,#8889);
#8887=LINE('',#674,#8890);
#8888=VECTOR('',#8891,1.0);
#8889=VECTOR('',#8892,1.0);
#8890=VECTOR('',#8893,1.0);
#8891=DIRECTION('',(-0.21912914563485356,0.9756958632347168,0));
#8892=DIRECTION('',(0.7414732026010715,-0.670982481011621,0));
#8893=DIRECTION('',(-0.9957294864503561,0.09231895695527614,0));
#8894=FACE_SURFACE('',(#8899),#8895,.T.);
#8895=PLANE('',#8896);
#8896=AXIS2_PLACEMENT_3D('',#682,#8897,#8898);
#8897=DIRECTION('',(0,-0,-1));
#8898=DIRECTION('',(0.1951903802810728,-0.9807653722709272,0));
#8899=FACE_BOUND('',#8900,.T.);
#8900=EDGE_LOOP('',(#8901,#8902,#8903));
#8901=ORIENTED_EDGE('',*,*,#8904,.T.);
#8902=ORIENTED_EDGE('',*,*,#8905,.T.);
#8903=ORIENTED_EDGE('',*,*,#8906,.T.);
#8904=EDGE_CURVE('',#683,#675,#8907,.F.);
#8905=EDGE_CURVE('',#675,#681,#8908,.T.);
#8906=EDGE_CURVE('',#681,#683,#8909,.T.);
#8907=LINE('',#682,#8910);
#8908=LINE('',#674,#8911);
#8909=LINE('',#680,#8912);
#8910=VECTOR('',#8913,1.0);
#8911=VECTOR('',#8914,1.0);
#8912=VECTOR('',#8915,1.0);
#8913=DIRECTION('',(0.1951903802810728,-0.9807653722709272,0));
#8914=DIRECTION('',(-0.7414732026010715,0.670982481011621,0));
#8915=DIRECTION('',(0.4281599231376646,0.903702982300462,0));
#8916=FACE_SURFACE('',(#8921),#8917,.T.);
#8917=PLANE('',#8918);
#8918=AXIS2_PLACEMENT_3D('',#680,#8919,#8920);
#8919=DIRECTION('',(0,0,-1));
#8920=DIRECTION('',(-0.17115529947360164,0.9852440628910695,0));
#8921=FACE_BOUND('',#8922,.T.);
#8922=EDGE_LOOP('',(#8923,#8924,#8925));
#8923=ORIENTED_EDGE('',*,*,#8926,.T.);
#8924=ORIENTED_EDGE('',*,*,#8927,.T.);
#8925=ORIENTED_EDGE('',*,*,#8928,.T.);
#8926=EDGE_CURVE('',#681,#685,#8929,.F.);
#8927=EDGE_CURVE('',#685,#683,#8930,.T.);
#8928=EDGE_CURVE('',#683,#681,#8931,.T.);
#8929=LINE('',#680,#8932);
#8930=LINE('',#684,#8933);
#8931=LINE('',#682,#8934);
#8932=VECTOR('',#8935,1.0);
#8933=VECTOR('',#8936,1.0);
#8934=VECTOR('',#8937,1.0);
#8935=DIRECTION('',(-0.17115529947360164,0.9852440628910695,0));
#8936=DIRECTION('',(0.8846147894204897,0.4663225003562907,0));
#8937=DIRECTION('',(-0.4281599231376646,-0.903702982300462,0));
#8938=FACE_SURFACE('',(#8943),#8939,.T.);
#8939=PLANE('',#8940);
#8940=AXIS2_PLACEMENT_3D('',#684,#8941,#8942);
#8941=DIRECTION('',(0,0,-1));
#8942=DIRECTION('',(-0.1222496969182979,0.9924993761224157,0));
#8943=FACE_BOUND('',#8944,.T.);
#8944=EDGE_LOOP('',(#8945,#8946,#8947));
#8945=ORIENTED_EDGE('',*,*,#8948,.T.);
#8946=ORIENTED_EDGE('',*,*,#8949,.T.);
#8947=ORIENTED_EDGE('',*,*,#8950,.T.);
#8948=EDGE_CURVE('',#685,#687,#8951,.F.);
#8949=EDGE_CURVE('',#687,#683,#8952,.T.);
#8950=EDGE_CURVE('',#683,#685,#8953,.T.);
#8951=LINE('',#684,#8954);
#8952=LINE('',#686,#8955);
#8953=LINE('',#682,#8956);
#8954=VECTOR('',#8957,1.0);
#8955=VECTOR('',#8958,1.0);
#8956=VECTOR('',#8959,1.0);
#8957=DIRECTION('',(-0.1222496969182979,0.9924993761224157,0));
#8958=DIRECTION('',(0.8726574551672518,-0.4883328433978366,0));
#8959=DIRECTION('',(-0.8846147894204897,-0.4663225003562907,0));
#8960=FACE_SURFACE('',(#8965),#8961,.T.);
#8961=PLANE('',#8962);
#8962=AXIS2_PLACEMENT_3D('',#688,#8963,#8964);
#8963=DIRECTION('',(0,-0,-1));
#8964=DIRECTION('',(0.06542653180260734,-0.9978573890773583,0));
#8965=FACE_BOUND('',#8966,.T.);
#8966=EDGE_LOOP('',(#8967,#8968,#8969));
#8967=ORIENTED_EDGE('',*,*,#8970,.T.);
#8968=ORIENTED_EDGE('',*,*,#8971,.T.);
#8969=ORIENTED_EDGE('',*,*,#8972,.T.);
#8970=EDGE_CURVE('',#689,#683,#8973,.F.);
#8971=EDGE_CURVE('',#683,#687,#8974,.T.);
#8972=EDGE_CURVE('',#687,#689,#8975,.T.);
#8973=LINE('',#688,#8976);
#8974=LINE('',#682,#8977);
#8975=LINE('',#686,#8978);
#8976=VECTOR('',#8979,1.0);
#8977=VECTOR('',#8980,1.0);
#8978=VECTOR('',#8981,1.0);
#8979=DIRECTION('',(0.06542653180260734,-0.9978573890773583,0));
#8980=DIRECTION('',(-0.8726574551672518,0.4883328433978366,0));
#8981=DIRECTION('',(0.621527205821492,0.783392578739248,0));
#8982=FACE_SURFACE('',(#8987),#8983,.T.);
#8983=PLANE('',#8984);
#8984=AXIS2_PLACEMENT_3D('',#686,#8985,#8986);
#8985=DIRECTION('',(0,0,-1));
#8986=DIRECTION('',(-0.07378912065399944,0.997273866935813,0));
#8987=FACE_BOUND('',#8988,.T.);
#8988=EDGE_LOOP('',(#8989,#8990,#8991));
#8989=ORIENTED_EDGE('',*,*,#8992,.T.);
#8990=ORIENTED_EDGE('',*,*,#8993,.T.);
#8991=ORIENTED_EDGE('',*,*,#8994,.T.);
#8992=EDGE_CURVE('',#687,#691,#8995,.F.);
#8993=EDGE_CURVE('',#691,#689,#8996,.T.);
#8994=EDGE_CURVE('',#689,#687,#8997,.T.);
#8995=LINE('',#686,#8998);
#8996=LINE('',#690,#8999);
#8997=LINE('',#688,#9000);
#8998=VECTOR('',#9001,1.0);
#8999=VECTOR('',#9002,1.0);
#9000=VECTOR('',#9003,1.0);
#9001=DIRECTION('',(-0.07378912065399944,0.997273866935813,0));
#9002=DIRECTION('',(0.9951049423949646,0.09882385147885081,0));
#9003=DIRECTION('',(-0.621527205821492,-0.783392578739248,0));
#9004=FACE_SURFACE('',(#9009),#9005,.T.);
#9005=PLANE('',#9006);
#9006=AXIS2_PLACEMENT_3D('',#692,#9007,#9008);
#9007=DIRECTION('',(0,0,-1));
#9008=DIRECTION('',(1,0,0));
#9009=FACE_BOUND('',#9010,.T.);
#9010=EDGE_LOOP('',(#9011,#9012,#9013));
#9011=ORIENTED_EDGE('',*,*,#9014,.T.);
#9012=ORIENTED_EDGE('',*,*,#9015,.T.);
#9013=ORIENTED_EDGE('',*,*,#9016,.T.);
#9014=EDGE_CURVE('',#693,#689,#9017,.F.);
#9015=EDGE_CURVE('',#689,#691,#9018,.T.);
#9016=EDGE_CURVE('',#691,#693,#9019,.T.);
#9017=LINE('',#692,#9020);
#9018=LINE('',#688,#9021);
#9019=LINE('',#690,#9022);
#9020=VECTOR('',#9023,1.0);
#9021=VECTOR('',#9024,1.0);
#9022=VECTOR('',#9025,1.0);
#9023=DIRECTION('',(1,0,0));
#9024=DIRECTION('',(-0.9951049423949646,-0.09882385147885081,0));
#9025=DIRECTION('',(-0.024400140644851947,0.9997022722473484,0));
#9026=FACE_SURFACE('',(#9031),#9027,.T.);
#9027=PLANE('',#9028);
#9028=AXIS2_PLACEMENT_3D('',#694,#9029,#9030);
#9029=DIRECTION('',(0,0,-1));
#9030=DIRECTION('',(-0.4052555450266321,0.9142034473929572,0));
#9031=FACE_BOUND('',#9032,.T.);
#9032=EDGE_LOOP('',(#9033,#9034,#9035));
#9033=ORIENTED_EDGE('',*,*,#9036,.T.);
#9034=ORIENTED_EDGE('',*,*,#9037,.T.);
#9035=ORIENTED_EDGE('',*,*,#9038,.T.);
#9036=EDGE_CURVE('',#695,#697,#9039,.F.);
#9037=EDGE_CURVE('',#697,#699,#9040,.T.);
#9038=EDGE_CURVE('',#699,#695,#9041,.T.);
#9039=LINE('',#694,#9042);
#9040=LINE('',#696,#9043);
#9041=LINE('',#698,#9044);
#9042=VECTOR('',#9045,1.0);
#9043=VECTOR('',#9046,1.0);
#9044=VECTOR('',#9047,1.0);
#9045=DIRECTION('',(-0.4052555450266321,0.9142034473929572,0));
#9046=DIRECTION('',(0.9238156689361431,0.3828375763010554,0));
#9047=DIRECTION('',(-0.3232528956909227,-0.9463126150630317,0));
#9048=FACE_SURFACE('',(#9053),#9049,.T.);
#9049=PLANE('',#9050);
#9050=AXIS2_PLACEMENT_3D('',#672,#9051,#9052);
#9051=DIRECTION('',(0,0,-1));
#9052=DIRECTION('',(-0.26664189328542925,0.9637956737530843,0));
#9053=FACE_BOUND('',#9054,.T.);
#9054=EDGE_LOOP('',(#9055,#9056,#9057));
#9055=ORIENTED_EDGE('',*,*,#9058,.T.);
#9056=ORIENTED_EDGE('',*,*,#9059,.T.);
#9057=ORIENTED_EDGE('',*,*,#9060,.T.);
#9058=EDGE_CURVE('',#673,#679,#9061,.F.);
#9059=EDGE_CURVE('',#679,#675,#9062,.T.);
#9060=EDGE_CURVE('',#675,#673,#9063,.T.);
#9061=LINE('',#672,#9064);
#9062=LINE('',#678,#9065);
#9063=LINE('',#674,#9066);
#9064=VECTOR('',#9067,1.0);
#9065=VECTOR('',#9068,1.0);
#9066=VECTOR('',#9069,1.0);
#9067=DIRECTION('',(-0.26664189328542925,0.9637956737530843,0));
#9068=DIRECTION('',(0.9957294864503561,-0.09231895695527614,0));
#9069=DIRECTION('',(-0.6193796163164753,-0.785091644899916,0));
#9070=FACE_SURFACE('',(#9075),#9071,.T.);
#9071=PLANE('',#9072);
#9072=AXIS2_PLACEMENT_3D('',#698,#9073,#9074);
#9073=DIRECTION('',(0,0,-1));
#9074=DIRECTION('',(-0.8976694204044962,0.44066950390361254,0));
#9075=FACE_BOUND('',#9076,.T.);
#9076=EDGE_LOOP('',(#9077,#9078,#9079));
#9077=ORIENTED_EDGE('',*,*,#9080,.T.);
#9078=ORIENTED_EDGE('',*,*,#9081,.T.);
#9079=ORIENTED_EDGE('',*,*,#9082,.T.);
#9080=EDGE_CURVE('',#699,#677,#9083,.F.);
#9081=EDGE_CURVE('',#677,#675,#9084,.T.);
#9082=EDGE_CURVE('',#675,#699,#9085,.T.);
#9083=LINE('',#698,#9086);
#9084=LINE('',#676,#9087);
#9085=LINE('',#674,#9088);
#9086=VECTOR('',#9089,1.0);
#9087=VECTOR('',#9090,1.0);
#9088=VECTOR('',#9091,1.0);
#9089=DIRECTION('',(-0.8976694204044962,0.44066950390361254,0));
#9090=DIRECTION('',(0.2021879527300489,0.9793467372543964,0));
#9091=DIRECTION('',(0.32145169561345277,-0.9469259777761069,0));
#9092=FACE_SURFACE('',(#9097),#9093,.T.);
#9093=PLANE('',#9094);
#9094=AXIS2_PLACEMENT_3D('',#698,#9095,#9096);
#9095=DIRECTION('',(0,-0,-1));
#9096=DIRECTION('',(0.4422992242581743,-0.8968675466425448,0));
#9097=FACE_BOUND('',#9098,.T.);
#9098=EDGE_LOOP('',(#9099,#9100,#9101));
#9099=ORIENTED_EDGE('',*,*,#9102,.T.);
#9100=ORIENTED_EDGE('',*,*,#9103,.T.);
#9101=ORIENTED_EDGE('',*,*,#9104,.T.);
#9102=EDGE_CURVE('',#699,#701,#9105,.F.);
#9103=EDGE_CURVE('',#701,#695,#9106,.T.);
#9104=EDGE_CURVE('',#695,#699,#9107,.T.);
#9105=LINE('',#698,#9108);
#9106=LINE('',#700,#9109);
#9107=LINE('',#694,#9110);
#9108=VECTOR('',#9111,1.0);
#9109=VECTOR('',#9112,1.0);
#9110=VECTOR('',#9113,1.0);
#9111=DIRECTION('',(0.4422992242581743,-0.8968675466425448,0));
#9112=DIRECTION('',(-0.8355838712885048,0.549362898312687,0));
#9113=DIRECTION('',(0.3232528956909227,0.9463126150630317,0));
#9114=FACE_SURFACE('',(#9119),#9115,.T.);
#9115=PLANE('',#9116);
#9116=AXIS2_PLACEMENT_3D('',#676,#9117,#9118);
#9117=DIRECTION('',(0,0,-1));
#9118=DIRECTION('',(0.8976694204044962,-0.44066950390361254,0));
#9119=FACE_BOUND('',#9120,.T.);
#9120=EDGE_LOOP('',(#9121,#9122,#9123));
#9121=ORIENTED_EDGE('',*,*,#9124,.T.);
#9122=ORIENTED_EDGE('',*,*,#9125,.T.);
#9123=ORIENTED_EDGE('',*,*,#9126,.T.);
#9124=EDGE_CURVE('',#677,#699,#9127,.F.);
#9125=EDGE_CURVE('',#699,#697,#9128,.T.);
#9126=EDGE_CURVE('',#697,#677,#9129,.T.);
#9127=LINE('',#676,#9130);
#9128=LINE('',#698,#9131);
#9129=LINE('',#696,#9132);
#9130=VECTOR('',#9133,1.0);
#9131=VECTOR('',#9134,1.0);
#9132=VECTOR('',#9135,1.0);
#9133=DIRECTION('',(0.8976694204044962,-0.44066950390361254,0));
#9134=DIRECTION('',(-0.9238156689361431,-0.3828375763010554,0));
#9135=DIRECTION('',(-0.35949891792415717,0.9331455020581517,0));
#9136=FACE_SURFACE('',(#9141),#9137,.T.);
#9137=PLANE('',#9138);
#9138=AXIS2_PLACEMENT_3D('',#702,#9139,#9140);
#9139=DIRECTION('',(0,0,-1));
#9140=DIRECTION('',(-0.9637957965324885,0.2666414494903331,0));
#9141=FACE_BOUND('',#9142,.T.);
#9142=EDGE_LOOP('',(#9143,#9144,#9145));
#9143=ORIENTED_EDGE('',*,*,#9146,.T.);
#9144=ORIENTED_EDGE('',*,*,#9147,.T.);
#9145=ORIENTED_EDGE('',*,*,#9148,.T.);
#9146=EDGE_CURVE('',#703,#705,#9149,.F.);
#9147=EDGE_CURVE('',#705,#707,#9150,.T.);
#9148=EDGE_CURVE('',#707,#703,#9151,.T.);
#9149=LINE('',#702,#9152);
#9150=LINE('',#704,#9153);
#9151=LINE('',#706,#9154);
#9152=VECTOR('',#9155,1.0);
#9153=VECTOR('',#9156,1.0);
#9154=VECTOR('',#9157,1.0);
#9155=DIRECTION('',(-0.9637957965324885,0.2666414494903331,0));
#9156=DIRECTION('',(0.785091644899916,0.6193796163164753,0));
#9157=DIRECTION('',(0.0923207384289841,-0.9957293212795971,0));
#9158=FACE_SURFACE('',(#9163),#9159,.T.);
#9159=PLANE('',#9160);
#9160=AXIS2_PLACEMENT_3D('',#708,#9161,#9162);
#9161=DIRECTION('',(0,0,-1));
#9162=DIRECTION('',(0.9793467372543964,0.2021879527300489,0));
#9163=FACE_BOUND('',#9164,.T.);
#9164=EDGE_LOOP('',(#9165,#9166,#9167));
#9165=ORIENTED_EDGE('',*,*,#9168,.T.);
#9166=ORIENTED_EDGE('',*,*,#9169,.T.);
#9167=ORIENTED_EDGE('',*,*,#9170,.T.);
#9168=EDGE_CURVE('',#709,#707,#9171,.F.);
#9169=EDGE_CURVE('',#707,#705,#9172,.T.);
#9170=EDGE_CURVE('',#705,#709,#9173,.T.);
#9171=LINE('',#708,#9174);
#9172=LINE('',#706,#9175);
#9173=LINE('',#704,#9176);
#9174=VECTOR('',#9177,1.0);
#9175=VECTOR('',#9178,1.0);
#9176=VECTOR('',#9179,1.0);
#9177=DIRECTION('',(0.9793467372543964,0.2021879527300489,0));
#9178=DIRECTION('',(-0.785091644899916,-0.6193796163164753,0));
#9179=DIRECTION('',(-0.949496092136649,0.31377885686775026,0));
#9180=FACE_SURFACE('',(#9185),#9181,.T.);
#9181=PLANE('',#9182);
#9182=AXIS2_PLACEMENT_3D('',#710,#9183,#9184);
#9183=DIRECTION('',(0,0,-1));
#9184=DIRECTION('',(-0.9142025963603347,0.4052574648393572,0));
#9185=FACE_BOUND('',#9186,.T.);
#9186=EDGE_LOOP('',(#9187,#9188,#9189));
#9187=ORIENTED_EDGE('',*,*,#9190,.T.);
#9188=ORIENTED_EDGE('',*,*,#9191,.T.);
#9189=ORIENTED_EDGE('',*,*,#9192,.T.);
#9190=EDGE_CURVE('',#711,#713,#9193,.F.);
#9191=EDGE_CURVE('',#713,#715,#9194,.T.);
#9192=EDGE_CURVE('',#715,#711,#9195,.T.);
#9193=LINE('',#710,#9196);
#9194=LINE('',#712,#9197);
#9195=LINE('',#714,#9198);
#9196=VECTOR('',#9199,1.0);
#9197=VECTOR('',#9200,1.0);
#9198=VECTOR('',#9201,1.0);
#9199=DIRECTION('',(-0.9142025963603347,0.4052574648393572,0));
#9200=DIRECTION('',(0.9463130018805703,0.32325176329261307,0));
#9201=DIRECTION('',(-0.38283892664631963,-0.9238151093396849,0));
#9202=FACE_SURFACE('',(#9207),#9203,.T.);
#9203=PLANE('',#9204);
#9204=AXIS2_PLACEMENT_3D('',#716,#9205,#9206);
#9205=DIRECTION('',(0,0,-1));
#9206=DIRECTION('',(0.8968664779528267,-0.44230139127578105,0));
#9207=FACE_BOUND('',#9208,.T.);
#9208=EDGE_LOOP('',(#9209,#9210,#9211));
#9209=ORIENTED_EDGE('',*,*,#9212,.T.);
#9210=ORIENTED_EDGE('',*,*,#9213,.T.);
#9211=ORIENTED_EDGE('',*,*,#9214,.T.);
#9212=EDGE_CURVE('',#717,#715,#9215,.F.);
#9213=EDGE_CURVE('',#715,#713,#9216,.T.);
#9214=EDGE_CURVE('',#713,#717,#9217,.T.);
#9215=LINE('',#716,#9218);
#9216=LINE('',#714,#9219);
#9217=LINE('',#712,#9220);
#9218=VECTOR('',#9221,1.0);
#9219=VECTOR('',#9222,1.0);
#9220=VECTOR('',#9223,1.0);
#9221=DIRECTION('',(0.8968664779528267,-0.44230139127578105,0));
#9222=DIRECTION('',(-0.9463130018805703,-0.32325176329261307,0));
#9223=DIRECTION('',(-0.5493622511716132,0.8355842967574592,0));
#9224=FACE_SURFACE('',(#9229),#9225,.T.);
#9225=PLANE('',#9226);
#9226=AXIS2_PLACEMENT_3D('',#708,#9227,#9228);
#9227=DIRECTION('',(0,0,-1));
#9228=DIRECTION('',(-0.9331461717067608,0.3594971797233134,0));
#9229=FACE_BOUND('',#9230,.T.);
#9230=EDGE_LOOP('',(#9231,#9232,#9233));
#9231=ORIENTED_EDGE('',*,*,#9234,.T.);
#9232=ORIENTED_EDGE('',*,*,#9235,.T.);
#9233=ORIENTED_EDGE('',*,*,#9236,.T.);
#9234=EDGE_CURVE('',#709,#711,#9237,.F.);
#9235=EDGE_CURVE('',#711,#715,#9238,.T.);
#9236=EDGE_CURVE('',#715,#709,#9239,.T.);
#9237=LINE('',#708,#9240);
#9238=LINE('',#710,#9241);
#9239=LINE('',#714,#9242);
#9240=VECTOR('',#9243,1.0);
#9241=VECTOR('',#9244,1.0);
#9242=VECTOR('',#9245,1.0);
#9243=DIRECTION('',(-0.9331461717067608,0.3594971797233134,0));
#9244=DIRECTION('',(0.38283892664631963,0.9238151093396849,0));
#9245=DIRECTION('',(0.44067366573398536,-0.8976673773333704,0));
#9246=FACE_SURFACE('',(#9251),#9247,.T.);
#9247=PLANE('',#9248);
#9248=AXIS2_PLACEMENT_3D('',#706,#9249,#9250);
#9249=DIRECTION('',(-0,0,-1));
#9250=DIRECTION('',(-0.9793467372543964,-0.2021879527300489,0));
#9251=FACE_BOUND('',#9252,.T.);
#9252=EDGE_LOOP('',(#9253,#9254,#9255));
#9253=ORIENTED_EDGE('',*,*,#9256,.T.);
#9254=ORIENTED_EDGE('',*,*,#9257,.T.);
#9255=ORIENTED_EDGE('',*,*,#9258,.T.);
#9256=EDGE_CURVE('',#707,#709,#9259,.F.);
#9257=EDGE_CURVE('',#709,#715,#9260,.T.);
#9258=EDGE_CURVE('',#715,#707,#9261,.T.);
#9259=LINE('',#706,#9262);
#9260=LINE('',#708,#9263);
#9261=LINE('',#714,#9264);
#9262=VECTOR('',#9265,1.0);
#9263=VECTOR('',#9266,1.0);
#9264=VECTOR('',#9267,1.0);
#9265=DIRECTION('',(-0.9793467372543964,-0.2021879527300489,0));
#9266=DIRECTION('',(-0.44067366573398536,0.8976673773333704,0));
#9267=DIRECTION('',(0.9469266009128804,-0.32144985998375936,0));
#9268=FACE_SURFACE('',(#9273),#9269,.T.);
#9269=PLANE('',#9270);
#9270=AXIS2_PLACEMENT_3D('',#712,#9271,#9272);
#9271=DIRECTION('',(0,0,-1));
#9272=DIRECTION('',(-0.8930672746227608,0.4499231523247879,0));
#9273=FACE_BOUND('',#9274,.T.);
#9274=EDGE_LOOP('',(#9275,#9276,#9277));
#9275=ORIENTED_EDGE('',*,*,#9278,.T.);
#9276=ORIENTED_EDGE('',*,*,#9279,.T.);
#9277=ORIENTED_EDGE('',*,*,#9280,.T.);
#9278=EDGE_CURVE('',#713,#719,#9281,.F.);
#9279=EDGE_CURVE('',#719,#717,#9282,.T.);
#9280=EDGE_CURVE('',#717,#713,#9283,.T.);
#9281=LINE('',#712,#9284);
#9282=LINE('',#718,#9285);
#9283=LINE('',#716,#9286);
#9284=VECTOR('',#9287,1.0);
#9285=VECTOR('',#9288,1.0);
#9286=VECTOR('',#9289,1.0);
#9287=DIRECTION('',(-0.8930672746227608,0.4499231523247879,0));
#9288=DIRECTION('',(-0.11698158334159243,0.9931340841794193,0));
#9289=DIRECTION('',(0.5493622511716132,-0.8355842967574592,0));
#9290=FACE_SURFACE('',(#9295),#9291,.T.);
#9291=PLANE('',#9292);
#9292=AXIS2_PLACEMENT_3D('',#718,#9293,#9294);
#9293=DIRECTION('',(0,0,-1));
#9294=DIRECTION('',(-0.8702423812558746,0.49262378938303925,0));
#9295=FACE_BOUND('',#9296,.T.);
#9296=EDGE_LOOP('',(#9297,#9298,#9299));
#9297=ORIENTED_EDGE('',*,*,#9300,.T.);
#9298=ORIENTED_EDGE('',*,*,#9301,.T.);
#9299=ORIENTED_EDGE('',*,*,#9302,.T.);
#9300=EDGE_CURVE('',#719,#721,#9303,.F.);
#9301=EDGE_CURVE('',#721,#717,#9304,.T.);
#9302=EDGE_CURVE('',#717,#719,#9305,.T.);
#9303=LINE('',#718,#9306);
#9304=LINE('',#720,#9307);
#9305=LINE('',#716,#9308);
#9306=VECTOR('',#9309,1.0);
#9307=VECTOR('',#9310,1.0);
#9308=VECTOR('',#9311,1.0);
#9309=DIRECTION('',(-0.8702423812558746,0.49262378938303925,0));
#9310=DIRECTION('',(0.7692982238948879,0.6388898517836786,0));
#9311=DIRECTION('',(0.11698158334159243,-0.9931340841794193,0));
#9312=FACE_SURFACE('',(#9317),#9313,.T.);
#9313=PLANE('',#9314);
#9314=AXIS2_PLACEMENT_3D('',#720,#9315,#9316);
#9315=DIRECTION('',(0,0,-1));
#9316=DIRECTION('',(-0.8447768924282859,0.5351186803123286,0));
#9317=FACE_BOUND('',#9318,.T.);
#9318=EDGE_LOOP('',(#9319,#9320,#9321));
#9319=ORIENTED_EDGE('',*,*,#9322,.T.);
#9320=ORIENTED_EDGE('',*,*,#9323,.T.);
#9321=ORIENTED_EDGE('',*,*,#9324,.T.);
#9322=EDGE_CURVE('',#721,#723,#9325,.F.);
#9323=EDGE_CURVE('',#723,#717,#9326,.T.);
#9324=EDGE_CURVE('',#717,#721,#9327,.T.);
#9325=LINE('',#720,#9328);
#9326=LINE('',#722,#9329);
#9327=LINE('',#716,#9330);
#9328=VECTOR('',#9331,1.0);
#9329=VECTOR('',#9332,1.0);
#9330=VECTOR('',#9333,1.0);
#9331=DIRECTION('',(-0.8447768924282859,0.5351186803123286,0));
#9332=DIRECTION('',(0.9987522954439063,0.04993848561508685,0));
#9333=DIRECTION('',(-0.7692982238948879,-0.6388898517836786,0));
#9334=FACE_SURFACE('',(#9339),#9335,.T.);
#9335=PLANE('',#9336);
#9336=AXIS2_PLACEMENT_3D('',#724,#9337,#9338);
#9337=DIRECTION('',(0,0,-1));
#9338=DIRECTION('',(0.8314755903984836,-0.5555612860625667,0));
#9339=FACE_BOUND('',#9340,.T.);
#9340=EDGE_LOOP('',(#9341,#9342,#9343));
#9341=ORIENTED_EDGE('',*,*,#9344,.T.);
#9342=ORIENTED_EDGE('',*,*,#9345,.T.);
#9343=ORIENTED_EDGE('',*,*,#9346,.T.);
#9344=EDGE_CURVE('',#725,#717,#9347,.F.);
#9345=EDGE_CURVE('',#717,#723,#9348,.T.);
#9346=EDGE_CURVE('',#723,#725,#9349,.T.);
#9347=LINE('',#724,#9350);
#9348=LINE('',#716,#9351);
#9349=LINE('',#722,#9352);
#9350=VECTOR('',#9353,1.0);
#9351=VECTOR('',#9354,1.0);
#9352=VECTOR('',#9355,1.0);
#9353=DIRECTION('',(0.8314755903984836,-0.5555612860625667,0));
#9354=DIRECTION('',(-0.9987522954439063,-0.04993848561508685,0));
#9355=DIRECTION('',(-0.33593880691633954,0.9418838134332845,0));
#9356=FACE_SURFACE('',(#9361),#9357,.T.);
#9357=PLANE('',#9358);
#9358=AXIS2_PLACEMENT_3D('',#724,#9359,#9360);
#9359=DIRECTION('',(0,-0,-1));
#9360=DIRECTION('',(0.33593880691633954,-0.9418838134332845,0));
#9361=FACE_BOUND('',#9362,.T.);
#9362=EDGE_LOOP('',(#9363,#9364,#9365));
#9363=ORIENTED_EDGE('',*,*,#9366,.T.);
#9364=ORIENTED_EDGE('',*,*,#9367,.T.);
#9365=ORIENTED_EDGE('',*,*,#9368,.T.);
#9366=EDGE_CURVE('',#725,#723,#9369,.F.);
#9367=EDGE_CURVE('',#723,#727,#9370,.T.);
#9368=EDGE_CURVE('',#727,#725,#9371,.T.);
#9369=LINE('',#724,#9372);
#9370=LINE('',#722,#9373);
#9371=LINE('',#726,#9374);
#9372=VECTOR('',#9375,1.0);
#9373=VECTOR('',#9376,1.0);
#9374=VECTOR('',#9377,1.0);
#9375=DIRECTION('',(0.33593880691633954,-0.9418838134332845,0));
#9376=DIRECTION('',(-0.8174187996717579,0.5760438402961902,0));
#9377=DIRECTION('',(0.29580584726166187,0.9552480833405584,0));
#9378=FACE_SURFACE('',(#9383),#9379,.T.);
#9379=PLANE('',#9380);
#9380=AXIS2_PLACEMENT_3D('',#724,#9381,#9382);
#9381=DIRECTION('',(0,0,-1));
#9382=DIRECTION('',(-0.29580584726166187,-0.9552480833405584,0));
#9383=FACE_BOUND('',#9384,.T.);
#9384=EDGE_LOOP('',(#9385,#9386,#9387));
#9385=ORIENTED_EDGE('',*,*,#9388,.T.);
#9386=ORIENTED_EDGE('',*,*,#9389,.T.);
#9387=ORIENTED_EDGE('',*,*,#9390,.T.);
#9388=EDGE_CURVE('',#725,#727,#9391,.F.);
#9389=EDGE_CURVE('',#727,#729,#9392,.T.);
#9390=EDGE_CURVE('',#729,#725,#9393,.T.);
#9391=LINE('',#724,#9394);
#9392=LINE('',#726,#9395);
#9393=LINE('',#728,#9396);
#9394=VECTOR('',#9397,1.0);
#9395=VECTOR('',#9398,1.0);
#9396=VECTOR('',#9399,1.0);
#9397=DIRECTION('',(-0.29580584726166187,-0.9552480833405584,0));
#9398=DIRECTION('',(-0.7884511435510256,0.6150973859748388,0));
#9399=DIRECTION('',(0.9623918215836862,0.2716652015787712,0));
#9400=FACE_SURFACE('',(#9405),#9401,.T.);
#9401=PLANE('',#9402);
#9402=AXIS2_PLACEMENT_3D('',#728,#9403,#9404);
#9403=DIRECTION('',(0,0,-1));
#9404=DIRECTION('',(-0.7572707894162061,0.6531010270218202,0));
#9405=FACE_BOUND('',#9406,.T.);
#9406=EDGE_LOOP('',(#9407,#9408,#9409));
#9407=ORIENTED_EDGE('',*,*,#9410,.T.);
#9408=ORIENTED_EDGE('',*,*,#9411,.T.);
#9409=ORIENTED_EDGE('',*,*,#9412,.T.);
#9410=EDGE_CURVE('',#729,#731,#9413,.F.);
#9411=EDGE_CURVE('',#731,#725,#9414,.T.);
#9412=EDGE_CURVE('',#725,#729,#9415,.T.);
#9413=LINE('',#728,#9416);
#9414=LINE('',#730,#9417);
#9415=LINE('',#724,#9418);
#9416=VECTOR('',#9419,1.0);
#9417=VECTOR('',#9420,1.0);
#9418=VECTOR('',#9421,1.0);
#9419=DIRECTION('',(-0.7572707894162061,0.6531010270218202,0));
#9420=DIRECTION('',(0.9822002724824646,-0.18783669698802805,0));
#9421=DIRECTION('',(-0.9623918215836862,-0.2716652015787712,0));
#9422=FACE_SURFACE('',(#9427),#9423,.T.);
#9423=PLANE('',#9424);
#9424=AXIS2_PLACEMENT_3D('',#732,#9425,#9426);
#9425=DIRECTION('',(0,0,-1));
#9426=DIRECTION('',(0.7518163569599541,-0.6593725543328769,0));
#9427=FACE_BOUND('',#9428,.T.);
#9428=EDGE_LOOP('',(#9429,#9430,#9431));
#9429=ORIENTED_EDGE('',*,*,#9432,.T.);
#9430=ORIENTED_EDGE('',*,*,#9433,.T.);
#9431=ORIENTED_EDGE('',*,*,#9434,.T.);
#9432=EDGE_CURVE('',#733,#725,#9435,.F.);
#9433=EDGE_CURVE('',#725,#731,#9436,.T.);
#9434=EDGE_CURVE('',#731,#733,#9437,.T.);
#9435=LINE('',#732,#9438);
#9436=LINE('',#724,#9439);
#9437=LINE('',#730,#9440);
#9438=VECTOR('',#9441,1.0);
#9439=VECTOR('',#9442,1.0);
#9440=VECTOR('',#9443,1.0);
#9441=DIRECTION('',(0.7518163569599541,-0.6593725543328769,0));
#9442=DIRECTION('',(-0.9822002724824646,0.18783669698802805,0));
#9443=DIRECTION('',(-0.06356329345383432,0.9979778092349056,0));
#9444=FACE_SURFACE('',(#9449),#9445,.T.);
#9445=PLANE('',#9446);
#9446=AXIS2_PLACEMENT_3D('',#734,#9447,#9448);
#9447=DIRECTION('',(0,0,-1));
#9448=DIRECTION('',(0.7071067811865476,0.7071067811865476,0));
#9449=FACE_BOUND('',#9450,.T.);
#9450=EDGE_LOOP('',(#9451,#9452,#9453));
#9451=ORIENTED_EDGE('',*,*,#9454,.T.);
#9452=ORIENTED_EDGE('',*,*,#9455,.T.);
#9453=ORIENTED_EDGE('',*,*,#9456,.T.);
#9454=EDGE_CURVE('',#735,#733,#9457,.F.);
#9455=EDGE_CURVE('',#733,#731,#9458,.T.);
#9456=EDGE_CURVE('',#731,#735,#9459,.T.);
#9457=LINE('',#734,#9460);
#9458=LINE('',#732,#9461);
#9459=LINE('',#730,#9462);
#9460=VECTOR('',#9463,1.0);
#9461=VECTOR('',#9464,1.0);
#9462=VECTOR('',#9465,1.0);
#9463=DIRECTION('',(0.7071067811865476,0.7071067811865476,0));
#9464=DIRECTION('',(0.06356329345383432,-0.9979778092349056,0));
#9465=DIRECTION('',(-0.7243241894253772,0.6894595482066154,0));
#9466=FACE_SURFACE('',(#9471),#9467,.T.);
#9467=PLANE('',#9468);
#9468=AXIS2_PLACEMENT_3D('',#736,#9469,#9470);
#9469=DIRECTION('',(0,0,-1));
#9470=DIRECTION('',(0.6593722181491761,-0.7518166518061671,0));
#9471=FACE_BOUND('',#9472,.T.);
#9472=EDGE_LOOP('',(#9473,#9474,#9475));
#9473=ORIENTED_EDGE('',*,*,#9476,.T.);
#9474=ORIENTED_EDGE('',*,*,#9477,.T.);
#9475=ORIENTED_EDGE('',*,*,#9478,.T.);
#9476=EDGE_CURVE('',#737,#733,#9479,.F.);
#9477=EDGE_CURVE('',#733,#739,#9480,.T.);
#9478=EDGE_CURVE('',#739,#737,#9481,.T.);
#9479=LINE('',#736,#9482);
#9480=LINE('',#732,#9483);
#9481=LINE('',#738,#9484);
#9482=VECTOR('',#9485,1.0);
#9483=VECTOR('',#9486,1.0);
#9484=VECTOR('',#9487,1.0);
#9485=DIRECTION('',(0.6593722181491761,-0.7518166518061671,0));
#9486=DIRECTION('',(-0.9979778810096894,0.0635621665411925,0));
#9487=DIRECTION('',(-0.18783814346726305,0.982199995855616,0));
#9488=FACE_SURFACE('',(#9493),#9489,.T.);
#9489=PLANE('',#9490);
#9490=AXIS2_PLACEMENT_3D('',#734,#9491,#9492);
#9491=DIRECTION('',(0,0,-1));
#9492=DIRECTION('',(-0.6894585985752734,0.7243250933459507,0));
#9493=FACE_BOUND('',#9494,.T.);
#9494=EDGE_LOOP('',(#9495,#9496,#9497));
#9495=ORIENTED_EDGE('',*,*,#9498,.T.);
#9496=ORIENTED_EDGE('',*,*,#9499,.T.);
#9497=ORIENTED_EDGE('',*,*,#9500,.T.);
#9498=EDGE_CURVE('',#735,#739,#9501,.F.);
#9499=EDGE_CURVE('',#739,#733,#9502,.T.);
#9500=EDGE_CURVE('',#733,#735,#9503,.T.);
#9501=LINE('',#734,#9504);
#9502=LINE('',#738,#9505);
#9503=LINE('',#732,#9506);
#9504=VECTOR('',#9507,1.0);
#9505=VECTOR('',#9508,1.0);
#9506=VECTOR('',#9509,1.0);
#9507=DIRECTION('',(-0.6894585985752734,0.7243250933459507,0));
#9508=DIRECTION('',(0.9979778810096894,-0.0635621665411925,0));
#9509=DIRECTION('',(-0.7071067811865476,-0.7071067811865476,0));
#9510=FACE_SURFACE('',(#9515),#9511,.T.);
#9511=PLANE('',#9512);
#9512=AXIS2_PLACEMENT_3D('',#738,#9513,#9514);
#9513=DIRECTION('',(0,0,-1));
#9514=DIRECTION('',(-0.6531018815112768,0.7572700524690186,0));
#9515=FACE_BOUND('',#9516,.T.);
#9516=EDGE_LOOP('',(#9517,#9518,#9519));
#9517=ORIENTED_EDGE('',*,*,#9520,.T.);
#9518=ORIENTED_EDGE('',*,*,#9521,.T.);
#9519=ORIENTED_EDGE('',*,*,#9522,.T.);
#9520=EDGE_CURVE('',#739,#741,#9523,.F.);
#9521=EDGE_CURVE('',#741,#737,#9524,.T.);
#9522=EDGE_CURVE('',#737,#739,#9525,.T.);
#9523=LINE('',#738,#9526);
#9524=LINE('',#740,#9527);
#9525=LINE('',#736,#9528);
#9526=VECTOR('',#9529,1.0);
#9527=VECTOR('',#9530,1.0);
#9528=VECTOR('',#9531,1.0);
#9529=DIRECTION('',(-0.6531018815112768,0.7572700524690186,0));
#9530=DIRECTION('',(0.27166111716219216,0.9623929745286951,0));
#9531=DIRECTION('',(0.18783814346726305,-0.982199995855616,0));
#9532=FACE_SURFACE('',(#9537),#9533,.T.);
#9533=PLANE('',#9534);
#9534=AXIS2_PLACEMENT_3D('',#740,#9535,#9536);
#9535=DIRECTION('',(0,0,-1));
#9536=DIRECTION('',(-0.615097621964792,0.7884509594472301,0));
#9537=FACE_BOUND('',#9538,.T.);
#9538=EDGE_LOOP('',(#9539,#9540,#9541));
#9539=ORIENTED_EDGE('',*,*,#9542,.T.);
#9540=ORIENTED_EDGE('',*,*,#9543,.T.);
#9541=ORIENTED_EDGE('',*,*,#9544,.T.);
#9542=EDGE_CURVE('',#741,#743,#9545,.F.);
#9543=EDGE_CURVE('',#743,#737,#9546,.T.);
#9544=EDGE_CURVE('',#737,#741,#9547,.T.);
#9545=LINE('',#740,#9548);
#9546=LINE('',#742,#9549);
#9547=LINE('',#736,#9550);
#9548=VECTOR('',#9551,1.0);
#9549=VECTOR('',#9552,1.0);
#9550=VECTOR('',#9553,1.0);
#9551=DIRECTION('',(-0.615097621964792,0.7884509594472301,0));
#9552=DIRECTION('',(0.9552469106508652,0.2958096342108859,0));
#9553=DIRECTION('',(-0.27166111716219216,-0.9623929745286951,0));
#9554=FACE_SURFACE('',(#9559),#9555,.T.);
#9555=PLANE('',#9556);
#9556=AXIS2_PLACEMENT_3D('',#742,#9557,#9558);
#9557=DIRECTION('',(0,0,-1));
#9558=DIRECTION('',(-0.5760454671873397,0.817417653181603,0));
#9559=FACE_BOUND('',#9560,.T.);
#9560=EDGE_LOOP('',(#9561,#9562,#9563));
#9561=ORIENTED_EDGE('',*,*,#9564,.T.);
#9562=ORIENTED_EDGE('',*,*,#9565,.T.);
#9563=ORIENTED_EDGE('',*,*,#9566,.T.);
#9564=EDGE_CURVE('',#743,#745,#9567,.F.);
#9565=EDGE_CURVE('',#745,#737,#9568,.T.);
#9566=EDGE_CURVE('',#737,#743,#9569,.T.);
#9567=LINE('',#742,#9570);
#9568=LINE('',#744,#9571);
#9569=LINE('',#736,#9572);
#9570=VECTOR('',#9573,1.0);
#9571=VECTOR('',#9574,1.0);
#9572=VECTOR('',#9575,1.0);
#9573=DIRECTION('',(-0.5760454671873397,0.817417653181603,0));
#9574=DIRECTION('',(0.9418850685908872,-0.33593528776468207,0));
#9575=DIRECTION('',(-0.9552469106508652,-0.2958096342108859,0));
#9576=FACE_SURFACE('',(#9581),#9577,.T.);
#9577=PLANE('',#9578);
#9578=AXIS2_PLACEMENT_3D('',#700,#9579,#9580);
#9579=DIRECTION('',(0,-0,-1));
#9580=DIRECTION('',(0.5555620703002672,-0.8314750663992763,0));
#9581=FACE_BOUND('',#9582,.T.);
#9582=EDGE_LOOP('',(#9583,#9584,#9585));
#9583=ORIENTED_EDGE('',*,*,#9586,.T.);
#9584=ORIENTED_EDGE('',*,*,#9587,.T.);
#9585=ORIENTED_EDGE('',*,*,#9588,.T.);
#9586=EDGE_CURVE('',#701,#737,#9589,.F.);
#9587=EDGE_CURVE('',#737,#745,#9590,.T.);
#9588=EDGE_CURVE('',#745,#701,#9591,.T.);
#9589=LINE('',#700,#9592);
#9590=LINE('',#736,#9593);
#9591=LINE('',#744,#9594);
#9592=VECTOR('',#9595,1.0);
#9593=VECTOR('',#9596,1.0);
#9594=VECTOR('',#9597,1.0);
#9595=DIRECTION('',(0.5555620703002672,-0.8314750663992763,0));
#9596=DIRECTION('',(-0.9418850685908872,0.33593528776468207,0));
#9597=DIRECTION('',(0.04993848561508685,0.9987522954439063,0));
#9598=FACE_SURFACE('',(#9603),#9599,.T.);
#9599=PLANE('',#9600);
#9600=AXIS2_PLACEMENT_3D('',#700,#9601,#9602);
#9601=DIRECTION('',(0,0,-1));
#9602=DIRECTION('',(-0.04993848561508685,-0.9987522954439063,0));
#9603=FACE_BOUND('',#9604,.T.);
#9604=EDGE_LOOP('',(#9605,#9606,#9607));
#9605=ORIENTED_EDGE('',*,*,#9608,.T.);
#9606=ORIENTED_EDGE('',*,*,#9609,.T.);
#9607=ORIENTED_EDGE('',*,*,#9610,.T.);
#9608=EDGE_CURVE('',#701,#745,#9611,.F.);
#9609=EDGE_CURVE('',#745,#747,#9612,.T.);
#9610=EDGE_CURVE('',#747,#701,#9613,.T.);
#9611=LINE('',#700,#9614);
#9612=LINE('',#744,#9615);
#9613=LINE('',#746,#9616);
#9614=VECTOR('',#9617,1.0);
#9615=VECTOR('',#9618,1.0);
#9616=VECTOR('',#9619,1.0);
#9617=DIRECTION('',(-0.04993848561508685,-0.9987522954439063,0));
#9618=DIRECTION('',(-0.5351163382304448,0.8447783760009723,0));
#9619=DIRECTION('',(0.638892499955801,0.7692960246226592,0));
#9620=FACE_SURFACE('',(#9625),#9621,.T.);
#9621=PLANE('',#9622);
#9622=AXIS2_PLACEMENT_3D('',#700,#9623,#9624);
#9623=DIRECTION('',(-0,0,-1));
#9624=DIRECTION('',(-0.638892499955801,-0.7692960246226592,0));
#9625=FACE_BOUND('',#9626,.T.);
#9626=EDGE_LOOP('',(#9627,#9628,#9629));
#9627=ORIENTED_EDGE('',*,*,#9630,.T.);
#9628=ORIENTED_EDGE('',*,*,#9631,.T.);
#9629=ORIENTED_EDGE('',*,*,#9632,.T.);
#9630=EDGE_CURVE('',#701,#747,#9633,.F.);
#9631=EDGE_CURVE('',#747,#749,#9634,.T.);
#9632=EDGE_CURVE('',#749,#701,#9635,.T.);
#9633=LINE('',#700,#9636);
#9634=LINE('',#746,#9637);
#9635=LINE('',#748,#9638);
#9636=VECTOR('',#9639,1.0);
#9637=VECTOR('',#9640,1.0);
#9638=VECTOR('',#9641,1.0);
#9639=DIRECTION('',(-0.638892499955801,-0.7692960246226592,0));
#9640=DIRECTION('',(-0.4926211732540667,0.8702438621798988,0));
#9641=DIRECTION('',(0.9931335017065641,-0.11698652823320299,0));
#9642=FACE_SURFACE('',(#9647),#9643,.T.);
#9643=PLANE('',#9644);
#9644=AXIS2_PLACEMENT_3D('',#748,#9645,#9646);
#9645=DIRECTION('',(0,0,-1));
#9646=DIRECTION('',(-0.44992729427150396,0.8930651879171663,0));
#9647=FACE_BOUND('',#9648,.T.);
#9648=EDGE_LOOP('',(#9649,#9650,#9651));
#9649=ORIENTED_EDGE('',*,*,#9652,.T.);
#9650=ORIENTED_EDGE('',*,*,#9653,.T.);
#9651=ORIENTED_EDGE('',*,*,#9654,.T.);
#9652=EDGE_CURVE('',#749,#695,#9655,.F.);
#9653=EDGE_CURVE('',#695,#701,#9656,.T.);
#9654=EDGE_CURVE('',#701,#749,#9657,.T.);
#9655=LINE('',#748,#9658);
#9656=LINE('',#694,#9659);
#9657=LINE('',#700,#9660);
#9658=VECTOR('',#9661,1.0);
#9659=VECTOR('',#9662,1.0);
#9660=VECTOR('',#9663,1.0);
#9661=DIRECTION('',(-0.44992729427150396,0.8930651879171663,0));
#9662=DIRECTION('',(0.8355838712885048,-0.549362898312687,0));
#9663=DIRECTION('',(-0.9931335017065641,0.11698652823320299,0));
#9664=FACE_SURFACE('',(#9669),#9665,.T.);
#9665=PLANE('',#9666);
#9666=AXIS2_PLACEMENT_3D('',#750,#9667,#9668);
#9667=DIRECTION('',(-0,0,1));
#9668=DIRECTION('',(0.10947264435541905,-0.9939898088702076,0));
#9669=FACE_BOUND('',#9670,.T.);
#9670=EDGE_LOOP('',(#9671,#9672,#9673));
#9671=ORIENTED_EDGE('',*,*,#9674,.T.);
#9672=ORIENTED_EDGE('',*,*,#9675,.T.);
#9673=ORIENTED_EDGE('',*,*,#9676,.T.);
#9674=EDGE_CURVE('',#751,#251,#9677,.F.);
#9675=EDGE_CURVE('',#251,#753,#9678,.T.);
#9676=EDGE_CURVE('',#753,#751,#9679,.T.);
#9677=LINE('',#750,#9680);
#9678=LINE('',#250,#9681);
#9679=LINE('',#752,#9682);
#9680=VECTOR('',#9683,1.0);
#9681=VECTOR('',#9684,1.0);
#9682=VECTOR('',#9685,1.0);
#9683=DIRECTION('',(0.10947264435541905,-0.9939898088702076,0));
#9684=DIRECTION('',(-0.040786221562552565,0.9991678958666809,0));
#9685=DIRECTION('',(-0.9637975716919421,-0.2666350329583786,0));
#9686=FACE_SURFACE('',(#9691),#9687,.T.);
#9687=PLANE('',#9688);
#9688=AXIS2_PLACEMENT_3D('',#754,#9689,#9690);
#9689=DIRECTION('',(-0,0,1));
#9690=DIRECTION('',(0.31735853973738454,-0.9483056243931884,0));
#9691=FACE_BOUND('',#9692,.T.);
#9692=EDGE_LOOP('',(#9693,#9694,#9695));
#9693=ORIENTED_EDGE('',*,*,#9696,.T.);
#9694=ORIENTED_EDGE('',*,*,#9697,.T.);
#9695=ORIENTED_EDGE('',*,*,#9698,.T.);
#9696=EDGE_CURVE('',#755,#251,#9699,.F.);
#9697=EDGE_CURVE('',#251,#757,#9700,.T.);
#9698=EDGE_CURVE('',#757,#755,#9701,.T.);
#9699=LINE('',#754,#9702);
#9700=LINE('',#250,#9703);
#9701=LINE('',#756,#9704);
#9702=VECTOR('',#9705,1.0);
#9703=VECTOR('',#9706,1.0);
#9704=VECTOR('',#9707,1.0);
#9705=DIRECTION('',(0.31735853973738454,-0.9483056243931884,0));
#9706=DIRECTION('',(-0.24824214710027848,0.9686980109420291,0));
#9707=DIRECTION('',(-0.9142000365880304,-0.40526323926855723,0));
#9708=FACE_SURFACE('',(#9713),#9709,.T.);
#9709=PLANE('',#9710);
#9710=AXIS2_PLACEMENT_3D('',#758,#9711,#9712);
#9711=DIRECTION('',(-0,0,1));
#9712=DIRECTION('',(0.38561378175719946,-0.9226602903121555,0));
#9713=FACE_BOUND('',#9714,.T.);
#9714=EDGE_LOOP('',(#9715,#9716,#9717));
#9715=ORIENTED_EDGE('',*,*,#9718,.T.);
#9716=ORIENTED_EDGE('',*,*,#9719,.T.);
#9717=ORIENTED_EDGE('',*,*,#9720,.T.);
#9718=EDGE_CURVE('',#759,#251,#9721,.F.);
#9719=EDGE_CURVE('',#251,#755,#9722,.T.);
#9720=EDGE_CURVE('',#755,#759,#9723,.T.);
#9721=LINE('',#758,#9724);
#9722=LINE('',#250,#9725);
#9723=LINE('',#754,#9726);
#9724=VECTOR('',#9727,1.0);
#9725=VECTOR('',#9728,1.0);
#9726=VECTOR('',#9729,1.0);
#9727=DIRECTION('',(0.38561378175719946,-0.9226602903121555,0));
#9728=DIRECTION('',(-0.31735853973738454,0.9483056243931884,0));
#9729=DIRECTION('',(-0.8930672746227608,-0.4499231523247879,0));
#9730=FACE_SURFACE('',(#9735),#9731,.T.);
#9731=PLANE('',#9732);
#9732=AXIS2_PLACEMENT_3D('',#760,#9733,#9734);
#9733=DIRECTION('',(-0,0,1));
#9734=DIRECTION('',(0.45240987136711885,-0.8918101301788329,0));
#9735=FACE_BOUND('',#9736,.T.);
#9736=EDGE_LOOP('',(#9737,#9738,#9739));
#9737=ORIENTED_EDGE('',*,*,#9740,.T.);
#9738=ORIENTED_EDGE('',*,*,#9741,.T.);
#9739=ORIENTED_EDGE('',*,*,#9742,.T.);
#9740=EDGE_CURVE('',#761,#251,#9743,.F.);
#9741=EDGE_CURVE('',#251,#759,#9744,.T.);
#9742=EDGE_CURVE('',#759,#761,#9745,.T.);
#9743=LINE('',#760,#9746);
#9744=LINE('',#250,#9747);
#9745=LINE('',#758,#9748);
#9746=VECTOR('',#9749,1.0);
#9747=VECTOR('',#9750,1.0);
#9748=VECTOR('',#9751,1.0);
#9749=DIRECTION('',(0.45240987136711885,-0.8918101301788329,0));
#9750=DIRECTION('',(-0.38561378175719946,0.9226602903121555,0));
#9751=DIRECTION('',(-0.8702394193993532,-0.4926290216009168,0));
#9752=FACE_SURFACE('',(#9757),#9753,.T.);
#9753=PLANE('',#9754);
#9754=AXIS2_PLACEMENT_3D('',#762,#9755,#9756);
#9755=DIRECTION('',(-0,0,1));
#9756=DIRECTION('',(0.5172022308832773,-0.8558632205962358,0));
#9757=FACE_BOUND('',#9758,.T.);
#9758=EDGE_LOOP('',(#9759,#9760,#9761));
#9759=ORIENTED_EDGE('',*,*,#9762,.T.);
#9760=ORIENTED_EDGE('',*,*,#9763,.T.);
#9761=ORIENTED_EDGE('',*,*,#9764,.T.);
#9762=EDGE_CURVE('',#763,#251,#9765,.F.);
#9763=EDGE_CURVE('',#251,#761,#9766,.T.);
#9764=EDGE_CURVE('',#761,#763,#9767,.T.);
#9765=LINE('',#762,#9768);
#9766=LINE('',#250,#9769);
#9767=LINE('',#760,#9770);
#9768=VECTOR('',#9771,1.0);
#9769=VECTOR('',#9772,1.0);
#9770=VECTOR('',#9773,1.0);
#9771=DIRECTION('',(0.5172022308832773,-0.8558632205962358,0));
#9772=DIRECTION('',(-0.45240987136711885,0.8918101301788329,0));
#9773=DIRECTION('',(-0.8447768924282859,-0.5351186803123286,0));
#9774=FACE_SURFACE('',(#9779),#9775,.T.);
#9775=PLANE('',#9776);
#9776=AXIS2_PLACEMENT_3D('',#764,#9777,#9778);
#9777=DIRECTION('',(-0,0,1));
#9778=DIRECTION('',(0.5794100205216219,-0.8150362127655028,0));
#9779=FACE_BOUND('',#9780,.T.);
#9780=EDGE_LOOP('',(#9781,#9782,#9783));
#9781=ORIENTED_EDGE('',*,*,#9784,.T.);
#9782=ORIENTED_EDGE('',*,*,#9785,.T.);
#9783=ORIENTED_EDGE('',*,*,#9786,.T.);
#9784=EDGE_CURVE('',#765,#251,#9787,.F.);
#9785=EDGE_CURVE('',#251,#763,#9788,.T.);
#9786=EDGE_CURVE('',#763,#765,#9789,.T.);
#9787=LINE('',#764,#9790);
#9788=LINE('',#250,#9791);
#9789=LINE('',#762,#9792);
#9790=VECTOR('',#9793,1.0);
#9791=VECTOR('',#9794,1.0);
#9792=VECTOR('',#9795,1.0);
#9793=DIRECTION('',(0.5794100205216219,-0.8150362127655028,0));
#9794=DIRECTION('',(-0.5172022308832773,0.8558632205962358,0));
#9795=DIRECTION('',(-0.8174253072221871,-0.5760346058291228,0));
#9796=FACE_SURFACE('',(#9801),#9797,.T.);
#9797=PLANE('',#9798);
#9798=AXIS2_PLACEMENT_3D('',#766,#9799,#9800);
#9799=DIRECTION('',(-0,0,1));
#9800=DIRECTION('',(0.6385584051834757,-0.7695733643841476,0));
#9801=FACE_BOUND('',#9802,.T.);
#9802=EDGE_LOOP('',(#9803,#9804,#9805));
#9803=ORIENTED_EDGE('',*,*,#9806,.T.);
#9804=ORIENTED_EDGE('',*,*,#9807,.T.);
#9805=ORIENTED_EDGE('',*,*,#9808,.T.);
#9806=EDGE_CURVE('',#767,#251,#9809,.F.);
#9807=EDGE_CURVE('',#251,#765,#9810,.T.);
#9808=EDGE_CURVE('',#765,#767,#9811,.T.);
#9809=LINE('',#766,#9812);
#9810=LINE('',#250,#9813);
#9811=LINE('',#764,#9814);
#9812=VECTOR('',#9815,1.0);
#9813=VECTOR('',#9816,1.0);
#9814=VECTOR('',#9817,1.0);
#9815=DIRECTION('',(0.6385584051834757,-0.7695733643841476,0));
#9816=DIRECTION('',(-0.5794100205216219,0.8150362127655028,0));
#9817=DIRECTION('',(-0.7884477941673365,-0.6151016792959206,0));
#9818=FACE_SURFACE('',(#9823),#9819,.T.);
#9819=PLANE('',#9820);
#9820=AXIS2_PLACEMENT_3D('',#766,#9821,#9822);
#9821=DIRECTION('',(0,0,1));
#9822=DIRECTION('',(-0.7572673714662449,-0.6531049901146098,0));
#9823=FACE_BOUND('',#9824,.T.);
#9824=EDGE_LOOP('',(#9825,#9826,#9827));
#9825=ORIENTED_EDGE('',*,*,#9828,.T.);
#9826=ORIENTED_EDGE('',*,*,#9829,.T.);
#9827=ORIENTED_EDGE('',*,*,#9830,.T.);
#9828=EDGE_CURVE('',#767,#769,#9831,.F.);
#9829=EDGE_CURVE('',#769,#251,#9832,.T.);
#9830=EDGE_CURVE('',#251,#767,#9833,.T.);
#9831=LINE('',#766,#9834);
#9832=LINE('',#768,#9835);
#9833=LINE('',#250,#9836);
#9834=VECTOR('',#9837,1.0);
#9835=VECTOR('',#9838,1.0);
#9836=VECTOR('',#9839,1.0);
#9837=DIRECTION('',(-0.7572673714662449,-0.6531049901146098,0));
#9838=DIRECTION('',(0.694087774215569,-0.7198903817141032,0));
#9839=DIRECTION('',(-0.6385584051834757,0.7695733643841476,0));
#9840=FACE_SURFACE('',(#9845),#9841,.T.);
#9841=PLANE('',#9842);
#9842=AXIS2_PLACEMENT_3D('',#770,#9843,#9844);
#9843=DIRECTION('',(0,0,1));
#9844=DIRECTION('',(-0.9331508068337213,-0.3594851481015242,0));
#9845=FACE_BOUND('',#9846,.T.);
#9846=EDGE_LOOP('',(#9847,#9848,#9849));
#9847=ORIENTED_EDGE('',*,*,#9850,.T.);
#9848=ORIENTED_EDGE('',*,*,#9851,.T.);
#9849=ORIENTED_EDGE('',*,*,#9852,.T.);
#9850=EDGE_CURVE('',#771,#757,#9853,.F.);
#9851=EDGE_CURVE('',#757,#251,#9854,.T.);
#9852=EDGE_CURVE('',#251,#771,#9855,.T.);
#9853=LINE('',#770,#9856);
#9854=LINE('',#756,#9857);
#9855=LINE('',#250,#9858);
#9856=VECTOR('',#9859,1.0);
#9857=VECTOR('',#9860,1.0);
#9858=VECTOR('',#9861,1.0);
#9859=DIRECTION('',(-0.9331508068337213,-0.3594851481015242,0));
#9860=DIRECTION('',(0.24824214710027848,-0.9686980109420291,0));
#9861=DIRECTION('',(-0.17877151351097031,0.9838906168660198,0));
#9862=FACE_SURFACE('',(#9867),#9863,.T.);
#9863=PLANE('',#9864);
#9864=AXIS2_PLACEMENT_3D('',#250,#9865,#9866);
#9865=DIRECTION('',(0,0,1));
#9866=DIRECTION('',(-0.9868962035408706,0.16135638641410005,0));
#9867=FACE_BOUND('',#9868,.T.);
#9868=EDGE_LOOP('',(#9869,#9870,#9871));
#9869=ORIENTED_EDGE('',*,*,#9872,.T.);
#9870=ORIENTED_EDGE('',*,*,#9873,.T.);
#9871=ORIENTED_EDGE('',*,*,#9874,.T.);
#9872=EDGE_CURVE('',#251,#773,#9875,.F.);
#9873=EDGE_CURVE('',#773,#253,#9876,.T.);
#9874=EDGE_CURVE('',#253,#251,#9877,.T.);
#9875=LINE('',#250,#9878);
#9876=LINE('',#772,#9879);
#9877=LINE('',#252,#9880);
#9878=VECTOR('',#9881,1.0);
#9879=VECTOR('',#9882,1.0);
#9880=VECTOR('',#9883,1.0);
#9881=DIRECTION('',(-0.9868962035408706,0.16135638641410005,0));
#9882=DIRECTION('',(0.9607469079689148,-0.277426348474995,0));
#9883=DIRECTION('',(0,1,0));
#9884=FACE_SURFACE('',(#9889),#9885,.T.);
#9885=PLANE('',#9886);
#9886=AXIS2_PLACEMENT_3D('',#750,#9887,#9888);
#9887=DIRECTION('',(0,0,1));
#9888=DIRECTION('',(-0.9494919752549548,-0.31379131429414125,0));
#9889=FACE_BOUND('',#9890,.T.);
#9890=EDGE_LOOP('',(#9891,#9892,#9893));
#9891=ORIENTED_EDGE('',*,*,#9894,.T.);
#9892=ORIENTED_EDGE('',*,*,#9895,.T.);
#9893=ORIENTED_EDGE('',*,*,#9896,.T.);
#9894=EDGE_CURVE('',#751,#771,#9897,.F.);
#9895=EDGE_CURVE('',#771,#251,#9898,.T.);
#9896=EDGE_CURVE('',#251,#751,#9899,.T.);
#9897=LINE('',#750,#9900);
#9898=LINE('',#770,#9901);
#9899=LINE('',#250,#9902);
#9900=VECTOR('',#9903,1.0);
#9901=VECTOR('',#9904,1.0);
#9902=VECTOR('',#9905,1.0);
#9903=DIRECTION('',(-0.9494919752549548,-0.31379131429414125,0));
#9904=DIRECTION('',(0.17877151351097031,-0.9838906168660198,0));
#9905=DIRECTION('',(-0.10947264435541905,0.9939898088702076,0));
#9906=FACE_SURFACE('',(#9911),#9907,.T.);
#9907=PLANE('',#9908);
#9908=AXIS2_PLACEMENT_3D('',#774,#9909,#9910);
#9909=DIRECTION('',(0,0,1));
#9910=DIRECTION('',(-0.6531018815112768,-0.7572700524690186,0));
#9911=FACE_BOUND('',#9912,.T.);
#9912=EDGE_LOOP('',(#9913,#9914,#9915));
#9913=ORIENTED_EDGE('',*,*,#9916,.T.);
#9914=ORIENTED_EDGE('',*,*,#9917,.T.);
#9915=ORIENTED_EDGE('',*,*,#9918,.T.);
#9916=EDGE_CURVE('',#775,#777,#9919,.F.);
#9917=EDGE_CURVE('',#777,#251,#9920,.T.);
#9918=EDGE_CURVE('',#251,#775,#9921,.T.);
#9919=LINE('',#774,#9922);
#9920=LINE('',#776,#9923);
#9921=LINE('',#250,#9924);
#9922=VECTOR('',#9925,1.0);
#9923=VECTOR('',#9926,1.0);
#9924=VECTOR('',#9927,1.0);
#9925=DIRECTION('',(-0.6531018815112768,-0.7572700524690186,0));
#9926=DIRECTION('',(0.8353170637494969,-0.5497684994694756,0));
#9927=DIRECTION('',(-0.7928104619309387,0.6094682694389032,0));
#9928=FACE_SURFACE('',(#9933),#9929,.T.);
#9929=PLANE('',#9930);
#9930=AXIS2_PLACEMENT_3D('',#776,#9931,#9932);
#9931=DIRECTION('',(0,0,1));
#9932=DIRECTION('',(-0.615097621964792,-0.7884509594472301,0));
#9933=FACE_BOUND('',#9934,.T.);
#9934=EDGE_LOOP('',(#9935,#9936,#9937));
#9935=ORIENTED_EDGE('',*,*,#9938,.T.);
#9936=ORIENTED_EDGE('',*,*,#9939,.T.);
#9937=ORIENTED_EDGE('',*,*,#9940,.T.);
#9938=EDGE_CURVE('',#777,#779,#9941,.F.);
#9939=EDGE_CURVE('',#779,#251,#9942,.T.);
#9940=EDGE_CURVE('',#251,#777,#9943,.T.);
#9941=LINE('',#776,#9944);
#9942=LINE('',#778,#9945);
#9943=LINE('',#250,#9946);
#9944=VECTOR('',#9947,1.0);
#9945=VECTOR('',#9948,1.0);
#9946=VECTOR('',#9949,1.0);
#9947=DIRECTION('',(-0.615097621964792,-0.7884509594472301,0));
#9948=DIRECTION('',(0.8729987564083447,-0.48772243264943616,0));
#9949=DIRECTION('',(-0.8353170637494969,0.5497684994694756,0));
#9950=FACE_SURFACE('',(#9955),#9951,.T.);
#9951=PLANE('',#9952);
#9952=AXIS2_PLACEMENT_3D('',#778,#9953,#9954);
#9953=DIRECTION('',(0,0,1));
#9954=DIRECTION('',(-0.5760454671873397,-0.817417653181603,0));
#9955=FACE_BOUND('',#9956,.T.);
#9956=EDGE_LOOP('',(#9957,#9958,#9959));
#9957=ORIENTED_EDGE('',*,*,#9960,.T.);
#9958=ORIENTED_EDGE('',*,*,#9961,.T.);
#9959=ORIENTED_EDGE('',*,*,#9962,.T.);
#9960=EDGE_CURVE('',#779,#781,#9963,.F.);
#9961=EDGE_CURVE('',#781,#251,#9964,.T.);
#9962=EDGE_CURVE('',#251,#779,#9965,.T.);
#9963=LINE('',#778,#9966);
#9964=LINE('',#780,#9967);
#9965=LINE('',#250,#9968);
#9966=VECTOR('',#9969,1.0);
#9967=VECTOR('',#9970,1.0);
#9968=VECTOR('',#9971,1.0);
#9969=DIRECTION('',(-0.5760454671873397,-0.817417653181603,0));
#9970=DIRECTION('',(0.9056850885141096,-0.4239510826064601,0));
#9971=DIRECTION('',(-0.8729987564083447,0.48772243264943616,0));
#9972=FACE_SURFACE('',(#9977),#9973,.T.);
#9973=PLANE('',#9974);
#9974=AXIS2_PLACEMENT_3D('',#780,#9975,#9976);
#9975=DIRECTION('',(0,0,1));
#9976=DIRECTION('',(-0.5351194610099318,-0.8447763978997284,0));
#9977=FACE_BOUND('',#9978,.T.);
#9978=EDGE_LOOP('',(#9979,#9980,#9981));
#9979=ORIENTED_EDGE('',*,*,#9982,.T.);
#9980=ORIENTED_EDGE('',*,*,#9983,.T.);
#9981=ORIENTED_EDGE('',*,*,#9984,.T.);
#9982=EDGE_CURVE('',#781,#783,#9985,.F.);
#9983=EDGE_CURVE('',#783,#251,#9986,.T.);
#9984=EDGE_CURVE('',#251,#781,#9987,.T.);
#9985=LINE('',#780,#9988);
#9986=LINE('',#782,#9989);
#9987=LINE('',#250,#9990);
#9988=VECTOR('',#9991,1.0);
#9989=VECTOR('',#9992,1.0);
#9990=VECTOR('',#9993,1.0);
#9991=DIRECTION('',(-0.5351194610099318,-0.8447763978997284,0));
#9992=DIRECTION('',(0.9333663054901155,-0.35892525653084445,0));
#9993=DIRECTION('',(-0.9056850885141096,0.4239510826064601,0));
#9994=FACE_SURFACE('',(#9999),#9995,.T.);
#9995=PLANE('',#9996);
#9996=AXIS2_PLACEMENT_3D('',#782,#9997,#9998);
#9997=DIRECTION('',(0,0,1));
#9998=DIRECTION('',(-0.4926211732540667,-0.8702438621798988,0));
#9999=FACE_BOUND('',#10000,.T.);
#10000=EDGE_LOOP('',(#10001,#10002,#10003));
#10001=ORIENTED_EDGE('',*,*,#10004,.T.);
#10002=ORIENTED_EDGE('',*,*,#10005,.T.);
#10003=ORIENTED_EDGE('',*,*,#10006,.T.);
#10004=EDGE_CURVE('',#783,#785,#10007,.F.);
#10005=EDGE_CURVE('',#785,#251,#10008,.T.);
#10006=EDGE_CURVE('',#251,#783,#10009,.T.);
#10007=LINE('',#782,#10010);
#10008=LINE('',#784,#10011);
#10009=LINE('',#250,#10012);
#10010=VECTOR('',#10013,1.0);
#10011=VECTOR('',#10014,1.0);
#10012=VECTOR('',#10015,1.0);
#10013=DIRECTION('',(-0.4926211732540667,-0.8702438621798988,0));
#10014=DIRECTION('',(0.9560584918143876,-0.29317598849428045,0));
#10015=DIRECTION('',(-0.9333663054901155,0.35892525653084445,0));
#10016=FACE_SURFACE('',(#10021),#10017,.T.);
#10017=PLANE('',#10018);
#10018=AXIS2_PLACEMENT_3D('',#784,#10019,#10020);
#10019=DIRECTION('',(0,0,1));
#10020=DIRECTION('',(-0.4499217438145766,-0.8930679842222822,0));
#10021=FACE_BOUND('',#10022,.T.);
#10022=EDGE_LOOP('',(#10023,#10024,#10025));
#10023=ORIENTED_EDGE('',*,*,#10026,.T.);
#10024=ORIENTED_EDGE('',*,*,#10027,.T.);
#10025=ORIENTED_EDGE('',*,*,#10028,.T.);
#10026=EDGE_CURVE('',#785,#787,#10029,.F.);
#10027=EDGE_CURVE('',#787,#251,#10030,.T.);
#10028=EDGE_CURVE('',#251,#785,#10031,.T.);
#10029=LINE('',#784,#10032);
#10030=LINE('',#786,#10033);
#10031=LINE('',#250,#10034);
#10032=VECTOR('',#10035,1.0);
#10033=VECTOR('',#10036,1.0);
#10034=VECTOR('',#10037,1.0);
#10035=DIRECTION('',(-0.4499217438145766,-0.8930679842222822,0));
#10036=DIRECTION('',(0.973856541086471,-0.22716389982366147,0));
#10037=DIRECTION('',(-0.9560584918143876,0.29317598849428045,0));
#10038=FACE_SURFACE('',(#10043),#10039,.T.);
#10039=PLANE('',#10040);
#10040=AXIS2_PLACEMENT_3D('',#786,#10041,#10042);
#10041=DIRECTION('',(0,0,1));
#10042=DIRECTION('',(-0.4052606645636821,-0.9142011779457533,0));
#10043=FACE_BOUND('',#10044,.T.);
#10044=EDGE_LOOP('',(#10045,#10046,#10047));
#10045=ORIENTED_EDGE('',*,*,#10048,.T.);
#10046=ORIENTED_EDGE('',*,*,#10049,.T.);
#10047=ORIENTED_EDGE('',*,*,#10050,.T.);
#10048=EDGE_CURVE('',#787,#773,#10051,.F.);
#10049=EDGE_CURVE('',#773,#251,#10052,.T.);
#10050=EDGE_CURVE('',#251,#787,#10053,.T.);
#10051=LINE('',#786,#10054);
#10052=LINE('',#772,#10055);
#10053=LINE('',#250,#10056);
#10054=VECTOR('',#10057,1.0);
#10055=VECTOR('',#10058,1.0);
#10056=VECTOR('',#10059,1.0);
#10057=DIRECTION('',(-0.4052606645636821,-0.9142011779457533,0));
#10058=DIRECTION('',(0.9868962035408706,-0.16135638641410005,0));
#10059=DIRECTION('',(-0.973856541086471,0.22716389982366147,0));
#10060=FACE_SURFACE('',(#10065),#10061,.T.);
#10061=PLANE('',#10062);
#10062=AXIS2_PLACEMENT_3D('',#772,#10063,#10064);
#10063=DIRECTION('',(0,0,1));
#10064=DIRECTION('',(-0.3594966003264902,-0.9331463949208055,0));
#10065=FACE_BOUND('',#10066,.T.);
#10066=EDGE_LOOP('',(#10067,#10068,#10069));
#10067=ORIENTED_EDGE('',*,*,#10070,.T.);
#10068=ORIENTED_EDGE('',*,*,#10071,.T.);
#10069=ORIENTED_EDGE('',*,*,#10072,.T.);
#10070=EDGE_CURVE('',#773,#789,#10073,.F.);
#10071=EDGE_CURVE('',#789,#253,#10074,.T.);
#10072=EDGE_CURVE('',#253,#773,#10075,.T.);
#10073=LINE('',#772,#10076);
#10074=LINE('',#788,#10077);
#10075=LINE('',#252,#10078);
#10076=VECTOR('',#10079,1.0);
#10077=VECTOR('',#10080,1.0);
#10078=VECTOR('',#10081,1.0);
#10079=DIRECTION('',(-0.3594966003264902,-0.9331463949208055,0));
#10080=DIRECTION('',(0.9768939642844623,-0.21372454829660453,0));
#10081=DIRECTION('',(-0.9607469079689148,0.277426348474995,0));
#10082=FACE_SURFACE('',(#10087),#10083,.T.);
#10083=PLANE('',#10084);
#10084=AXIS2_PLACEMENT_3D('',#788,#10085,#10086);
#10085=DIRECTION('',(0,0,1));
#10086=DIRECTION('',(-0.31377679847160467,-0.9494967723699276,0));
#10087=FACE_BOUND('',#10088,.T.);
#10088=EDGE_LOOP('',(#10089,#10090,#10091));
#10089=ORIENTED_EDGE('',*,*,#10092,.T.);
#10090=ORIENTED_EDGE('',*,*,#10093,.T.);
#10091=ORIENTED_EDGE('',*,*,#10094,.T.);
#10092=EDGE_CURVE('',#789,#791,#10095,.F.);
#10093=EDGE_CURVE('',#791,#253,#10096,.T.);
#10094=EDGE_CURVE('',#253,#789,#10097,.T.);
#10095=LINE('',#788,#10098);
#10096=LINE('',#790,#10099);
#10097=LINE('',#252,#10100);
#10098=VECTOR('',#10101,1.0);
#10099=VECTOR('',#10102,1.0);
#10100=VECTOR('',#10103,1.0);
#10101=DIRECTION('',(-0.31377679847160467,-0.9494967723699276,0));
#10102=DIRECTION('',(0.9887183426798744,-0.1497866444258726,0));
#10103=DIRECTION('',(-0.9768939642844623,0.21372454829660453,0));
#10104=FACE_SURFACE('',(#10109),#10105,.T.);
#10105=PLANE('',#10106);
#10106=AXIS2_PLACEMENT_3D('',#792,#10107,#10108);
#10107=DIRECTION('',(0,0,1));
#10108=DIRECTION('',(-0.6894585985752734,-0.7243250933459507,0));
#10109=FACE_BOUND('',#10110,.T.);
#10110=EDGE_LOOP('',(#10111,#10112,#10113));
#10111=ORIENTED_EDGE('',*,*,#10114,.T.);
#10112=ORIENTED_EDGE('',*,*,#10115,.T.);
#10113=ORIENTED_EDGE('',*,*,#10116,.T.);
#10114=EDGE_CURVE('',#793,#775,#10117,.F.);
#10115=EDGE_CURVE('',#775,#251,#10118,.T.);
#10116=EDGE_CURVE('',#251,#793,#10119,.T.);
#10117=LINE('',#792,#10120);
#10118=LINE('',#774,#10121);
#10119=LINE('',#250,#10122);
#10120=VECTOR('',#10123,1.0);
#10121=VECTOR('',#10124,1.0);
#10122=VECTOR('',#10125,1.0);
#10123=DIRECTION('',(-0.6894585985752734,-0.7243250933459507,0));
#10124=DIRECTION('',(0.7928104619309387,-0.6094682694389032,0));
#10125=DIRECTION('',(-0.7456334231836815,0.6663563597891032,0));
#10126=FACE_SURFACE('',(#10131),#10127,.T.);
#10127=PLANE('',#10128);
#10128=AXIS2_PLACEMENT_3D('',#794,#10129,#10130);
#10129=DIRECTION('',(0,0,1));
#10130=DIRECTION('',(-0.21912914563485356,-0.9756958632347168,0));
#10131=FACE_BOUND('',#10132,.T.);
#10132=EDGE_LOOP('',(#10133,#10134,#10135));
#10133=ORIENTED_EDGE('',*,*,#10136,.T.);
#10134=ORIENTED_EDGE('',*,*,#10137,.T.);
#10135=ORIENTED_EDGE('',*,*,#10138,.T.);
#10136=EDGE_CURVE('',#795,#797,#10139,.F.);
#10137=EDGE_CURVE('',#797,#253,#10140,.T.);
#10138=EDGE_CURVE('',#253,#795,#10141,.T.);
#10139=LINE('',#794,#10142);
#10140=LINE('',#796,#10143);
#10141=LINE('',#252,#10144);
#10142=VECTOR('',#10145,1.0);
#10143=VECTOR('',#10146,1.0);
#10144=VECTOR('',#10147,1.0);
#10145=DIRECTION('',(-0.21912914563485356,-0.9756958632347168,0));
#10146=DIRECTION('',(0.9997450676612649,-0.022578744140732573,0));
#10147=DIRECTION('',(-0.9962992640668826,0.08595217518939328,0));
#10148=FACE_SURFACE('',(#10153),#10149,.T.);
#10149=PLANE('',#10150);
#10150=AXIS2_PLACEMENT_3D('',#790,#10151,#10152);
#10151=DIRECTION('',(0,0,1));
#10152=DIRECTION('',(-0.26664366848002163,-0.9637951826293365,0));
#10153=FACE_BOUND('',#10154,.T.);
#10154=EDGE_LOOP('',(#10155,#10156,#10157));
#10155=ORIENTED_EDGE('',*,*,#10158,.T.);
#10156=ORIENTED_EDGE('',*,*,#10159,.T.);
#10157=ORIENTED_EDGE('',*,*,#10160,.T.);
#10158=EDGE_CURVE('',#791,#795,#10161,.F.);
#10159=EDGE_CURVE('',#795,#253,#10162,.T.);
#10160=EDGE_CURVE('',#253,#791,#10163,.T.);
#10161=LINE('',#790,#10164);
#10162=LINE('',#794,#10165);
#10163=LINE('',#252,#10166);
#10164=VECTOR('',#10167,1.0);
#10165=VECTOR('',#10168,1.0);
#10166=VECTOR('',#10169,1.0);
#10167=DIRECTION('',(-0.26664366848002163,-0.9637951826293365,0));
#10168=DIRECTION('',(0.9962992640668826,-0.08595217518939328,0));
#10169=DIRECTION('',(-0.9887183426798744,0.1497866444258726,0));
#10170=FACE_SURFACE('',(#10175),#10171,.T.);
#10171=PLANE('',#10172);
#10172=AXIS2_PLACEMENT_3D('',#796,#10173,#10174);
#10173=DIRECTION('',(0,0,1));
#10174=DIRECTION('',(-0.17115529947360164,-0.9852440628910695,0));
#10175=FACE_BOUND('',#10176,.T.);
#10176=EDGE_LOOP('',(#10177,#10178,#10179));
#10177=ORIENTED_EDGE('',*,*,#10180,.T.);
#10178=ORIENTED_EDGE('',*,*,#10181,.T.);
#10179=ORIENTED_EDGE('',*,*,#10182,.T.);
#10180=EDGE_CURVE('',#797,#799,#10183,.F.);
#10181=EDGE_CURVE('',#799,#253,#10184,.T.);
#10182=EDGE_CURVE('',#253,#797,#10185,.T.);
#10183=LINE('',#796,#10186);
#10184=LINE('',#798,#10187);
#10185=LINE('',#252,#10188);
#10186=VECTOR('',#10189,1.0);
#10187=VECTOR('',#10190,1.0);
#10188=VECTOR('',#10191,1.0);
#10189=DIRECTION('',(-0.17115529947360164,-0.9852440628910695,0));
#10190=DIRECTION('',(0.9991984815115663,0.040029920621706655,0));
#10191=DIRECTION('',(-0.9997450676612649,0.022578744140732573,0));
#10192=FACE_SURFACE('',(#10197),#10193,.T.);
#10193=PLANE('',#10194);
#10194=AXIS2_PLACEMENT_3D('',#800,#10195,#10196);
#10195=DIRECTION('',(0,-0,1));
#10196=DIRECTION('',(0.9832540180300438,0.18224032492226996,0));
#10197=FACE_BOUND('',#10198,.T.);
#10198=EDGE_LOOP('',(#10199,#10200,#10201));
#10199=ORIENTED_EDGE('',*,*,#10202,.T.);
#10200=ORIENTED_EDGE('',*,*,#10203,.T.);
#10201=ORIENTED_EDGE('',*,*,#10204,.T.);
#10202=EDGE_CURVE('',#801,#253,#10205,.F.);
#10203=EDGE_CURVE('',#253,#799,#10206,.T.);
#10204=EDGE_CURVE('',#799,#801,#10207,.T.);
#10205=LINE('',#800,#10208);
#10206=LINE('',#252,#10209);
#10207=LINE('',#798,#10210);
#10208=VECTOR('',#10211,1.0);
#10209=VECTOR('',#10212,1.0);
#10210=VECTOR('',#10213,1.0);
#10211=DIRECTION('',(0.9832540180300438,0.18224032492226996,0));
#10212=DIRECTION('',(-0.9991984815115663,-0.040029920621706655,0));
#10213=DIRECTION('',(0.4797212155188176,-0.8774209681681583,0));
#10214=FACE_SURFACE('',(#10219),#10215,.T.);
#10215=PLANE('',#10216);
#10216=AXIS2_PLACEMENT_3D('',#798,#10217,#10218);
#10217=DIRECTION('',(0,0,1));
#10218=DIRECTION('',(-0.1222496969182979,-0.9924993761224157,0));
#10219=FACE_BOUND('',#10220,.T.);
#10220=EDGE_LOOP('',(#10221,#10222,#10223));
#10221=ORIENTED_EDGE('',*,*,#10224,.T.);
#10222=ORIENTED_EDGE('',*,*,#10225,.T.);
#10223=ORIENTED_EDGE('',*,*,#10226,.T.);
#10224=EDGE_CURVE('',#799,#803,#10227,.F.);
#10225=EDGE_CURVE('',#803,#801,#10228,.T.);
#10226=EDGE_CURVE('',#801,#799,#10229,.T.);
#10227=LINE('',#798,#10230);
#10228=LINE('',#802,#10231);
#10229=LINE('',#800,#10232);
#10230=VECTOR('',#10233,1.0);
#10231=VECTOR('',#10234,1.0);
#10232=VECTOR('',#10235,1.0);
#10233=DIRECTION('',(-0.1222496969182979,-0.9924993761224157,0));
#10234=DIRECTION('',(0.7564512868818194,-0.6540500367516535,0));
#10235=DIRECTION('',(-0.4797212155188176,0.8774209681681583,0));
#10236=FACE_SURFACE('',(#10241),#10237,.T.);
#10237=PLANE('',#10238);
#10238=AXIS2_PLACEMENT_3D('',#802,#10239,#10240);
#10239=DIRECTION('',(0,0,1));
#10240=DIRECTION('',(-0.07378912065399944,-0.997273866935813,0));
#10241=FACE_BOUND('',#10242,.T.);
#10242=EDGE_LOOP('',(#10243,#10244,#10245));
#10243=ORIENTED_EDGE('',*,*,#10246,.T.);
#10244=ORIENTED_EDGE('',*,*,#10247,.T.);
#10245=ORIENTED_EDGE('',*,*,#10248,.T.);
#10246=EDGE_CURVE('',#803,#805,#10249,.F.);
#10247=EDGE_CURVE('',#805,#801,#10250,.T.);
#10248=EDGE_CURVE('',#801,#803,#10251,.T.);
#10249=LINE('',#802,#10252);
#10250=LINE('',#804,#10253);
#10251=LINE('',#800,#10254);
#10252=VECTOR('',#10255,1.0);
#10253=VECTOR('',#10256,1.0);
#10254=VECTOR('',#10257,1.0);
#10255=DIRECTION('',(-0.07378912065399944,-0.997273866935813,0));
#10256=DIRECTION('',(0.9975912314781371,-0.06936666979129034,0));
#10257=DIRECTION('',(-0.7564512868818194,0.6540500367516535,0));
#10258=FACE_SURFACE('',(#10263),#10259,.T.);
#10259=PLANE('',#10260);
#10260=AXIS2_PLACEMENT_3D('',#806,#10261,#10262);
#10261=DIRECTION('',(0,0,1));
#10262=DIRECTION('',(1,0,0));
#10263=FACE_BOUND('',#10264,.T.);
#10264=EDGE_LOOP('',(#10265,#10266,#10267));
#10265=ORIENTED_EDGE('',*,*,#10268,.T.);
#10266=ORIENTED_EDGE('',*,*,#10269,.T.);
#10267=ORIENTED_EDGE('',*,*,#10270,.T.);
#10268=EDGE_CURVE('',#807,#801,#10271,.F.);
#10269=EDGE_CURVE('',#801,#805,#10272,.T.);
#10270=EDGE_CURVE('',#805,#807,#10273,.T.);
#10271=LINE('',#806,#10274);
#10272=LINE('',#800,#10275);
#10273=LINE('',#804,#10276);
#10274=VECTOR('',#10277,1.0);
#10275=VECTOR('',#10278,1.0);
#10276=VECTOR('',#10279,1.0);
#10277=DIRECTION('',(1,0,0));
#10278=DIRECTION('',(-0.9975912314781371,0.06936666979129034,0));
#10279=DIRECTION('',(-0.024482758896673344,-0.999700252334072,0));
#10280=FACE_SURFACE('',(#10285),#10281,.T.);
#10281=PLANE('',#10282);
#10282=AXIS2_PLACEMENT_3D('',#808,#10283,#10284);
#10283=DIRECTION('',(-0,0,1));
#10284=DIRECTION('',(0.024400140644851947,-0.9997022722473484,0));
#10285=FACE_BOUND('',#10286,.T.);
#10286=EDGE_LOOP('',(#10287,#10288,#10289));
#10287=ORIENTED_EDGE('',*,*,#10290,.T.);
#10288=ORIENTED_EDGE('',*,*,#10291,.T.);
#10289=ORIENTED_EDGE('',*,*,#10292,.T.);
#10290=EDGE_CURVE('',#809,#811,#10293,.F.);
#10291=EDGE_CURVE('',#811,#813,#10294,.T.);
#10292=EDGE_CURVE('',#813,#809,#10295,.T.);
#10293=LINE('',#808,#10296);
#10294=LINE('',#810,#10297);
#10295=LINE('',#812,#10298);
#10296=VECTOR('',#10299,1.0);
#10297=VECTOR('',#10300,1.0);
#10298=VECTOR('',#10301,1.0);
#10299=DIRECTION('',(0.024400140644851947,-0.9997022722473484,0));
#10300=DIRECTION('',(0.9975675917224595,0.06970580998060663,0));
#10301=DIRECTION('',(-1,0,0));
#10302=FACE_SURFACE('',(#10307),#10303,.T.);
#10303=PLANE('',#10304);
#10304=AXIS2_PLACEMENT_3D('',#814,#10305,#10306);
#10305=DIRECTION('',(0,0,1));
#10306=DIRECTION('',(0.9880172026009965,0.15434379600262998,0));
#10307=FACE_BOUND('',#10308,.T.);
#10308=EDGE_LOOP('',(#10309,#10310,#10311));
#10309=ORIENTED_EDGE('',*,*,#10312,.T.);
#10310=ORIENTED_EDGE('',*,*,#10313,.T.);
#10311=ORIENTED_EDGE('',*,*,#10314,.T.);
#10312=EDGE_CURVE('',#815,#185,#10315,.F.);
#10313=EDGE_CURVE('',#185,#813,#10316,.T.);
#10314=EDGE_CURVE('',#813,#815,#10317,.T.);
#10315=LINE('',#814,#10318);
#10316=LINE('',#184,#10319);
#10317=LINE('',#812,#10320);
#10318=VECTOR('',#10321,1.0);
#10319=VECTOR('',#10322,1.0);
#10320=VECTOR('',#10323,1.0);
#10321=DIRECTION('',(0.9880172026009965,0.15434379600262998,0));
#10322=DIRECTION('',(-0.9995813887322275,-0.0289317697376336,0));
#10323=DIRECTION('',(-0.4796403711594275,-0.8774651641826282,0));
#10324=FACE_SURFACE('',(#10329),#10325,.T.);
#10325=PLANE('',#10326);
#10326=AXIS2_PLACEMENT_3D('',#810,#10327,#10328);
#10327=DIRECTION('',(-0,0,1));
#10328=DIRECTION('',(0.07378912065399944,-0.997273866935813,0));
#10329=FACE_BOUND('',#10330,.T.);
#10330=EDGE_LOOP('',(#10331,#10332,#10333));
#10331=ORIENTED_EDGE('',*,*,#10334,.T.);
#10332=ORIENTED_EDGE('',*,*,#10335,.T.);
#10333=ORIENTED_EDGE('',*,*,#10336,.T.);
#10334=EDGE_CURVE('',#811,#817,#10337,.F.);
#10335=EDGE_CURVE('',#817,#813,#10338,.T.);
#10336=EDGE_CURVE('',#813,#811,#10339,.T.);
#10337=LINE('',#810,#10340);
#10338=LINE('',#816,#10341);
#10339=LINE('',#812,#10342);
#10340=VECTOR('',#10343,1.0);
#10341=VECTOR('',#10344,1.0);
#10342=VECTOR('',#10345,1.0);
#10343=DIRECTION('',(0.07378912065399944,-0.997273866935813,0));
#10344=DIRECTION('',(0.756315959218334,0.6542065192518729,0));
#10345=DIRECTION('',(-0.9975675917224595,-0.06970580998060663,0));
#10346=FACE_SURFACE('',(#10351),#10347,.T.);
#10347=PLANE('',#10348);
#10348=AXIS2_PLACEMENT_3D('',#816,#10349,#10350);
#10349=DIRECTION('',(-0,0,1));
#10350=DIRECTION('',(0.1222496969182979,-0.9924993761224157,0));
#10351=FACE_BOUND('',#10352,.T.);
#10352=EDGE_LOOP('',(#10353,#10354,#10355));
#10353=ORIENTED_EDGE('',*,*,#10356,.T.);
#10354=ORIENTED_EDGE('',*,*,#10357,.T.);
#10355=ORIENTED_EDGE('',*,*,#10358,.T.);
#10356=EDGE_CURVE('',#817,#815,#10359,.F.);
#10357=EDGE_CURVE('',#815,#813,#10360,.T.);
#10358=EDGE_CURVE('',#813,#817,#10361,.T.);
#10359=LINE('',#816,#10362);
#10360=LINE('',#814,#10363);
#10361=LINE('',#812,#10364);
#10362=VECTOR('',#10365,1.0);
#10363=VECTOR('',#10366,1.0);
#10364=VECTOR('',#10367,1.0);
#10365=DIRECTION('',(0.1222496969182979,-0.9924993761224157,0));
#10366=DIRECTION('',(0.4796403711594275,0.8774651641826282,0));
#10367=DIRECTION('',(-0.756315959218334,-0.6542065192518729,0));
#10368=FACE_SURFACE('',(#10373),#10369,.T.);
#10369=PLANE('',#10370);
#10370=AXIS2_PLACEMENT_3D('',#818,#10371,#10372);
#10371=DIRECTION('',(0,-0,1));
#10372=DIRECTION('',(0.9767038689321297,0.21459159446028905,0));
#10373=FACE_BOUND('',#10374,.T.);
#10374=EDGE_LOOP('',(#10375,#10376,#10377));
#10375=ORIENTED_EDGE('',*,*,#10378,.T.);
#10376=ORIENTED_EDGE('',*,*,#10379,.T.);
#10377=ORIENTED_EDGE('',*,*,#10380,.T.);
#10378=EDGE_CURVE('',#819,#185,#10381,.F.);
#10379=EDGE_CURVE('',#185,#815,#10382,.T.);
#10380=EDGE_CURVE('',#815,#819,#10383,.T.);
#10381=LINE('',#818,#10384);
#10382=LINE('',#184,#10385);
#10383=LINE('',#814,#10386);
#10384=VECTOR('',#10387,1.0);
#10385=VECTOR('',#10388,1.0);
#10386=VECTOR('',#10389,1.0);
#10387=DIRECTION('',(0.9767038689321297,0.21459159446028905,0));
#10388=DIRECTION('',(-0.9880172026009965,-0.15434379600262998,0));
#10389=DIRECTION('',(0.17115529947360164,-0.9852440628910695,0));
#10390=FACE_SURFACE('',(#10395),#10391,.T.);
#10391=PLANE('',#10392);
#10392=AXIS2_PLACEMENT_3D('',#820,#10393,#10394);
#10393=DIRECTION('',(0,-0,1));
#10394=DIRECTION('',(0.9692692921069167,0.24600211254897125,0));
#10395=FACE_BOUND('',#10396,.T.);
#10396=EDGE_LOOP('',(#10397,#10398,#10399));
#10397=ORIENTED_EDGE('',*,*,#10400,.T.);
#10398=ORIENTED_EDGE('',*,*,#10401,.T.);
#10399=ORIENTED_EDGE('',*,*,#10402,.T.);
#10400=EDGE_CURVE('',#821,#181,#10403,.F.);
#10401=EDGE_CURVE('',#181,#819,#10404,.T.);
#10402=EDGE_CURVE('',#819,#821,#10405,.T.);
#10403=LINE('',#820,#10406);
#10404=LINE('',#180,#10407);
#10405=LINE('',#818,#10408);
#10406=VECTOR('',#10409,1.0);
#10407=VECTOR('',#10410,1.0);
#10408=VECTOR('',#10411,1.0);
#10409=DIRECTION('',(0.9692692921069167,0.24600211254897125,0));
#10410=DIRECTION('',(-0.982520704555234,-0.1861533376555108,0));
#10411=DIRECTION('',(0.21912914563485356,-0.9756958632347168,0));
#10412=FACE_SURFACE('',(#10417),#10413,.T.);
#10413=PLANE('',#10414);
#10414=AXIS2_PLACEMENT_3D('',#822,#10415,#10416);
#10415=DIRECTION('',(0,-0,1));
#10416=DIRECTION('',(0.989147123410545,0.14692844601588956,0));
#10417=FACE_BOUND('',#10418,.T.);
#10418=EDGE_LOOP('',(#10419,#10420,#10421));
#10419=ORIENTED_EDGE('',*,*,#10422,.T.);
#10420=ORIENTED_EDGE('',*,*,#10423,.T.);
#10421=ORIENTED_EDGE('',*,*,#10424,.T.);
#10422=EDGE_CURVE('',#823,#241,#10425,.F.);
#10423=EDGE_CURVE('',#241,#821,#10426,.T.);
#10424=EDGE_CURVE('',#821,#823,#10427,.T.);
#10425=LINE('',#822,#10428);
#10426=LINE('',#240,#10429);
#10427=LINE('',#820,#10430);
#10428=VECTOR('',#10431,1.0);
#10429=VECTOR('',#10432,1.0);
#10430=VECTOR('',#10433,1.0);
#10431=DIRECTION('',(0.989147123410545,0.14692844601588956,0));
#10432=DIRECTION('',(-0.9964391023633113,-0.08431556962624552,0));
#10433=DIRECTION('',(0.26664189328542925,-0.9637956737530843,0));
#10434=FACE_SURFACE('',(#10439),#10435,.T.);
#10435=PLANE('',#10436);
#10436=AXIS2_PLACEMENT_3D('',#824,#10437,#10438);
#10437=DIRECTION('',(0,-0,1));
#10438=DIRECTION('',(0.9777749616050967,0.2096571593295868,0));
#10439=FACE_BOUND('',#10440,.T.);
#10440=EDGE_LOOP('',(#10441,#10442,#10443));
#10441=ORIENTED_EDGE('',*,*,#10444,.T.);
#10442=ORIENTED_EDGE('',*,*,#10445,.T.);
#10443=ORIENTED_EDGE('',*,*,#10446,.T.);
#10444=EDGE_CURVE('',#825,#241,#10447,.F.);
#10445=EDGE_CURVE('',#241,#823,#10448,.T.);
#10446=EDGE_CURVE('',#823,#825,#10449,.T.);
#10447=LINE('',#824,#10450);
#10448=LINE('',#240,#10451);
#10449=LINE('',#822,#10452);
#10450=VECTOR('',#10453,1.0);
#10451=VECTOR('',#10454,1.0);
#10452=VECTOR('',#10455,1.0);
#10453=DIRECTION('',(0.9777749616050967,0.2096571593295868,0));
#10454=DIRECTION('',(-0.989147123410545,-0.14692844601588956,0));
#10455=DIRECTION('',(0.31377885686775026,-0.949496092136649,0));
#10456=FACE_SURFACE('',(#10461),#10457,.T.);
#10457=PLANE('',#10458);
#10458=AXIS2_PLACEMENT_3D('',#768,#10459,#10460);
#10459=DIRECTION('',(0,0,1));
#10460=DIRECTION('',(-0.724327639059937,-0.6894559241125263,0));
#10461=FACE_BOUND('',#10462,.T.);
#10462=EDGE_LOOP('',(#10463,#10464,#10465));
#10463=ORIENTED_EDGE('',*,*,#10466,.T.);
#10464=ORIENTED_EDGE('',*,*,#10467,.T.);
#10465=ORIENTED_EDGE('',*,*,#10468,.T.);
#10466=EDGE_CURVE('',#769,#793,#10469,.F.);
#10467=EDGE_CURVE('',#793,#251,#10470,.T.);
#10468=EDGE_CURVE('',#251,#769,#10471,.T.);
#10469=LINE('',#768,#10472);
#10470=LINE('',#792,#10473);
#10471=LINE('',#250,#10474);
#10472=VECTOR('',#10475,1.0);
#10473=VECTOR('',#10476,1.0);
#10474=VECTOR('',#10477,1.0);
#10475=DIRECTION('',(-0.724327639059937,-0.6894559241125263,0));
#10476=DIRECTION('',(0.7456334231836815,-0.6663563597891032,0));
#10477=DIRECTION('',(-0.694087774215569,0.7198903817141032,0));
#10478=FACE_SURFACE('',(#10483),#10479,.T.);
#10479=PLANE('',#10480);
#10480=AXIS2_PLACEMENT_3D('',#812,#10481,#10482);
#10481=DIRECTION('',(0,0,1));
#10482=DIRECTION('',(0.9553938717367547,0.2953346404468214,0));
#10483=FACE_BOUND('',#10484,.T.);
#10484=EDGE_LOOP('',(#10485,#10486,#10487));
#10485=ORIENTED_EDGE('',*,*,#10488,.T.);
#10486=ORIENTED_EDGE('',*,*,#10489,.T.);
#10487=ORIENTED_EDGE('',*,*,#10490,.T.);
#10488=EDGE_CURVE('',#813,#253,#10491,.F.);
#10489=EDGE_CURVE('',#253,#801,#10492,.T.);
#10490=EDGE_CURVE('',#801,#813,#10493,.T.);
#10491=LINE('',#812,#10494);
#10492=LINE('',#252,#10495);
#10493=LINE('',#800,#10496);
#10494=VECTOR('',#10497,1.0);
#10495=VECTOR('',#10498,1.0);
#10496=VECTOR('',#10499,1.0);
#10497=DIRECTION('',(0.9553938717367547,0.2953346404468214,0));
#10498=DIRECTION('',(-0.9832540180300438,-0.18224032492226996,0));
#10499=DIRECTION('',(0,-1,0));
#10500=FACE_SURFACE('',(#10505),#10501,.T.);
#10501=PLANE('',#10502);
#10502=AXIS2_PLACEMENT_3D('',#826,#10503,#10504);
#10503=DIRECTION('',(0,-0,1));
#10504=DIRECTION('',(0.9749011898959601,0.2226379795529982,0));
#10505=FACE_BOUND('',#10506,.T.);
#10506=EDGE_LOOP('',(#10507,#10508,#10509));
#10507=ORIENTED_EDGE('',*,*,#10510,.T.);
#10508=ORIENTED_EDGE('',*,*,#10511,.T.);
#10509=ORIENTED_EDGE('',*,*,#10512,.T.);
#10510=EDGE_CURVE('',#827,#239,#10513,.F.);
#10511=EDGE_CURVE('',#239,#829,#10514,.T.);
#10512=EDGE_CURVE('',#829,#827,#10515,.T.);
#10513=LINE('',#826,#10516);
#10514=LINE('',#238,#10517);
#10515=LINE('',#828,#10518);
#10516=VECTOR('',#10519,1.0);
#10517=VECTOR('',#10520,1.0);
#10518=VECTOR('',#10521,1.0);
#10519=DIRECTION('',(0.9749011898959601,0.2226379795529982,0));
#10520=DIRECTION('',(-0.9874155092702085,-0.1581474377049943,0));
#10521=DIRECTION('',(0.4052555450266321,-0.9142034473929572,0));
#10522=FACE_SURFACE('',(#10527),#10523,.T.);
#10523=PLANE('',#10524);
#10524=AXIS2_PLACEMENT_3D('',#830,#10525,#10526);
#10525=DIRECTION('',(0,-0,1));
#10526=DIRECTION('',(0.3369228856967661,0.941532245381837,0));
#10527=FACE_BOUND('',#10528,.T.);
#10528=EDGE_LOOP('',(#10529,#10530,#10531));
#10529=ORIENTED_EDGE('',*,*,#10532,.T.);
#10530=ORIENTED_EDGE('',*,*,#10533,.T.);
#10531=ORIENTED_EDGE('',*,*,#10534,.T.);
#10532=EDGE_CURVE('',#831,#239,#10535,.F.);
#10533=EDGE_CURVE('',#239,#833,#10536,.T.);
#10534=EDGE_CURVE('',#833,#831,#10537,.T.);
#10535=LINE('',#830,#10538);
#10536=LINE('',#238,#10539);
#10537=LINE('',#832,#10540);
#10538=VECTOR('',#10541,1.0);
#10539=VECTOR('',#10542,1.0);
#10540=VECTOR('',#10543,1.0);
#10541=DIRECTION('',(0.3369228856967661,0.941532245381837,0));
#10542=DIRECTION('',(-0.4042370707509693,-0.914654246494639,0));
#10543=DIRECTION('',(0.8930672746227608,-0.4499231523247879,0));
#10544=FACE_SURFACE('',(#10549),#10545,.T.);
#10545=PLANE('',#10546);
#10546=AXIS2_PLACEMENT_3D('',#834,#10547,#10548);
#10547=DIRECTION('',(0,-0,1));
#10548=DIRECTION('',(0.19950287047046475,0.9798972418953147,0));
#10549=FACE_BOUND('',#10550,.T.);
#10550=EDGE_LOOP('',(#10551,#10552,#10553));
#10551=ORIENTED_EDGE('',*,*,#10554,.T.);
#10552=ORIENTED_EDGE('',*,*,#10555,.T.);
#10553=ORIENTED_EDGE('',*,*,#10556,.T.);
#10554=EDGE_CURVE('',#835,#239,#10557,.F.);
#10555=EDGE_CURVE('',#239,#837,#10558,.T.);
#10556=EDGE_CURVE('',#837,#835,#10559,.T.);
#10557=LINE('',#834,#10560);
#10558=LINE('',#238,#10561);
#10559=LINE('',#836,#10562);
#10560=VECTOR('',#10563,1.0);
#10561=VECTOR('',#10564,1.0);
#10562=VECTOR('',#10565,1.0);
#10563=DIRECTION('',(0.19950287047046475,0.9798972418953147,0));
#10564=DIRECTION('',(-0.26851225290619124,-0.9632762688031101,0));
#10565=DIRECTION('',(0.9331461717067608,-0.3594971797233134,0));
#10566=FACE_SURFACE('',(#10571),#10567,.T.);
#10567=PLANE('',#10568);
#10568=AXIS2_PLACEMENT_3D('',#838,#10569,#10570);
#10569=DIRECTION('',(0,-0,1));
#10570=DIRECTION('',(0.1304198029555653,0.9914588619791703,0));
#10571=FACE_BOUND('',#10572,.T.);
#10572=EDGE_LOOP('',(#10573,#10574,#10575));
#10573=ORIENTED_EDGE('',*,*,#10576,.T.);
#10574=ORIENTED_EDGE('',*,*,#10577,.T.);
#10575=ORIENTED_EDGE('',*,*,#10578,.T.);
#10576=EDGE_CURVE('',#839,#239,#10579,.F.);
#10577=EDGE_CURVE('',#239,#835,#10580,.T.);
#10578=EDGE_CURVE('',#835,#839,#10581,.T.);
#10579=LINE('',#838,#10582);
#10580=LINE('',#238,#10583);
#10581=LINE('',#834,#10584);
#10582=VECTOR('',#10585,1.0);
#10583=VECTOR('',#10586,1.0);
#10584=VECTOR('',#10587,1.0);
#10585=DIRECTION('',(0.1304198029555653,0.9914588619791703,0));
#10586=DIRECTION('',(-0.19950287047046475,-0.9798972418953147,0));
#10587=DIRECTION('',(0.949496092136649,-0.31377885686775026,0));
#10588=FACE_SURFACE('',(#10593),#10589,.T.);
#10589=PLANE('',#10590);
#10590=AXIS2_PLACEMENT_3D('',#840,#10591,#10592);
#10591=DIRECTION('',(0,-0,1));
#10592=DIRECTION('',(0.4698747693537591,0.8827330860032107,0));
#10593=FACE_BOUND('',#10594,.T.);
#10594=EDGE_LOOP('',(#10595,#10596,#10597));
#10595=ORIENTED_EDGE('',*,*,#10598,.T.);
#10596=ORIENTED_EDGE('',*,*,#10599,.T.);
#10597=ORIENTED_EDGE('',*,*,#10600,.T.);
#10598=EDGE_CURVE('',#841,#239,#10601,.F.);
#10599=EDGE_CURVE('',#239,#843,#10602,.T.);
#10600=EDGE_CURVE('',#843,#841,#10603,.T.);
#10601=LINE('',#840,#10604);
#10602=LINE('',#238,#10605);
#10603=LINE('',#842,#10606);
#10604=VECTOR('',#10607,1.0);
#10605=VECTOR('',#10608,1.0);
#10606=VECTOR('',#10609,1.0);
#10607=DIRECTION('',(0.4698747693537591,0.8827330860032107,0));
#10608=DIRECTION('',(-0.5333215865113303,-0.8459125754834466,0));
#10609=DIRECTION('',(0.8447768924282859,-0.5351186803123286,0));
#10610=FACE_SURFACE('',(#10615),#10611,.T.);
#10611=PLANE('',#10612);
#10612=AXIS2_PLACEMENT_3D('',#842,#10613,#10614);
#10613=DIRECTION('',(0,-0,1));
#10614=DIRECTION('',(0.5333215865113303,0.8459125754834466,0));
#10615=FACE_BOUND('',#10616,.T.);
#10616=EDGE_LOOP('',(#10617,#10618,#10619));
#10617=ORIENTED_EDGE('',*,*,#10620,.T.);
#10618=ORIENTED_EDGE('',*,*,#10621,.T.);
#10619=ORIENTED_EDGE('',*,*,#10622,.T.);
#10620=EDGE_CURVE('',#843,#239,#10623,.F.);
#10621=EDGE_CURVE('',#239,#845,#10624,.T.);
#10622=EDGE_CURVE('',#845,#843,#10625,.T.);
#10623=LINE('',#842,#10626);
#10624=LINE('',#238,#10627);
#10625=LINE('',#844,#10628);
#10626=VECTOR('',#10629,1.0);
#10627=VECTOR('',#10630,1.0);
#10628=VECTOR('',#10631,1.0);
#10629=DIRECTION('',(0.5333215865113303,0.8459125754834466,0));
#10630=DIRECTION('',(-0.5940340856334811,-0.8044398704102091,0));
#10631=DIRECTION('',(0.8174187996717579,-0.5760438402961902,0));
#10632=FACE_SURFACE('',(#10637),#10633,.T.);
#10633=PLANE('',#10634);
#10634=AXIS2_PLACEMENT_3D('',#846,#10635,#10636);
#10635=DIRECTION('',(0,-0,1));
#10636=DIRECTION('',(0.9360471468902727,0.3518746066407468,0));
#10637=FACE_BOUND('',#10638,.T.);
#10638=EDGE_LOOP('',(#10639,#10640,#10641));
#10639=ORIENTED_EDGE('',*,*,#10642,.T.);
#10640=ORIENTED_EDGE('',*,*,#10643,.T.);
#10641=ORIENTED_EDGE('',*,*,#10644,.T.);
#10642=EDGE_CURVE('',#847,#239,#10645,.F.);
#10643=EDGE_CURVE('',#239,#849,#10646,.T.);
#10644=EDGE_CURVE('',#849,#847,#10647,.T.);
#10645=LINE('',#846,#10648);
#10646=LINE('',#238,#10649);
#10647=LINE('',#848,#10650);
#10648=VECTOR('',#10651,1.0);
#10649=VECTOR('',#10652,1.0);
#10650=VECTOR('',#10653,1.0);
#10651=DIRECTION('',(0.9360471468902727,0.3518746066407468,0));
#10652=DIRECTION('',(-0.9578237210735039,-0.28735643258661625,0));
#10653=DIRECTION('',(0.4926211732540667,-0.8702438621798988,0));
#10654=FACE_SURFACE('',(#10659),#10655,.T.);
#10655=PLANE('',#10656);
#10656=AXIS2_PLACEMENT_3D('',#850,#10657,#10658);
#10657=DIRECTION('',(0,-0,1));
#10658=DIRECTION('',(0.90947058495385,0.415768270919874,0));
#10659=FACE_BOUND('',#10660,.T.);
#10660=EDGE_LOOP('',(#10661,#10662,#10663));
#10661=ORIENTED_EDGE('',*,*,#10664,.T.);
#10662=ORIENTED_EDGE('',*,*,#10665,.T.);
#10663=ORIENTED_EDGE('',*,*,#10666,.T.);
#10664=EDGE_CURVE('',#851,#239,#10667,.F.);
#10665=EDGE_CURVE('',#239,#847,#10668,.T.);
#10666=EDGE_CURVE('',#847,#851,#10669,.T.);
#10667=LINE('',#850,#10670);
#10668=LINE('',#238,#10671);
#10669=LINE('',#846,#10672);
#10670=VECTOR('',#10673,1.0);
#10671=VECTOR('',#10674,1.0);
#10672=VECTOR('',#10675,1.0);
#10673=DIRECTION('',(0.90947058495385,0.415768270919874,0));
#10674=DIRECTION('',(-0.9360471468902727,-0.3518746066407468,0));
#10675=DIRECTION('',(0.5351163382304448,-0.8447783760009723,0));
#10676=FACE_SURFACE('',(#10681),#10677,.T.);
#10677=PLANE('',#10678);
#10678=AXIS2_PLACEMENT_3D('',#852,#10679,#10680);
#10679=DIRECTION('',(0,-0,1));
#10680=DIRECTION('',(0.8780634792619033,0.47854417391342363,0));
#10681=FACE_BOUND('',#10682,.T.);
#10682=EDGE_LOOP('',(#10683,#10684,#10685));
#10683=ORIENTED_EDGE('',*,*,#10686,.T.);
#10684=ORIENTED_EDGE('',*,*,#10687,.T.);
#10685=ORIENTED_EDGE('',*,*,#10688,.T.);
#10686=EDGE_CURVE('',#853,#239,#10689,.F.);
#10687=EDGE_CURVE('',#239,#851,#10690,.T.);
#10688=EDGE_CURVE('',#851,#853,#10691,.T.);
#10689=LINE('',#852,#10692);
#10690=LINE('',#238,#10693);
#10691=LINE('',#850,#10694);
#10692=VECTOR('',#10695,1.0);
#10693=VECTOR('',#10696,1.0);
#10694=VECTOR('',#10697,1.0);
#10695=DIRECTION('',(0.8780634792619033,0.47854417391342363,0));
#10696=DIRECTION('',(-0.90947058495385,-0.415768270919874,0));
#10697=DIRECTION('',(0.5760454671873397,-0.817417653181603,0));
#10698=FACE_SURFACE('',(#10703),#10699,.T.);
#10699=PLANE('',#10700);
#10700=AXIS2_PLACEMENT_3D('',#854,#10701,#10702);
#10701=DIRECTION('',(0,-0,1));
#10702=DIRECTION('',(0.8418137002649323,0.5397681854706359,0));
#10703=FACE_BOUND('',#10704,.T.);
#10704=EDGE_LOOP('',(#10705,#10706,#10707));
#10705=ORIENTED_EDGE('',*,*,#10708,.T.);
#10706=ORIENTED_EDGE('',*,*,#10709,.T.);
#10707=ORIENTED_EDGE('',*,*,#10710,.T.);
#10708=EDGE_CURVE('',#855,#239,#10711,.F.);
#10709=EDGE_CURVE('',#239,#853,#10712,.T.);
#10710=EDGE_CURVE('',#853,#855,#10713,.T.);
#10711=LINE('',#854,#10714);
#10712=LINE('',#238,#10715);
#10713=LINE('',#852,#10716);
#10714=VECTOR('',#10717,1.0);
#10715=VECTOR('',#10718,1.0);
#10716=VECTOR('',#10719,1.0);
#10717=DIRECTION('',(0.8418137002649323,0.5397681854706359,0));
#10718=DIRECTION('',(-0.8780634792619033,-0.47854417391342363,0));
#10719=DIRECTION('',(0.615097621964792,-0.7884509594472301,0));
#10720=FACE_SURFACE('',(#10725),#10721,.T.);
#10721=PLANE('',#10722);
#10722=AXIS2_PLACEMENT_3D('',#856,#10723,#10724);
#10723=DIRECTION('',(0,-0,1));
#10724=DIRECTION('',(0.8008589516574128,0.5988530199892039,0));
#10725=FACE_BOUND('',#10726,.T.);
#10726=EDGE_LOOP('',(#10727,#10728,#10729));
#10727=ORIENTED_EDGE('',*,*,#10730,.T.);
#10728=ORIENTED_EDGE('',*,*,#10731,.T.);
#10729=ORIENTED_EDGE('',*,*,#10732,.T.);
#10730=EDGE_CURVE('',#857,#239,#10733,.F.);
#10731=EDGE_CURVE('',#239,#855,#10734,.T.);
#10732=EDGE_CURVE('',#855,#857,#10735,.T.);
#10733=LINE('',#856,#10736);
#10734=LINE('',#238,#10737);
#10735=LINE('',#854,#10738);
#10736=VECTOR('',#10739,1.0);
#10737=VECTOR('',#10740,1.0);
#10738=VECTOR('',#10741,1.0);
#10739=DIRECTION('',(0.8008589516574128,0.5988530199892039,0));
#10740=DIRECTION('',(-0.8418137002649323,-0.5397681854706359,0));
#10741=DIRECTION('',(0.6531018815112768,-0.7572700524690186,0));
#10742=FACE_SURFACE('',(#10747),#10743,.T.);
#10743=PLANE('',#10744);
#10744=AXIS2_PLACEMENT_3D('',#858,#10745,#10746);
#10745=DIRECTION('',(0,-0,1));
#10746=DIRECTION('',(0.7054443775285469,0.7087652856999705,0));
#10747=FACE_BOUND('',#10748,.T.);
#10748=EDGE_LOOP('',(#10749,#10750,#10751));
#10749=ORIENTED_EDGE('',*,*,#10752,.T.);
#10750=ORIENTED_EDGE('',*,*,#10753,.T.);
#10751=ORIENTED_EDGE('',*,*,#10754,.T.);
#10752=EDGE_CURVE('',#859,#239,#10755,.F.);
#10753=EDGE_CURVE('',#239,#861,#10756,.T.);
#10754=EDGE_CURVE('',#861,#859,#10757,.T.);
#10755=LINE('',#858,#10758);
#10756=LINE('',#238,#10759);
#10757=LINE('',#860,#10760);
#10758=VECTOR('',#10761,1.0);
#10759=VECTOR('',#10762,1.0);
#10760=VECTOR('',#10763,1.0);
#10761=DIRECTION('',(0.7054443775285469,0.7087652856999705,0));
#10762=DIRECTION('',(-0.7553169525955613,-0.6553596730969603,0));
#10763=DIRECTION('',(0.7243241894253772,-0.6894595482066154,0));
#10764=FACE_SURFACE('',(#10769),#10765,.T.);
#10765=PLANE('',#10766);
#10766=AXIS2_PLACEMENT_3D('',#862,#10767,#10768);
#10767=DIRECTION('',(0,-0,1));
#10768=DIRECTION('',(0.6515778378944336,0.758581782779428,0));
#10769=FACE_BOUND('',#10770,.T.);
#10770=EDGE_LOOP('',(#10771,#10772,#10773));
#10771=ORIENTED_EDGE('',*,*,#10774,.T.);
#10772=ORIENTED_EDGE('',*,*,#10775,.T.);
#10773=ORIENTED_EDGE('',*,*,#10776,.T.);
#10774=EDGE_CURVE('',#863,#239,#10777,.F.);
#10775=EDGE_CURVE('',#239,#859,#10778,.T.);
#10776=EDGE_CURVE('',#859,#863,#10779,.T.);
#10777=LINE('',#862,#10780);
#10778=LINE('',#238,#10781);
#10779=LINE('',#858,#10782);
#10780=VECTOR('',#10783,1.0);
#10781=VECTOR('',#10784,1.0);
#10782=VECTOR('',#10785,1.0);
#10783=DIRECTION('',(0.6515778378944336,0.758581782779428,0));
#10784=DIRECTION('',(-0.7054443775285469,-0.7087652856999705,0));
#10785=DIRECTION('',(0.7572707894162061,-0.6531010270218202,0));
#10786=FACE_SURFACE('',(#10791),#10787,.T.);
#10787=PLANE('',#10788);
#10788=AXIS2_PLACEMENT_3D('',#844,#10789,#10790);
#10789=DIRECTION('',(0,-0,1));
#10790=DIRECTION('',(0.5940340856334811,0.8044398704102091,0));
#10791=FACE_BOUND('',#10792,.T.);
#10792=EDGE_LOOP('',(#10793,#10794,#10795));
#10793=ORIENTED_EDGE('',*,*,#10796,.T.);
#10794=ORIENTED_EDGE('',*,*,#10797,.T.);
#10795=ORIENTED_EDGE('',*,*,#10798,.T.);
#10796=EDGE_CURVE('',#845,#239,#10799,.F.);
#10797=EDGE_CURVE('',#239,#863,#10800,.T.);
#10798=EDGE_CURVE('',#863,#845,#10801,.T.);
#10799=LINE('',#844,#10802);
#10800=LINE('',#238,#10803);
#10801=LINE('',#862,#10804);
#10802=VECTOR('',#10805,1.0);
#10803=VECTOR('',#10806,1.0);
#10804=VECTOR('',#10807,1.0);
#10805=DIRECTION('',(0.5940340856334811,0.8044398704102091,0));
#10806=DIRECTION('',(-0.6515778378944336,-0.758581782779428,0));
#10807=DIRECTION('',(0.7884511435510256,-0.6150973859748388,0));
#10808=FACE_SURFACE('',(#10813),#10809,.T.);
#10809=PLANE('',#10810);
#10810=AXIS2_PLACEMENT_3D('',#860,#10811,#10812);
#10811=DIRECTION('',(0,-0,1));
#10812=DIRECTION('',(0.7553169525955613,0.6553596730969603,0));
#10813=FACE_BOUND('',#10814,.T.);
#10814=EDGE_LOOP('',(#10815,#10816,#10817));
#10815=ORIENTED_EDGE('',*,*,#10818,.T.);
#10816=ORIENTED_EDGE('',*,*,#10819,.T.);
#10817=ORIENTED_EDGE('',*,*,#10820,.T.);
#10818=EDGE_CURVE('',#861,#239,#10821,.F.);
#10819=EDGE_CURVE('',#239,#857,#10822,.T.);
#10820=EDGE_CURVE('',#857,#861,#10823,.T.);
#10821=LINE('',#860,#10824);
#10822=LINE('',#238,#10825);
#10823=LINE('',#856,#10826);
#10824=VECTOR('',#10827,1.0);
#10825=VECTOR('',#10828,1.0);
#10826=VECTOR('',#10829,1.0);
#10827=DIRECTION('',(0.7553169525955613,0.6553596730969603,0));
#10828=DIRECTION('',(-0.8008589516574128,-0.5988530199892039,0));
#10829=DIRECTION('',(0.6894585985752734,-0.7243250933459507,0));
#10830=FACE_SURFACE('',(#10835),#10831,.T.);
#10831=PLANE('',#10832);
#10832=AXIS2_PLACEMENT_3D('',#594,#10833,#10834);
#10833=DIRECTION('',(-0.21912585721751562,0.9756966017664963,0));
#10834=DIRECTION('',(0,0,1));
#10835=FACE_BOUND('',#10836,.T.);
#10836=EDGE_LOOP('',(#10837,#10838,#10839));
#10837=ORIENTED_EDGE('',*,*,#10840,.T.);
#10838=ORIENTED_EDGE('',*,*,#10841,.T.);
#10839=ORIENTED_EDGE('',*,*,#10842,.T.);
#10840=EDGE_CURVE('',#595,#753,#10843,.F.);
#10841=EDGE_CURVE('',#753,#865,#10844,.T.);
#10842=EDGE_CURVE('',#865,#595,#10845,.T.);
#10843=LINE('',#594,#10846);
#10844=LINE('',#752,#10847);
#10845=LINE('',#864,#10848);
#10846=VECTOR('',#10849,1.0);
#10847=VECTOR('',#10850,1.0);
#10848=VECTOR('',#10851,1.0);
#10849=DIRECTION('',(0,0,1));
#10850=DIRECTION('',(0.10709884873545172,0.024052689118395934,-0.9939573958403423));
#10851=DIRECTION('',(-0.9756966017664964,-0.21912585721751562,0));
#10852=FACE_SURFACE('',(#10857),#10853,.T.);
#10853=PLANE('',#10854);
#10854=AXIS2_PLACEMENT_3D('',#866,#10855,#10856);
#10855=DIRECTION('',(-0.21912585721751562,0.9756966017664963,0));
#10856=DIRECTION('',(0,0,-1));
#10857=FACE_BOUND('',#10858,.T.);
#10858=EDGE_LOOP('',(#10859,#10860,#10861));
#10859=ORIENTED_EDGE('',*,*,#10862,.T.);
#10860=ORIENTED_EDGE('',*,*,#10863,.T.);
#10861=ORIENTED_EDGE('',*,*,#10864,.T.);
#10862=EDGE_CURVE('',#867,#865,#10865,.F.);
#10863=EDGE_CURVE('',#865,#753,#10866,.T.);
#10864=EDGE_CURVE('',#753,#867,#10867,.T.);
#10865=LINE('',#866,#10868);
#10866=LINE('',#864,#10869);
#10867=LINE('',#752,#10870);
#10868=VECTOR('',#10871,1.0);
#10869=VECTOR('',#10872,1.0);
#10870=VECTOR('',#10873,1.0);
#10871=DIRECTION('',(0,0,-1));
#10872=DIRECTION('',(-0.10709884873545172,-0.024052689118395934,0.9939573958403423));
#10873=DIRECTION('',(0.9756966017664964,0.21912585721751562,0));
#10874=FACE_SURFACE('',(#10879),#10875,.T.);
#10875=PLANE('',#10876);
#10876=AXIS2_PLACEMENT_3D('',#594,#10877,#10878);
#10877=DIRECTION('',(-0.2666350329583786,0.9637975716919421,0));
#10878=DIRECTION('',(-0.9637975716919421,-0.2666350329583786,0));
#10879=FACE_BOUND('',#10880,.T.);
#10880=EDGE_LOOP('',(#10881,#10882,#10883));
#10881=ORIENTED_EDGE('',*,*,#10884,.T.);
#10882=ORIENTED_EDGE('',*,*,#10885,.T.);
#10883=ORIENTED_EDGE('',*,*,#10886,.T.);
#10884=EDGE_CURVE('',#595,#599,#10887,.F.);
#10885=EDGE_CURVE('',#599,#751,#10888,.T.);
#10886=EDGE_CURVE('',#751,#595,#10889,.T.);
#10887=LINE('',#594,#10890);
#10888=LINE('',#598,#10891);
#10889=LINE('',#750,#10892);
#10890=VECTOR('',#10893,1.0);
#10891=VECTOR('',#10894,1.0);
#10892=VECTOR('',#10895,1.0);
#10893=DIRECTION('',(-0.9637975716919421,-0.2666350329583786,0));
#10894=DIRECTION('',(0,0,1));
#10895=DIRECTION('',(0.10580667510650388,0.02927146439548866,-0.9939557982501286));
#10896=FACE_SURFACE('',(#10901),#10897,.T.);
#10897=PLANE('',#10898);
#10898=AXIS2_PLACEMENT_3D('',#594,#10899,#10900);
#10899=DIRECTION('',(-0.2666350329583786,0.9637975716919421,0));
#10900=DIRECTION('',(-0.10580667510650388,-0.02927146439548866,0.9939557982501286));
#10901=FACE_BOUND('',#10902,.T.);
#10902=EDGE_LOOP('',(#10903,#10904,#10905));
#10903=ORIENTED_EDGE('',*,*,#10906,.T.);
#10904=ORIENTED_EDGE('',*,*,#10907,.T.);
#10905=ORIENTED_EDGE('',*,*,#10908,.T.);
#10906=EDGE_CURVE('',#595,#751,#10909,.F.);
#10907=EDGE_CURVE('',#751,#753,#10910,.T.);
#10908=EDGE_CURVE('',#753,#595,#10911,.T.);
#10909=LINE('',#594,#10912);
#10910=LINE('',#750,#10913);
#10911=LINE('',#752,#10914);
#10912=VECTOR('',#10915,1.0);
#10913=VECTOR('',#10916,1.0);
#10914=VECTOR('',#10917,1.0);
#10915=DIRECTION('',(-0.10580667510650388,-0.02927146439548866,0.9939557982501286));
#10916=DIRECTION('',(0.9637975716919421,0.2666350329583786,0));
#10917=DIRECTION('',(0,0,-1));
#10918=FACE_SURFACE('',(#10923),#10919,.T.);
#10919=PLANE('',#10920);
#10920=AXIS2_PLACEMENT_3D('',#750,#10921,#10922);
#10921=DIRECTION('',(-0.31379131429414125,0.9494919752549547,0));
#10922=DIRECTION('',(0,0,-1));
#10923=FACE_BOUND('',#10924,.T.);
#10924=EDGE_LOOP('',(#10925,#10926,#10927));
#10925=ORIENTED_EDGE('',*,*,#10928,.T.);
#10926=ORIENTED_EDGE('',*,*,#10929,.T.);
#10927=ORIENTED_EDGE('',*,*,#10930,.T.);
#10928=EDGE_CURVE('',#751,#599,#10931,.F.);
#10929=EDGE_CURVE('',#599,#771,#10932,.T.);
#10930=EDGE_CURVE('',#771,#751,#10933,.T.);
#10931=LINE('',#750,#10934);
#10932=LINE('',#598,#10935);
#10933=LINE('',#770,#10936);
#10934=VECTOR('',#10937,1.0);
#10935=VECTOR('',#10938,1.0);
#10936=VECTOR('',#10939,1.0);
#10937=DIRECTION('',(0,0,-1));
#10938=DIRECTION('',(-0.10421651152692703,-0.03444182465513081,0.9939580873656509));
#10939=DIRECTION('',(0.9494919752549548,0.31379131429414125,0));
#10940=FACE_SURFACE('',(#10945),#10941,.T.);
#10941=PLANE('',#10942);
#10942=AXIS2_PLACEMENT_3D('',#620,#10943,#10944);
#10943=DIRECTION('',(-0.31379131429414125,0.9494919752549547,0));
#10944=DIRECTION('',(0,0,1));
#10945=FACE_BOUND('',#10946,.T.);
#10946=EDGE_LOOP('',(#10947,#10948,#10949));
#10947=ORIENTED_EDGE('',*,*,#10950,.T.);
#10948=ORIENTED_EDGE('',*,*,#10951,.T.);
#10949=ORIENTED_EDGE('',*,*,#10952,.T.);
#10950=EDGE_CURVE('',#621,#771,#10953,.F.);
#10951=EDGE_CURVE('',#771,#599,#10954,.T.);
#10952=EDGE_CURVE('',#599,#621,#10955,.T.);
#10953=LINE('',#620,#10956);
#10954=LINE('',#770,#10957);
#10955=LINE('',#598,#10958);
#10956=VECTOR('',#10959,1.0);
#10957=VECTOR('',#10960,1.0);
#10958=VECTOR('',#10961,1.0);
#10959=DIRECTION('',(0,0,1));
#10960=DIRECTION('',(0.10421651152692703,0.03444182465513081,-0.9939580873656509));
#10961=DIRECTION('',(-0.9494919752549548,-0.31379131429414125,0));
#10962=FACE_SURFACE('',(#10967),#10963,.T.);
#10963=PLANE('',#10964);
#10964=AXIS2_PLACEMENT_3D('',#596,#10965,#10966);
#10965=DIRECTION('',(0.32144742739660803,-0.9469274266912447,0));
#10966=DIRECTION('',(0,0,1));
#10967=FACE_BOUND('',#10968,.T.);
#10968=EDGE_LOOP('',(#10969,#10970,#10971));
#10969=ORIENTED_EDGE('',*,*,#10972,.T.);
#10970=ORIENTED_EDGE('',*,*,#10973,.T.);
#10971=ORIENTED_EDGE('',*,*,#10974,.T.);
#10972=EDGE_CURVE('',#597,#869,#10975,.F.);
#10973=EDGE_CURVE('',#869,#871,#10976,.T.);
#10974=EDGE_CURVE('',#871,#597,#10977,.T.);
#10975=LINE('',#596,#10978);
#10976=LINE('',#868,#10979);
#10977=LINE('',#870,#10980);
#10978=VECTOR('',#10981,1.0);
#10979=VECTOR('',#10982,1.0);
#10980=VECTOR('',#10983,1.0);
#10981=DIRECTION('',(0,0,1));
#10982=DIRECTION('',(-0.9469274266912445,-0.321447427396608,0));
#10983=DIRECTION('',(0.26874697196710934,0.09122982429742563,-0.9588806934218513));
#10984=FACE_SURFACE('',(#10989),#10985,.T.);
#10985=PLANE('',#10986);
#10986=AXIS2_PLACEMENT_3D('',#620,#10987,#10988);
#10987=DIRECTION('',(-0.3594851481015243,0.9331508068337214,0));
#10988=DIRECTION('',(-0.9331508068337213,-0.3594851481015242,0));
#10989=FACE_BOUND('',#10990,.T.);
#10990=EDGE_LOOP('',(#10991,#10992,#10993));
#10991=ORIENTED_EDGE('',*,*,#10994,.T.);
#10992=ORIENTED_EDGE('',*,*,#10995,.T.);
#10993=ORIENTED_EDGE('',*,*,#10996,.T.);
#10994=EDGE_CURVE('',#621,#619,#10997,.F.);
#10995=EDGE_CURVE('',#619,#771,#10998,.T.);
#10996=EDGE_CURVE('',#771,#621,#10999,.T.);
#10997=LINE('',#620,#11000);
#10998=LINE('',#618,#11001);
#10999=LINE('',#770,#11002);
#11000=VECTOR('',#11003,1.0);
#11001=VECTOR('',#11004,1.0);
#11002=VECTOR('',#11005,1.0);
#11003=DIRECTION('',(-0.9331508068337213,-0.3594851481015242,0));
#11004=DIRECTION('',(0.1024273673754067,0.03945891388717246,0.993957558715355));
#11005=DIRECTION('',(0,0,-1));
#11006=FACE_SURFACE('',(#11011),#11007,.T.);
#11007=PLANE('',#11008);
#11008=AXIS2_PLACEMENT_3D('',#756,#11009,#11010);
#11009=DIRECTION('',(-0.3594851481015243,0.9331508068337214,0));
#11010=DIRECTION('',(0.9331508068337213,0.3594851481015242,0));
#11011=FACE_BOUND('',#11012,.T.);
#11012=EDGE_LOOP('',(#11013,#11014,#11015));
#11013=ORIENTED_EDGE('',*,*,#11016,.T.);
#11014=ORIENTED_EDGE('',*,*,#11017,.T.);
#11015=ORIENTED_EDGE('',*,*,#11018,.T.);
#11016=EDGE_CURVE('',#757,#771,#11019,.F.);
#11017=EDGE_CURVE('',#771,#619,#11020,.T.);
#11018=EDGE_CURVE('',#619,#757,#11021,.T.);
#11019=LINE('',#756,#11022);
#11020=LINE('',#770,#11023);
#11021=LINE('',#618,#11024);
#11022=VECTOR('',#11025,1.0);
#11023=VECTOR('',#11026,1.0);
#11024=VECTOR('',#11027,1.0);
#11025=DIRECTION('',(0.9331508068337213,0.3594851481015242,0));
#11026=DIRECTION('',(-0.1024273673754067,-0.03945891388717246,-0.993957558715355));
#11027=DIRECTION('',(0,0,1));
#11028=FACE_SURFACE('',(#11033),#11029,.T.);
#11029=PLANE('',#11030);
#11030=AXIS2_PLACEMENT_3D('',#754,#11031,#11032);
#11031=DIRECTION('',(-0.4052632392685573,0.9142000365880304,0));
#11032=DIRECTION('',(0.10034015196858898,0.04448060970031916,-0.9939584142526328));
#11033=FACE_BOUND('',#11034,.T.);
#11034=EDGE_LOOP('',(#11035,#11036,#11037));
#11035=ORIENTED_EDGE('',*,*,#11038,.T.);
#11036=ORIENTED_EDGE('',*,*,#11039,.T.);
#11037=ORIENTED_EDGE('',*,*,#11040,.T.);
#11038=EDGE_CURVE('',#755,#619,#11041,.F.);
#11039=EDGE_CURVE('',#619,#615,#11042,.T.);
#11040=EDGE_CURVE('',#615,#755,#11043,.T.);
#11041=LINE('',#754,#11044);
#11042=LINE('',#618,#11045);
#11043=LINE('',#614,#11046);
#11044=VECTOR('',#11047,1.0);
#11045=VECTOR('',#11048,1.0);
#11046=VECTOR('',#11049,1.0);
#11047=DIRECTION('',(0.10034015196858898,0.04448060970031916,-0.9939584142526328));
#11048=DIRECTION('',(-0.9142000365880304,-0.40526323926855723,0));
#11049=DIRECTION('',(0,0,1));
#11050=FACE_SURFACE('',(#11055),#11051,.T.);
#11051=PLANE('',#11052);
#11052=AXIS2_PLACEMENT_3D('',#618,#11053,#11054);
#11053=DIRECTION('',(-0.4052632392685573,0.9142000365880304,0));
#11054=DIRECTION('',(-0.10034015196858898,-0.04448060970031916,0.9939584142526328));
#11055=FACE_BOUND('',#11056,.T.);
#11056=EDGE_LOOP('',(#11057,#11058,#11059));
#11057=ORIENTED_EDGE('',*,*,#11060,.T.);
#11058=ORIENTED_EDGE('',*,*,#11061,.T.);
#11059=ORIENTED_EDGE('',*,*,#11062,.T.);
#11060=EDGE_CURVE('',#619,#755,#11063,.F.);
#11061=EDGE_CURVE('',#755,#757,#11064,.T.);
#11062=EDGE_CURVE('',#757,#619,#11065,.T.);
#11063=LINE('',#618,#11066);
#11064=LINE('',#754,#11067);
#11065=LINE('',#756,#11068);
#11066=VECTOR('',#11069,1.0);
#11067=VECTOR('',#11070,1.0);
#11068=VECTOR('',#11071,1.0);
#11069=DIRECTION('',(-0.10034015196858898,-0.04448060970031916,0.9939584142526328));
#11070=DIRECTION('',(0.9142000365880304,0.40526323926855723,0));
#11071=DIRECTION('',(0,0,-1));
#11072=FACE_SURFACE('',(#11077),#11073,.T.);
#11073=PLANE('',#11074);
#11074=AXIS2_PLACEMENT_3D('',#614,#11075,#11076);
#11075=DIRECTION('',(-0.44992315232478786,0.8930672746227608,0));
#11076=DIRECTION('',(-0.8930672746227608,-0.4499231523247879,0));
#11077=FACE_BOUND('',#11078,.T.);
#11078=EDGE_LOOP('',(#11079,#11080,#11081));
#11079=ORIENTED_EDGE('',*,*,#11082,.T.);
#11080=ORIENTED_EDGE('',*,*,#11083,.T.);
#11081=ORIENTED_EDGE('',*,*,#11084,.T.);
#11082=EDGE_CURVE('',#615,#613,#11085,.F.);
#11083=EDGE_CURVE('',#613,#759,#11086,.T.);
#11084=EDGE_CURVE('',#759,#615,#11087,.T.);
#11085=LINE('',#614,#11088);
#11086=LINE('',#612,#11089);
#11087=LINE('',#758,#11090);
#11088=VECTOR('',#11091,1.0);
#11089=VECTOR('',#11092,1.0);
#11090=VECTOR('',#11093,1.0);
#11091=DIRECTION('',(-0.8930672746227608,-0.4499231523247879,0));
#11092=DIRECTION('',(0,0,1));
#11093=DIRECTION('',(0.09805357497882587,0.04939893645730496,-0.9939543457879536));
#11094=FACE_SURFACE('',(#11099),#11095,.T.);
#11095=PLANE('',#11096);
#11096=AXIS2_PLACEMENT_3D('',#614,#11097,#11098);
#11097=DIRECTION('',(-0.44992315232478786,0.8930672746227608,0));
#11098=DIRECTION('',(-0.09805357497882587,-0.04939893645730496,0.9939543457879536));
#11099=FACE_BOUND('',#11100,.T.);
#11100=EDGE_LOOP('',(#11101,#11102,#11103));
#11101=ORIENTED_EDGE('',*,*,#11104,.T.);
#11102=ORIENTED_EDGE('',*,*,#11105,.T.);
#11103=ORIENTED_EDGE('',*,*,#11106,.T.);
#11104=EDGE_CURVE('',#615,#759,#11107,.F.);
#11105=EDGE_CURVE('',#759,#755,#11108,.T.);
#11106=EDGE_CURVE('',#755,#615,#11109,.T.);
#11107=LINE('',#614,#11110);
#11108=LINE('',#758,#11111);
#11109=LINE('',#754,#11112);
#11110=VECTOR('',#11113,1.0);
#11111=VECTOR('',#11114,1.0);
#11112=VECTOR('',#11115,1.0);
#11113=DIRECTION('',(-0.09805357497882587,-0.04939893645730496,0.9939543457879536));
#11114=DIRECTION('',(0.8930672746227608,0.4499231523247879,0));
#11115=DIRECTION('',(0,0,-1));
#11116=FACE_SURFACE('',(#11121),#11117,.T.);
#11117=PLANE('',#11118);
#11118=AXIS2_PLACEMENT_3D('',#760,#11119,#11120);
#11119=DIRECTION('',(-0.4926290216009168,0.8702394193993532,0));
#11120=DIRECTION('',(0.8702394193993532,0.4926290216009168,0));
#11121=FACE_BOUND('',#11122,.T.);
#11122=EDGE_LOOP('',(#11123,#11124,#11125));
#11123=ORIENTED_EDGE('',*,*,#11126,.T.);
#11124=ORIENTED_EDGE('',*,*,#11127,.T.);
#11125=ORIENTED_EDGE('',*,*,#11128,.T.);
#11126=EDGE_CURVE('',#761,#759,#11129,.F.);
#11127=EDGE_CURVE('',#759,#603,#11130,.T.);
#11128=EDGE_CURVE('',#603,#761,#11131,.T.);
#11129=LINE('',#760,#11132);
#11130=LINE('',#758,#11133);
#11131=LINE('',#602,#11134);
#11132=VECTOR('',#11135,1.0);
#11133=VECTOR('',#11136,1.0);
#11134=VECTOR('',#11137,1.0);
#11135=DIRECTION('',(0.8702394193993532,0.4926290216009168,0));
#11136=DIRECTION('',(-0.09551920854522046,-0.05407194066456335,-0.993957899526767));
#11137=DIRECTION('',(0,0,1));
#11138=FACE_SURFACE('',(#11143),#11139,.T.);
#11139=PLANE('',#11140);
#11140=AXIS2_PLACEMENT_3D('',#758,#11141,#11142);
#11141=DIRECTION('',(-0.4926290216009168,0.8702394193993532,0));
#11142=DIRECTION('',(0,0,-1));
#11143=FACE_BOUND('',#11144,.T.);
#11144=EDGE_LOOP('',(#11145,#11146,#11147));
#11145=ORIENTED_EDGE('',*,*,#11148,.T.);
#11146=ORIENTED_EDGE('',*,*,#11149,.T.);
#11147=ORIENTED_EDGE('',*,*,#11150,.T.);
#11148=EDGE_CURVE('',#759,#613,#11151,.F.);
#11149=EDGE_CURVE('',#613,#603,#11152,.T.);
#11150=EDGE_CURVE('',#603,#759,#11153,.T.);
#11151=LINE('',#758,#11154);
#11152=LINE('',#612,#11155);
#11153=LINE('',#602,#11156);
#11154=VECTOR('',#11157,1.0);
#11155=VECTOR('',#11158,1.0);
#11156=VECTOR('',#11159,1.0);
#11157=DIRECTION('',(0,0,-1));
#11158=DIRECTION('',(-0.8702394193993532,-0.4926290216009168,0));
#11159=DIRECTION('',(0.09551920854522046,0.05407194066456335,0.993957899526767));
#11160=FACE_SURFACE('',(#11165),#11161,.T.);
#11161=PLANE('',#11162);
#11162=AXIS2_PLACEMENT_3D('',#602,#11163,#11164);
#11163=DIRECTION('',(-0.5351186803123286,0.8447768924282859,0));
#11164=DIRECTION('',(-0.8447768924282859,-0.5351186803123286,0));
#11165=FACE_BOUND('',#11166,.T.);
#11166=EDGE_LOOP('',(#11167,#11168,#11169));
#11167=ORIENTED_EDGE('',*,*,#11170,.T.);
#11168=ORIENTED_EDGE('',*,*,#11171,.T.);
#11169=ORIENTED_EDGE('',*,*,#11172,.T.);
#11170=EDGE_CURVE('',#603,#601,#11173,.F.);
#11171=EDGE_CURVE('',#601,#763,#11174,.T.);
#11172=EDGE_CURVE('',#763,#603,#11175,.T.);
#11173=LINE('',#602,#11176);
#11174=LINE('',#600,#11177);
#11175=LINE('',#762,#11178);
#11176=VECTOR('',#11179,1.0);
#11177=VECTOR('',#11180,1.0);
#11178=VECTOR('',#11181,1.0);
#11179=DIRECTION('',(-0.8447768924282859,-0.5351186803123286,0));
#11180=DIRECTION('',(0,0,1));
#11181=DIRECTION('',(0.09273618429941041,0.058743160477384974,-0.9939563578038595));
#11182=FACE_SURFACE('',(#11187),#11183,.T.);
#11183=PLANE('',#11184);
#11184=AXIS2_PLACEMENT_3D('',#602,#11185,#11186);
#11185=DIRECTION('',(-0.5351186803123286,0.8447768924282859,0));
#11186=DIRECTION('',(-0.09273618429941041,-0.058743160477384974,0.9939563578038595));
#11187=FACE_BOUND('',#11188,.T.);
#11188=EDGE_LOOP('',(#11189,#11190,#11191));
#11189=ORIENTED_EDGE('',*,*,#11192,.T.);
#11190=ORIENTED_EDGE('',*,*,#11193,.T.);
#11191=ORIENTED_EDGE('',*,*,#11194,.T.);
#11192=EDGE_CURVE('',#603,#763,#11195,.F.);
#11193=EDGE_CURVE('',#763,#761,#11196,.T.);
#11194=EDGE_CURVE('',#761,#603,#11197,.T.);
#11195=LINE('',#602,#11198);
#11196=LINE('',#762,#11199);
#11197=LINE('',#760,#11200);
#11198=VECTOR('',#11201,1.0);
#11199=VECTOR('',#11202,1.0);
#11200=VECTOR('',#11203,1.0);
#11201=DIRECTION('',(-0.09273618429941041,-0.058743160477384974,0.9939563578038595));
#11202=DIRECTION('',(0.8447768924282859,0.5351186803123286,0));
#11203=DIRECTION('',(0,0,-1));
#11204=FACE_SURFACE('',(#11209),#11205,.T.);
#11205=PLANE('',#11206);
#11206=AXIS2_PLACEMENT_3D('',#600,#11207,#11208);
#11207=DIRECTION('',(-0.5760346058291229,0.8174253072221871,0));
#11208=DIRECTION('',(-0.8174253072221871,-0.5760346058291228,0));
#11209=FACE_BOUND('',#11210,.T.);
#11210=EDGE_LOOP('',(#11211,#11212,#11213));
#11211=ORIENTED_EDGE('',*,*,#11214,.T.);
#11212=ORIENTED_EDGE('',*,*,#11215,.T.);
#11213=ORIENTED_EDGE('',*,*,#11216,.T.);
#11214=EDGE_CURVE('',#601,#609,#11217,.F.);
#11215=EDGE_CURVE('',#609,#765,#11218,.T.);
#11216=EDGE_CURVE('',#765,#601,#11219,.T.);
#11217=LINE('',#600,#11220);
#11218=LINE('',#608,#11221);
#11219=LINE('',#764,#11222);
#11220=VECTOR('',#11223,1.0);
#11221=VECTOR('',#11224,1.0);
#11222=VECTOR('',#11225,1.0);
#11223=DIRECTION('',(-0.8174253072221871,-0.5760346058291228,0));
#11224=DIRECTION('',(0,0,1));
#11225=DIRECTION('',(0.0897049265051516,0.06321451210744078,-0.9939602364379189));
#11226=FACE_SURFACE('',(#11231),#11227,.T.);
#11227=PLANE('',#11228);
#11228=AXIS2_PLACEMENT_3D('',#600,#11229,#11230);
#11229=DIRECTION('',(-0.5760346058291229,0.8174253072221871,0));
#11230=DIRECTION('',(-0.0897049265051516,-0.06321451210744078,0.9939602364379189));
#11231=FACE_BOUND('',#11232,.T.);
#11232=EDGE_LOOP('',(#11233,#11234,#11235));
#11233=ORIENTED_EDGE('',*,*,#11236,.T.);
#11234=ORIENTED_EDGE('',*,*,#11237,.T.);
#11235=ORIENTED_EDGE('',*,*,#11238,.T.);
#11236=EDGE_CURVE('',#601,#765,#11239,.F.);
#11237=EDGE_CURVE('',#765,#763,#11240,.T.);
#11238=EDGE_CURVE('',#763,#601,#11241,.T.);
#11239=LINE('',#600,#11242);
#11240=LINE('',#764,#11243);
#11241=LINE('',#762,#11244);
#11242=VECTOR('',#11245,1.0);
#11243=VECTOR('',#11246,1.0);
#11244=VECTOR('',#11247,1.0);
#11245=DIRECTION('',(-0.0897049265051516,-0.06321451210744078,0.9939602364379189));
#11246=DIRECTION('',(0.8174253072221871,0.5760346058291228,0));
#11247=DIRECTION('',(0,0,-1));
#11248=FACE_SURFACE('',(#11253),#11249,.T.);
#11249=PLANE('',#11250);
#11250=AXIS2_PLACEMENT_3D('',#766,#11251,#11252);
#11251=DIRECTION('',(-0.6151016792959205,0.7884477941673363,0));
#11252=DIRECTION('',(0.7884477941673365,0.6151016792959206,0));
#11253=FACE_BOUND('',#11254,.T.);
#11254=EDGE_LOOP('',(#11255,#11256,#11257));
#11255=ORIENTED_EDGE('',*,*,#11258,.T.);
#11256=ORIENTED_EDGE('',*,*,#11259,.T.);
#11257=ORIENTED_EDGE('',*,*,#11260,.T.);
#11258=EDGE_CURVE('',#767,#765,#11261,.F.);
#11259=EDGE_CURVE('',#765,#611,#11262,.T.);
#11260=EDGE_CURVE('',#611,#767,#11263,.T.);
#11261=LINE('',#766,#11264);
#11262=LINE('',#764,#11265);
#11263=LINE('',#610,#11266);
#11264=VECTOR('',#11267,1.0);
#11265=VECTOR('',#11268,1.0);
#11266=VECTOR('',#11269,1.0);
#11267=DIRECTION('',(0.7884477941673365,0.6151016792959206,0));
#11268=DIRECTION('',(-0.08657337414148565,-0.06753957359089272,-0.9939534480492125));
#11269=DIRECTION('',(0,0,1));
#11270=FACE_SURFACE('',(#11275),#11271,.T.);
#11271=PLANE('',#11272);
#11272=AXIS2_PLACEMENT_3D('',#608,#11273,#11274);
#11273=DIRECTION('',(-0.6151016792959205,0.7884477941673363,0));
#11274=DIRECTION('',(-0.7884477941673365,-0.6151016792959206,0));
#11275=FACE_BOUND('',#11276,.T.);
#11276=EDGE_LOOP('',(#11277,#11278,#11279));
#11277=ORIENTED_EDGE('',*,*,#11280,.T.);
#11278=ORIENTED_EDGE('',*,*,#11281,.T.);
#11279=ORIENTED_EDGE('',*,*,#11282,.T.);
#11280=EDGE_CURVE('',#609,#611,#11283,.F.);
#11281=EDGE_CURVE('',#611,#765,#11284,.T.);
#11282=EDGE_CURVE('',#765,#609,#11285,.T.);
#11283=LINE('',#608,#11286);
#11284=LINE('',#610,#11287);
#11285=LINE('',#764,#11288);
#11286=VECTOR('',#11289,1.0);
#11287=VECTOR('',#11290,1.0);
#11288=VECTOR('',#11291,1.0);
#11289=DIRECTION('',(-0.7884477941673365,-0.6151016792959206,0));
#11290=DIRECTION('',(0.08657337414148565,0.06753957359089272,0.9939534480492125));
#11291=DIRECTION('',(0,0,-1));
#11292=FACE_SURFACE('',(#11297),#11293,.T.);
#11293=PLANE('',#11294);
#11294=AXIS2_PLACEMENT_3D('',#610,#11295,#11296);
#11295=DIRECTION('',(-0.6531049901146098,0.7572673714662448,0));
#11296=DIRECTION('',(-0.7572673714662449,-0.6531049901146098,0));
#11297=FACE_BOUND('',#11298,.T.);
#11298=EDGE_LOOP('',(#11299,#11300,#11301));
#11299=ORIENTED_EDGE('',*,*,#11302,.T.);
#11300=ORIENTED_EDGE('',*,*,#11303,.T.);
#11301=ORIENTED_EDGE('',*,*,#11304,.T.);
#11302=EDGE_CURVE('',#611,#651,#11305,.F.);
#11303=EDGE_CURVE('',#651,#767,#11306,.T.);
#11304=EDGE_CURVE('',#767,#611,#11307,.T.);
#11305=LINE('',#610,#11308);
#11306=LINE('',#650,#11309);
#11307=LINE('',#766,#11310);
#11308=VECTOR('',#11311,1.0);
#11309=VECTOR('',#11312,1.0);
#11310=VECTOR('',#11313,1.0);
#11311=DIRECTION('',(-0.7572673714662449,-0.6531049901146098,0));
#11312=DIRECTION('',(0.08309521638510729,0.07166544145522574,0.9939613923663936));
#11313=DIRECTION('',(0,0,-1));
#11314=FACE_SURFACE('',(#11319),#11315,.T.);
#11315=PLANE('',#11316);
#11316=AXIS2_PLACEMENT_3D('',#766,#11317,#11318);
#11317=DIRECTION('',(-0.6531049901146098,0.7572673714662448,0));
#11318=DIRECTION('',(-0.08309521638510729,-0.07166544145522574,-0.9939613923663936));
#11319=FACE_BOUND('',#11320,.T.);
#11320=EDGE_LOOP('',(#11321,#11322,#11323));
#11321=ORIENTED_EDGE('',*,*,#11324,.T.);
#11322=ORIENTED_EDGE('',*,*,#11325,.T.);
#11323=ORIENTED_EDGE('',*,*,#11326,.T.);
#11324=EDGE_CURVE('',#767,#651,#11327,.F.);
#11325=EDGE_CURVE('',#651,#769,#11328,.T.);
#11326=EDGE_CURVE('',#769,#767,#11329,.T.);
#11327=LINE('',#766,#11330);
#11328=LINE('',#650,#11331);
#11329=LINE('',#768,#11332);
#11330=VECTOR('',#11333,1.0);
#11331=VECTOR('',#11334,1.0);
#11332=VECTOR('',#11335,1.0);
#11333=DIRECTION('',(-0.08309521638510729,-0.07166544145522574,-0.9939613923663936));
#11334=DIRECTION('',(0,0,1));
#11335=DIRECTION('',(0.7572673714662449,0.6531049901146098,0));
#11336=FACE_SURFACE('',(#11341),#11337,.T.);
#11337=PLANE('',#11338);
#11338=AXIS2_PLACEMENT_3D('',#606,#11339,#11340);
#11339=DIRECTION('',(0.659371021062127,-0.7518177016960216,0));
#11340=DIRECTION('',(0,0,1));
#11341=FACE_BOUND('',#11342,.T.);
#11342=EDGE_LOOP('',(#11343,#11344,#11345));
#11343=ORIENTED_EDGE('',*,*,#11346,.T.);
#11344=ORIENTED_EDGE('',*,*,#11347,.T.);
#11345=ORIENTED_EDGE('',*,*,#11348,.T.);
#11346=EDGE_CURVE('',#607,#873,#11349,.F.);
#11347=EDGE_CURVE('',#873,#647,#11350,.T.);
#11348=EDGE_CURVE('',#647,#607,#11351,.T.);
#11349=LINE('',#606,#11352);
#11350=LINE('',#872,#11353);
#11351=LINE('',#646,#11354);
#11352=VECTOR('',#11355,1.0);
#11353=VECTOR('',#11356,1.0);
#11354=VECTOR('',#11357,1.0);
#11355=DIRECTION('',(0,0,1));
#11356=DIRECTION('',(-0.2133913539757845,-0.187151851624974,-0.9588734611416281));
#11357=DIRECTION('',(0.7518177016960216,0.659371021062127,0));
#11358=FACE_SURFACE('',(#11363),#11359,.T.);
#11359=PLANE('',#11360);
#11360=AXIS2_PLACEMENT_3D('',#604,#11361,#11362);
#11361=DIRECTION('',(0.5555612860625667,-0.8314755903984836,0));
#11362=DIRECTION('',(0,0,1));
#11363=FACE_BOUND('',#11364,.T.);
#11364=EDGE_LOOP('',(#11365,#11366,#11367));
#11365=ORIENTED_EDGE('',*,*,#11368,.T.);
#11366=ORIENTED_EDGE('',*,*,#11369,.T.);
#11367=ORIENTED_EDGE('',*,*,#11370,.T.);
#11368=EDGE_CURVE('',#605,#875,#11371,.F.);
#11369=EDGE_CURVE('',#875,#873,#11372,.T.);
#11370=EDGE_CURVE('',#873,#605,#11373,.T.);
#11371=LINE('',#604,#11374);
#11372=LINE('',#874,#11375);
#11373=LINE('',#872,#11376);
#11374=VECTOR('',#11377,1.0);
#11375=VECTOR('',#11378,1.0);
#11376=VECTOR('',#11379,1.0);
#11377=DIRECTION('',(0,0,1));
#11378=DIRECTION('',(-0.8314755903984836,-0.5555612860625667,0));
#11379=DIRECTION('',(0.2359974159927296,0.1576847588195928,-0.9588747240806597));
#11380=FACE_SURFACE('',(#11385),#11381,.T.);
#11381=PLANE('',#11382);
#11382=AXIS2_PLACEMENT_3D('',#604,#11383,#11384);
#11383=DIRECTION('',(0.5555612860625667,-0.8314755903984836,0));
#11384=DIRECTION('',(-0.2359974159927296,-0.1576847588195928,0.9588747240806597));
#11385=FACE_BOUND('',#11386,.T.);
#11386=EDGE_LOOP('',(#11387,#11388,#11389));
#11387=ORIENTED_EDGE('',*,*,#11390,.T.);
#11388=ORIENTED_EDGE('',*,*,#11391,.T.);
#11389=ORIENTED_EDGE('',*,*,#11392,.T.);
#11390=EDGE_CURVE('',#605,#873,#11393,.F.);
#11391=EDGE_CURVE('',#873,#607,#11394,.T.);
#11392=EDGE_CURVE('',#607,#605,#11395,.T.);
#11393=LINE('',#604,#11396);
#11394=LINE('',#872,#11397);
#11395=LINE('',#606,#11398);
#11396=VECTOR('',#11399,1.0);
#11397=VECTOR('',#11400,1.0);
#11398=VECTOR('',#11401,1.0);
#11399=DIRECTION('',(-0.2359974159927296,-0.1576847588195928,0.9588747240806597));
#11400=DIRECTION('',(0,0,-1));
#11401=DIRECTION('',(0.8314755903984836,0.5555612860625667,0));
#11402=FACE_SURFACE('',(#11407),#11403,.T.);
#11403=PLANE('',#11404);
#11404=AXIS2_PLACEMENT_3D('',#616,#11405,#11406);
#11405=DIRECTION('',(0.44230139127578105,-0.8968664779528268,0));
#11406=DIRECTION('',(0,0,1));
#11407=FACE_BOUND('',#11408,.T.);
#11408=EDGE_LOOP('',(#11409,#11410,#11411));
#11409=ORIENTED_EDGE('',*,*,#11412,.T.);
#11410=ORIENTED_EDGE('',*,*,#11413,.T.);
#11411=ORIENTED_EDGE('',*,*,#11414,.T.);
#11412=EDGE_CURVE('',#617,#871,#11415,.F.);
#11413=EDGE_CURVE('',#871,#875,#11416,.T.);
#11414=EDGE_CURVE('',#875,#617,#11417,.T.);
#11415=LINE('',#616,#11418);
#11416=LINE('',#870,#11419);
#11417=LINE('',#874,#11420);
#11418=VECTOR('',#11421,1.0);
#11419=VECTOR('',#11422,1.0);
#11420=VECTOR('',#11423,1.0);
#11421=DIRECTION('',(0,0,1));
#11422=DIRECTION('',(-0.8968664779528267,-0.44230139127578105,0));
#11423=DIRECTION('',(0.2545654656924534,0.12554227682089988,-0.9588720250416156));
#11424=FACE_SURFACE('',(#11429),#11425,.T.);
#11425=PLANE('',#11426);
#11426=AXIS2_PLACEMENT_3D('',#616,#11427,#11428);
#11427=DIRECTION('',(0.44230139127578105,-0.8968664779528268,0));
#11428=DIRECTION('',(-0.2545654656924534,-0.12554227682089988,0.9588720250416156));
#11429=FACE_BOUND('',#11430,.T.);
#11430=EDGE_LOOP('',(#11431,#11432,#11433));
#11431=ORIENTED_EDGE('',*,*,#11434,.T.);
#11432=ORIENTED_EDGE('',*,*,#11435,.T.);
#11433=ORIENTED_EDGE('',*,*,#11436,.T.);
#11434=EDGE_CURVE('',#617,#875,#11437,.F.);
#11435=EDGE_CURVE('',#875,#605,#11438,.T.);
#11436=EDGE_CURVE('',#605,#617,#11439,.T.);
#11437=LINE('',#616,#11440);
#11438=LINE('',#874,#11441);
#11439=LINE('',#604,#11442);
#11440=VECTOR('',#11443,1.0);
#11441=VECTOR('',#11444,1.0);
#11442=VECTOR('',#11445,1.0);
#11443=DIRECTION('',(-0.2545654656924534,-0.12554227682089988,0.9588720250416156));
#11444=DIRECTION('',(0,0,-1));
#11445=DIRECTION('',(0.8968664779528267,0.44230139127578105,0));
#11446=FACE_SURFACE('',(#11451),#11447,.T.);
#11447=PLANE('',#11448);
#11448=AXIS2_PLACEMENT_3D('',#870,#11449,#11450);
#11449=DIRECTION('',(0.32144742739660803,-0.9469274266912447,0));
#11450=DIRECTION('',(0,0,-1));
#11451=FACE_BOUND('',#11452,.T.);
#11452=EDGE_LOOP('',(#11453,#11454,#11455));
#11453=ORIENTED_EDGE('',*,*,#11456,.T.);
#11454=ORIENTED_EDGE('',*,*,#11457,.T.);
#11455=ORIENTED_EDGE('',*,*,#11458,.T.);
#11456=EDGE_CURVE('',#871,#617,#11459,.F.);
#11457=EDGE_CURVE('',#617,#597,#11460,.T.);
#11458=EDGE_CURVE('',#597,#871,#11461,.T.);
#11459=LINE('',#870,#11462);
#11460=LINE('',#616,#11463);
#11461=LINE('',#596,#11464);
#11462=VECTOR('',#11465,1.0);
#11463=VECTOR('',#11466,1.0);
#11464=VECTOR('',#11467,1.0);
#11465=DIRECTION('',(0,0,-1));
#11466=DIRECTION('',(0.9469274266912445,0.321447427396608,0));
#11467=DIRECTION('',(-0.26874697196710934,-0.09122982429742563,0.9588806934218513));
#11468=FACE_SURFACE('',(#11473),#11469,.T.);
#11469=PLANE('',#11470);
#11470=AXIS2_PLACEMENT_3D('',#876,#11471,#11472);
#11471=DIRECTION('',(0,0,-1));
#11472=DIRECTION('',(0,1,0));
#11473=FACE_BOUND('',#11474,.T.);
#11474=EDGE_LOOP('',(#11475,#11476,#11477));
#11475=ORIENTED_EDGE('',*,*,#11478,.T.);
#11476=ORIENTED_EDGE('',*,*,#11479,.T.);
#11477=ORIENTED_EDGE('',*,*,#11480,.T.);
#11478=EDGE_CURVE('',#877,#879,#11481,.F.);
#11479=EDGE_CURVE('',#879,#127,#11482,.T.);
#11480=EDGE_CURVE('',#127,#877,#11483,.T.);
#11481=LINE('',#876,#11484);
#11482=LINE('',#878,#11485);
#11483=LINE('',#126,#11486);
#11484=VECTOR('',#11487,1.0);
#11485=VECTOR('',#11488,1.0);
#11486=VECTOR('',#11489,1.0);
#11487=DIRECTION('',(0,1,0));
#11488=DIRECTION('',(0.9832540180300438,0.18224032492226996,0));
#11489=DIRECTION('',(-0.9553938717367547,-0.2953346404468214,0));
#11490=FACE_SURFACE('',(#11495),#11491,.T.);
#11491=PLANE('',#11492);
#11492=AXIS2_PLACEMENT_3D('',#868,#11493,#11494);
#11493=DIRECTION('',(0,-0,-1));
#11494=DIRECTION('',(0.05031380298120596,-0.9987334585511634,0));
#11495=FACE_BOUND('',#11496,.T.);
#11496=EDGE_LOOP('',(#11497,#11498,#11499));
#11497=ORIENTED_EDGE('',*,*,#11500,.T.);
#11498=ORIENTED_EDGE('',*,*,#11501,.T.);
#11499=ORIENTED_EDGE('',*,*,#11502,.T.);
#11500=EDGE_CURVE('',#869,#881,#11503,.F.);
#11501=EDGE_CURVE('',#881,#871,#11504,.T.);
#11502=EDGE_CURVE('',#871,#869,#11505,.T.);
#11503=LINE('',#868,#11506);
#11504=LINE('',#880,#11507);
#11505=LINE('',#870,#11508);
#11506=VECTOR('',#11509,1.0);
#11507=VECTOR('',#11510,1.0);
#11508=VECTOR('',#11511,1.0);
#11509=DIRECTION('',(0.05031380298120596,-0.9987334585511634,0));
#11510=DIRECTION('',(-0.23863605609017938,0.9711090735513311,0));
#11511=DIRECTION('',(0.9469274266912445,0.321447427396608,0));
#11512=FACE_SURFACE('',(#11517),#11513,.T.);
#11513=PLANE('',#11514);
#11514=AXIS2_PLACEMENT_3D('',#874,#11515,#11516);
#11515=DIRECTION('',(0,-0,-1));
#11516=DIRECTION('',(0.42523579764734387,-0.9050826019757684,0));
#11517=FACE_BOUND('',#11518,.T.);
#11518=EDGE_LOOP('',(#11519,#11520,#11521));
#11519=ORIENTED_EDGE('',*,*,#11522,.T.);
#11520=ORIENTED_EDGE('',*,*,#11523,.T.);
#11521=ORIENTED_EDGE('',*,*,#11524,.T.);
#11522=EDGE_CURVE('',#875,#881,#11525,.F.);
#11523=EDGE_CURVE('',#881,#873,#11526,.T.);
#11524=EDGE_CURVE('',#873,#875,#11527,.T.);
#11525=LINE('',#874,#11528);
#11526=LINE('',#880,#11529);
#11527=LINE('',#872,#11530);
#11528=VECTOR('',#11531,1.0);
#11529=VECTOR('',#11532,1.0);
#11530=VECTOR('',#11533,1.0);
#11531=DIRECTION('',(0.42523579764734387,-0.9050826019757684,0));
#11532=DIRECTION('',(-0.5988174733371339,0.800885530913208,0));
#11533=DIRECTION('',(0.8314755903984836,0.5555612860625667,0));
#11534=FACE_SURFACE('',(#11539),#11535,.T.);
#11535=PLANE('',#11536);
#11536=AXIS2_PLACEMENT_3D('',#882,#11537,#11538);
#11537=DIRECTION('',(0,0,-1));
#11538=DIRECTION('',(-0.1951903802810728,0.9807653722709272,0));
#11539=FACE_BOUND('',#11540,.T.);
#11540=EDGE_LOOP('',(#11541,#11542,#11543));
#11541=ORIENTED_EDGE('',*,*,#11544,.T.);
#11542=ORIENTED_EDGE('',*,*,#11545,.T.);
#11543=ORIENTED_EDGE('',*,*,#11546,.T.);
#11544=EDGE_CURVE('',#883,#885,#11547,.F.);
#11545=EDGE_CURVE('',#885,#179,#11548,.T.);
#11546=EDGE_CURVE('',#179,#883,#11549,.T.);
#11547=LINE('',#882,#11550);
#11548=LINE('',#884,#11551);
#11549=LINE('',#178,#11552);
#11550=VECTOR('',#11553,1.0);
#11551=VECTOR('',#11554,1.0);
#11552=VECTOR('',#11555,1.0);
#11553=DIRECTION('',(-0.1951903802810728,0.9807653722709272,0));
#11554=DIRECTION('',(0.9945874164612146,0.10390318097636048,0));
#11555=DIRECTION('',(-0.9639263207117938,-0.2661692097877286,0));
#11556=FACE_SURFACE('',(#11561),#11557,.T.);
#11557=PLANE('',#11558);
#11558=AXIS2_PLACEMENT_3D('',#886,#11559,#11560);
#11559=DIRECTION('',(0,0,-1));
#11560=DIRECTION('',(-0.7518163569599541,0.6593725543328769,0));
#11561=FACE_BOUND('',#11562,.T.);
#11562=EDGE_LOOP('',(#11563,#11564,#11565));
#11563=ORIENTED_EDGE('',*,*,#11566,.T.);
#11564=ORIENTED_EDGE('',*,*,#11567,.T.);
#11565=ORIENTED_EDGE('',*,*,#11568,.T.);
#11566=EDGE_CURVE('',#887,#889,#11569,.F.);
#11567=EDGE_CURVE('',#889,#119,#11570,.T.);
#11568=EDGE_CURVE('',#119,#887,#11571,.T.);
#11569=LINE('',#886,#11572);
#11570=LINE('',#888,#11573);
#11571=LINE('',#118,#11574);
#11572=VECTOR('',#11575,1.0);
#11573=VECTOR('',#11576,1.0);
#11574=VECTOR('',#11577,1.0);
#11575=DIRECTION('',(-0.7518163569599541,0.6593725543328769,0));
#11576=DIRECTION('',(0.758584092674836,0.651575148651862,0));
#11577=DIRECTION('',(-0.6139332517948533,-0.7893579431035056,0));
#11578=FACE_SURFACE('',(#11583),#11579,.T.);
#11579=PLANE('',#11580);
#11580=AXIS2_PLACEMENT_3D('',#182,#11581,#11582);
#11581=DIRECTION('',(0,-0,-1));
#11582=DIRECTION('',(0.1950114988286058,-0.9808009560173871,0));
#11583=FACE_BOUND('',#11584,.T.);
#11584=EDGE_LOOP('',(#11585,#11586,#11587));
#11585=ORIENTED_EDGE('',*,*,#11588,.T.);
#11586=ORIENTED_EDGE('',*,*,#11589,.T.);
#11587=ORIENTED_EDGE('',*,*,#11590,.T.);
#11588=EDGE_CURVE('',#183,#179,#11591,.F.);
#11589=EDGE_CURVE('',#179,#877,#11592,.T.);
#11590=EDGE_CURVE('',#877,#183,#11593,.T.);
#11591=LINE('',#182,#11594);
#11592=LINE('',#178,#11595);
#11593=LINE('',#876,#11596);
#11594=VECTOR('',#11597,1.0);
#11595=VECTOR('',#11598,1.0);
#11596=VECTOR('',#11599,1.0);
#11597=DIRECTION('',(0.1950114988286058,-0.9808009560173871,0));
#11598=DIRECTION('',(-0.9999978491187599,0.0020740679482151693,0));
#11599=DIRECTION('',(0.9995813887322275,0.0289317697376336,0));
#11600=FACE_SURFACE('',(#11605),#11601,.T.);
#11601=PLANE('',#11602);
#11602=AXIS2_PLACEMENT_3D('',#884,#11603,#11604);
#11603=DIRECTION('',(0,0,-1));
#11604=DIRECTION('',(0.17371898181103582,0.9847952657068052,0));
#11605=FACE_BOUND('',#11606,.T.);
#11606=EDGE_LOOP('',(#11607,#11608,#11609));
#11607=ORIENTED_EDGE('',*,*,#11610,.T.);
#11608=ORIENTED_EDGE('',*,*,#11611,.T.);
#11609=ORIENTED_EDGE('',*,*,#11612,.T.);
#11610=EDGE_CURVE('',#885,#877,#11613,.F.);
#11611=EDGE_CURVE('',#877,#179,#11614,.T.);
#11612=EDGE_CURVE('',#179,#885,#11615,.T.);
#11613=LINE('',#884,#11616);
#11614=LINE('',#876,#11617);
#11615=LINE('',#178,#11618);
#11616=VECTOR('',#11619,1.0);
#11617=VECTOR('',#11620,1.0);
#11618=VECTOR('',#11621,1.0);
#11619=DIRECTION('',(0.17371898181103582,0.9847952657068052,0));
#11620=DIRECTION('',(0.9999978491187599,-0.0020740679482151693,0));
#11621=DIRECTION('',(-0.9945874164612146,-0.10390318097636048,0));
#11622=FACE_SURFACE('',(#11627),#11623,.T.);
#11623=PLANE('',#11624);
#11624=AXIS2_PLACEMENT_3D('',#278,#11625,#11626);
#11625=DIRECTION('',(0.26663525485122663,0.9637975103051581,0));
#11626=DIRECTION('',(-0.10580658137668117,0.02927146468906732,-0.9939558082190256));
#11627=FACE_BOUND('',#11628,.T.);
#11628=EDGE_LOOP('',(#11629,#11630,#11631));
#11629=ORIENTED_EDGE('',*,*,#11632,.T.);
#11630=ORIENTED_EDGE('',*,*,#11633,.T.);
#11631=ORIENTED_EDGE('',*,*,#11634,.T.);
#11632=EDGE_CURVE('',#279,#283,#11635,.F.);
#11633=EDGE_CURVE('',#283,#411,#11636,.T.);
#11634=EDGE_CURVE('',#411,#279,#11637,.T.);
#11635=LINE('',#278,#11638);
#11636=LINE('',#282,#11639);
#11637=LINE('',#410,#11640);
#11638=VECTOR('',#11641,1.0);
#11639=VECTOR('',#11642,1.0);
#11640=VECTOR('',#11643,1.0);
#11641=DIRECTION('',(-0.10580658137668117,0.02927146468906732,-0.9939558082190256));
#11642=DIRECTION('',(0,0,1));
#11643=DIRECTION('',(0.9637975103051583,-0.2666352548512267,0));
#11644=FACE_SURFACE('',(#11649),#11645,.T.);
#11645=PLANE('',#11646);
#11646=AXIS2_PLACEMENT_3D('',#408,#11647,#11648);
#11647=DIRECTION('',(0.219125672585968,0.9756966432317716,0));
#11648=DIRECTION('',(0.9756966432317716,-0.219125672585968,0));
#11649=FACE_BOUND('',#11650,.T.);
#11650=EDGE_LOOP('',(#11651,#11652,#11653));
#11651=ORIENTED_EDGE('',*,*,#11654,.T.);
#11652=ORIENTED_EDGE('',*,*,#11655,.T.);
#11653=ORIENTED_EDGE('',*,*,#11656,.T.);
#11654=EDGE_CURVE('',#409,#411,#11657,.F.);
#11655=EDGE_CURVE('',#411,#891,#11658,.T.);
#11656=EDGE_CURVE('',#891,#409,#11659,.T.);
#11657=LINE('',#408,#11660);
#11658=LINE('',#410,#11661);
#11659=LINE('',#890,#11662);
#11660=VECTOR('',#11663,1.0);
#11661=VECTOR('',#11664,1.0);
#11662=VECTOR('',#11665,1.0);
#11663=DIRECTION('',(0.9756966432317716,-0.219125672585968,0));
#11664=DIRECTION('',(-0.10709894243934416,0.02405268887421234,-0.993957385749658));
#11665=DIRECTION('',(0,0,1));
#11666=FACE_SURFACE('',(#11671),#11667,.T.);
#11667=PLANE('',#11668);
#11668=AXIS2_PLACEMENT_3D('',#282,#11669,#11670);
#11669=DIRECTION('',(0.219125672585968,0.9756966432317716,-0));
#11670=DIRECTION('',(-0.9756966432317716,0.219125672585968,0));
#11671=FACE_BOUND('',#11672,.T.);
#11672=EDGE_LOOP('',(#11673,#11674,#11675));
#11673=ORIENTED_EDGE('',*,*,#11676,.T.);
#11674=ORIENTED_EDGE('',*,*,#11677,.T.);
#11675=ORIENTED_EDGE('',*,*,#11678,.T.);
#11676=EDGE_CURVE('',#283,#891,#11679,.F.);
#11677=EDGE_CURVE('',#891,#411,#11680,.T.);
#11678=EDGE_CURVE('',#411,#283,#11681,.T.);
#11679=LINE('',#282,#11682);
#11680=LINE('',#890,#11683);
#11681=LINE('',#410,#11684);
#11682=VECTOR('',#11685,1.0);
#11683=VECTOR('',#11686,1.0);
#11684=VECTOR('',#11687,1.0);
#11685=DIRECTION('',(-0.9756966432317716,0.219125672585968,0));
#11686=DIRECTION('',(0.10709894243934416,-0.02405268887421234,0.993957385749658));
#11687=DIRECTION('',(0,0,-1));
#11688=FACE_SURFACE('',(#11693),#11689,.T.);
#11689=PLANE('',#11690);
#11690=AXIS2_PLACEMENT_3D('',#262,#11691,#11692);
#11691=DIRECTION('',(0,-0,-1));
#11692=DIRECTION('',(0.6593722780424142,-0.7518165992774815,0));
#11693=FACE_BOUND('',#11694,.T.);
#11694=EDGE_LOOP('',(#11695,#11696,#11697));
#11695=ORIENTED_EDGE('',*,*,#11698,.T.);
#11696=ORIENTED_EDGE('',*,*,#11699,.T.);
#11697=ORIENTED_EDGE('',*,*,#11700,.T.);
#11698=EDGE_CURVE('',#263,#261,#11701,.F.);
#11699=EDGE_CURVE('',#261,#267,#11702,.T.);
#11700=EDGE_CURVE('',#267,#263,#11703,.T.);
#11701=LINE('',#262,#11704);
#11702=LINE('',#260,#11705);
#11703=LINE('',#266,#11706);
#11704=VECTOR('',#11707,1.0);
#11705=VECTOR('',#11708,1.0);
#11706=VECTOR('',#11709,1.0);
#11707=DIRECTION('',(0.6593722780424142,-0.7518165992774815,0));
#11708=DIRECTION('',(-0.8587150087024187,-0.5124534455237909,0));
#11709=DIRECTION('',(0.7366275181371059,0.676298676268975,0));
#11710=FACE_SURFACE('',(#11715),#11711,.T.);
#11711=PLANE('',#11712);
#11712=AXIS2_PLACEMENT_3D('',#286,#11713,#11714);
#11713=DIRECTION('',(0,-0,-1));
#11714=DIRECTION('',(0.9469274442112973,-0.32144737578561833,0));
#11715=FACE_BOUND('',#11716,.T.);
#11716=EDGE_LOOP('',(#11717,#11718,#11719));
#11717=ORIENTED_EDGE('',*,*,#11720,.T.);
#11718=ORIENTED_EDGE('',*,*,#11721,.T.);
#11719=ORIENTED_EDGE('',*,*,#11722,.T.);
#11720=EDGE_CURVE('',#287,#293,#11723,.F.);
#11721=EDGE_CURVE('',#293,#267,#11724,.T.);
#11722=EDGE_CURVE('',#267,#287,#11725,.T.);
#11723=LINE('',#286,#11726);
#11724=LINE('',#292,#11727);
#11725=LINE('',#266,#11728);
#11726=VECTOR('',#11729,1.0);
#11727=VECTOR('',#11730,1.0);
#11728=VECTOR('',#11731,1.0);
#11729=DIRECTION('',(0.9469274442112973,-0.32144737578561833,0));
#11730=DIRECTION('',(-0.2147818131248009,-0.9766620565737276,0));
#11731=DIRECTION('',(0.026127776653957116,0.9996586113704623,0));
#11732=FACE_SURFACE('',(#11737),#11733,.T.);
#11733=PLANE('',#11734);
#11734=AXIS2_PLACEMENT_3D('',#230,#11735,#11736);
#11735=DIRECTION('',(0,1,0));
#11736=DIRECTION('',(0.38832384627134336,0,0.9215229733528242));
#11737=FACE_BOUND('',#11738,.T.);
#11738=EDGE_LOOP('',(#11739,#11740,#11741));
#11739=ORIENTED_EDGE('',*,*,#11742,.T.);
#11740=ORIENTED_EDGE('',*,*,#11743,.T.);
#11741=ORIENTED_EDGE('',*,*,#11744,.T.);
#11742=EDGE_CURVE('',#231,#115,#11745,.F.);
#11743=EDGE_CURVE('',#115,#233,#11746,.T.);
#11744=EDGE_CURVE('',#233,#231,#11747,.T.);
#11745=LINE('',#230,#11748);
#11746=LINE('',#114,#11749);
#11747=LINE('',#232,#11750);
#11748=VECTOR('',#11751,1.0);
#11749=VECTOR('',#11752,1.0);
#11750=VECTOR('',#11753,1.0);
#11751=DIRECTION('',(0.38832384627134336,0,0.9215229733528242));
#11752=DIRECTION('',(0.5336864431295388,0,-0.8456824347352507));
#11753=DIRECTION('',(-1,0,0));
#11754=FACE_SURFACE('',(#11759),#11755,.T.);
#11755=PLANE('',#11756);
#11756=AXIS2_PLACEMENT_3D('',#892,#11757,#11758);
#11757=DIRECTION('',(0,0,-1));
#11758=DIRECTION('',(0,1,0));
#11759=FACE_BOUND('',#11760,.T.);
#11760=EDGE_LOOP('',(#11761,#11762,#11763));
#11761=ORIENTED_EDGE('',*,*,#11764,.T.);
#11762=ORIENTED_EDGE('',*,*,#11765,.T.);
#11763=ORIENTED_EDGE('',*,*,#11766,.T.);
#11764=EDGE_CURVE('',#893,#231,#11767,.F.);
#11765=EDGE_CURVE('',#231,#399,#11768,.T.);
#11766=EDGE_CURVE('',#399,#893,#11769,.T.);
#11767=LINE('',#892,#11770);
#11768=LINE('',#230,#11771);
#11769=LINE('',#398,#11772);
#11770=VECTOR('',#11773,1.0);
#11771=VECTOR('',#11774,1.0);
#11772=VECTOR('',#11775,1.0);
#11773=DIRECTION('',(0,1,0));
#11774=DIRECTION('',(0.9805806792876681,-0.19611611715444324,0));
#11775=DIRECTION('',(-1,0,0));
#11776=FACE_SURFACE('',(#11781),#11777,.T.);
#11777=PLANE('',#11778);
#11778=AXIS2_PLACEMENT_3D('',#232,#11779,#11780);
#11779=DIRECTION('',(-0,-0,-1));
#11780=DIRECTION('',(0,-1,0));
#11781=FACE_BOUND('',#11782,.T.);
#11782=EDGE_LOOP('',(#11783,#11784,#11785));
#11783=ORIENTED_EDGE('',*,*,#11786,.T.);
#11784=ORIENTED_EDGE('',*,*,#11787,.T.);
#11785=ORIENTED_EDGE('',*,*,#11788,.T.);
#11786=EDGE_CURVE('',#233,#399,#11789,.F.);
#11787=EDGE_CURVE('',#399,#231,#11790,.T.);
#11788=EDGE_CURVE('',#231,#233,#11791,.T.);
#11789=LINE('',#232,#11792);
#11790=LINE('',#398,#11793);
#11791=LINE('',#230,#11794);
#11792=VECTOR('',#11795,1.0);
#11793=VECTOR('',#11796,1.0);
#11794=VECTOR('',#11797,1.0);
#11795=DIRECTION('',(0,-1,0));
#11796=DIRECTION('',(-0.9805806792876681,0.19611611715444324,0));
#11797=DIRECTION('',(1,0,0));
#11798=FACE_SURFACE('',(#11803),#11799,.T.);
#11799=PLANE('',#11800);
#11800=AXIS2_PLACEMENT_3D('',#244,#11801,#11802);
#11801=DIRECTION('',(1,0,0));
#11802=DIRECTION('',(0,1,0));
#11803=FACE_BOUND('',#11804,.T.);
#11804=EDGE_LOOP('',(#11805,#11806,#11807));
#11805=ORIENTED_EDGE('',*,*,#11808,.T.);
#11806=ORIENTED_EDGE('',*,*,#11809,.T.);
#11807=ORIENTED_EDGE('',*,*,#11810,.T.);
#11808=EDGE_CURVE('',#245,#249,#11811,.F.);
#11809=EDGE_CURVE('',#249,#267,#11812,.T.);
#11810=EDGE_CURVE('',#267,#245,#11813,.T.);
#11811=LINE('',#244,#11814);
#11812=LINE('',#248,#11815);
#11813=LINE('',#266,#11816);
#11814=VECTOR('',#11817,1.0);
#11815=VECTOR('',#11818,1.0);
#11816=VECTOR('',#11819,1.0);
#11817=DIRECTION('',(0,1,0));
#11818=DIRECTION('',(0,0,1));
#11819=DIRECTION('',(0,-0.2059793354884373,-0.9785563414294252));
#11820=FACE_SURFACE('',(#11825),#11821,.T.);
#11821=PLANE('',#11822);
#11822=AXIS2_PLACEMENT_3D('',#244,#11823,#11824);
#11823=DIRECTION('',(1,0,0));
#11824=DIRECTION('',(0,0.2059793354884373,0.9785563414294252));
#11825=FACE_BOUND('',#11826,.T.);
#11826=EDGE_LOOP('',(#11827,#11828,#11829));
#11827=ORIENTED_EDGE('',*,*,#11830,.T.);
#11828=ORIENTED_EDGE('',*,*,#11831,.T.);
#11829=ORIENTED_EDGE('',*,*,#11832,.T.);
#11830=EDGE_CURVE('',#245,#267,#11833,.F.);
#11831=EDGE_CURVE('',#267,#143,#11834,.T.);
#11832=EDGE_CURVE('',#143,#245,#11835,.T.);
#11833=LINE('',#244,#11836);
#11834=LINE('',#266,#11837);
#11835=LINE('',#142,#11838);
#11836=VECTOR('',#11839,1.0);
#11837=VECTOR('',#11840,1.0);
#11838=VECTOR('',#11841,1.0);
#11839=DIRECTION('',(0,0.2059793354884373,0.9785563414294252));
#11840=DIRECTION('',(0,-1,0));
#11841=DIRECTION('',(0,0,-1));
#11842=FACE_SURFACE('',(#11847),#11843,.T.);
#11843=PLANE('',#11844);
#11844=AXIS2_PLACEMENT_3D('',#894,#11845,#11846);
#11845=DIRECTION('',(0,0,-1));
#11846=DIRECTION('',(0.9924997952552391,-0.12224629408824059,0));
#11847=FACE_BOUND('',#11848,.T.);
#11848=EDGE_LOOP('',(#11849,#11850,#11851));
#11849=ORIENTED_EDGE('',*,*,#11852,.T.);
#11850=ORIENTED_EDGE('',*,*,#11853,.T.);
#11851=ORIENTED_EDGE('',*,*,#11854,.T.);
#11852=EDGE_CURVE('',#895,#897,#11855,.F.);
#11853=EDGE_CURVE('',#897,#289,#11856,.T.);
#11854=EDGE_CURVE('',#289,#895,#11857,.T.);
#11855=LINE('',#894,#11858);
#11856=LINE('',#896,#11859);
#11857=LINE('',#288,#11860);
#11858=VECTOR('',#11861,1.0);
#11859=VECTOR('',#11862,1.0);
#11860=VECTOR('',#11863,1.0);
#11861=DIRECTION('',(0.9924997952552391,-0.12224629408824059,0));
#11862=DIRECTION('',(-0.4663245331862016,-0.8846137178162405,0));
#11863=DIRECTION('',(-0.48832989289267476,0.8726591062421963,0));
#11864=FACE_SURFACE('',(#11869),#11865,.T.);
#11865=PLANE('',#11866);
#11866=AXIS2_PLACEMENT_3D('',#890,#11867,#11868);
#11867=DIRECTION('',(-0,0,-1));
#11868=DIRECTION('',(-0.903702882494339,-0.4281601337950823,0));
#11869=FACE_BOUND('',#11870,.T.);
#11870=EDGE_LOOP('',(#11871,#11872,#11873));
#11871=ORIENTED_EDGE('',*,*,#11874,.T.);
#11872=ORIENTED_EDGE('',*,*,#11875,.T.);
#11873=ORIENTED_EDGE('',*,*,#11876,.T.);
#11874=EDGE_CURVE('',#891,#289,#11877,.F.);
#11875=EDGE_CURVE('',#289,#897,#11878,.T.);
#11876=EDGE_CURVE('',#897,#891,#11879,.T.);
#11877=LINE('',#890,#11880);
#11878=LINE('',#288,#11881);
#11879=LINE('',#896,#11882);
#11880=VECTOR('',#11883,1.0);
#11881=VECTOR('',#11884,1.0);
#11882=VECTOR('',#11885,1.0);
#11883=DIRECTION('',(-0.903702882494339,-0.4281601337950823,0));
#11884=DIRECTION('',(0.4663245331862016,0.8846137178162405,0));
#11885=DIRECTION('',(0.9852433285729943,-0.17115952647283947,0));
#11886=FACE_SURFACE('',(#11891),#11887,.T.);
#11887=PLANE('',#11888);
#11888=AXIS2_PLACEMENT_3D('',#898,#11889,#11890);
#11889=DIRECTION('',(-0,0,-1));
#11890=DIRECTION('',(-0.9807651384647077,-0.19519155507424638,0));
#11891=FACE_BOUND('',#11892,.T.);
#11892=EDGE_LOOP('',(#11893,#11894,#11895));
#11893=ORIENTED_EDGE('',*,*,#11896,.T.);
#11894=ORIENTED_EDGE('',*,*,#11897,.T.);
#11895=ORIENTED_EDGE('',*,*,#11898,.T.);
#11896=EDGE_CURVE('',#899,#597,#11899,.F.);
#11897=EDGE_CURVE('',#597,#865,#11900,.T.);
#11898=EDGE_CURVE('',#865,#899,#11901,.T.);
#11899=LINE('',#898,#11902);
#11900=LINE('',#596,#11903);
#11901=LINE('',#864,#11904);
#11902=VECTOR('',#11905,1.0);
#11903=VECTOR('',#11906,1.0);
#11904=VECTOR('',#11907,1.0);
#11905=DIRECTION('',(-0.9807651384647077,-0.19519155507424638,0));
#11906=DIRECTION('',(0.6709819962584761,0.7414736412691892,0));
#11907=DIRECTION('',(0.903702982300462,-0.4281599231376646,0));
#11908=FACE_SURFACE('',(#11913),#11909,.T.);
#11909=PLANE('',#11910);
#11910=AXIS2_PLACEMENT_3D('',#594,#11911,#11912);
#11911=DIRECTION('',(0,-0,-1));
#11912=DIRECTION('',(0.9756966017664964,0.21912585721751562,0));
#11913=FACE_BOUND('',#11914,.T.);
#11914=EDGE_LOOP('',(#11915,#11916,#11917));
#11915=ORIENTED_EDGE('',*,*,#11918,.T.);
#11916=ORIENTED_EDGE('',*,*,#11919,.T.);
#11917=ORIENTED_EDGE('',*,*,#11920,.T.);
#11918=EDGE_CURVE('',#595,#865,#11921,.F.);
#11919=EDGE_CURVE('',#865,#597,#11922,.T.);
#11920=EDGE_CURVE('',#597,#595,#11923,.T.);
#11921=LINE('',#594,#11924);
#11922=LINE('',#864,#11925);
#11923=LINE('',#596,#11926);
#11924=VECTOR('',#11927,1.0);
#11925=VECTOR('',#11928,1.0);
#11926=VECTOR('',#11929,1.0);
#11927=DIRECTION('',(0.9756966017664964,0.21912585721751562,0));
#11928=DIRECTION('',(-0.6709819962584761,-0.7414736412691892,0));
#11929=DIRECTION('',(0.09232007774439105,0.9957293825358723,0));
#11930=FACE_SURFACE('',(#11935),#11931,.T.);
#11931=PLANE('',#11932);
#11932=AXIS2_PLACEMENT_3D('',#900,#11933,#11934);
#11933=DIRECTION('',(0,0,-1));
#11934=DIRECTION('',(0.7507214415470976,0.6606188895281816,0));
#11935=FACE_BOUND('',#11936,.T.);
#11936=EDGE_LOOP('',(#11937,#11938,#11939));
#11937=ORIENTED_EDGE('',*,*,#11940,.T.);
#11938=ORIENTED_EDGE('',*,*,#11941,.T.);
#11939=ORIENTED_EDGE('',*,*,#11942,.T.);
#11940=EDGE_CURVE('',#901,#903,#11943,.F.);
#11941=EDGE_CURVE('',#903,#289,#11944,.T.);
#11942=EDGE_CURVE('',#289,#901,#11945,.T.);
#11943=LINE('',#900,#11946);
#11944=LINE('',#902,#11947);
#11945=LINE('',#288,#11948);
#11946=VECTOR('',#11949,1.0);
#11947=VECTOR('',#11950,1.0);
#11948=VECTOR('',#11951,1.0);
#11949=DIRECTION('',(0.7507214415470976,0.6606188895281816,0));
#11950=DIRECTION('',(0.8274194331461097,-0.5615844385772905,0));
#11951=DIRECTION('',(-0.9978572234276131,0.06542905817245658,0));
#11952=FACE_SURFACE('',(#11957),#11953,.T.);
#11953=PLANE('',#11954);
#11954=AXIS2_PLACEMENT_3D('',#904,#11955,#11956);
#11955=DIRECTION('',(0,0,-1));
#11956=DIRECTION('',(-0.4883293027896327,-0.8726594364567378,0));
#11957=FACE_BOUND('',#11958,.T.);
#11958=EDGE_LOOP('',(#11959,#11960,#11961));
#11959=ORIENTED_EDGE('',*,*,#11962,.T.);
#11960=ORIENTED_EDGE('',*,*,#11963,.T.);
#11961=ORIENTED_EDGE('',*,*,#11964,.T.);
#11962=EDGE_CURVE('',#905,#899,#11965,.F.);
#11963=EDGE_CURVE('',#899,#907,#11966,.T.);
#11964=EDGE_CURVE('',#907,#905,#11967,.T.);
#11965=LINE('',#904,#11968);
#11966=LINE('',#898,#11969);
#11967=LINE('',#906,#11970);
#11968=VECTOR('',#11971,1.0);
#11969=VECTOR('',#11972,1.0);
#11970=VECTOR('',#11973,1.0);
#11971=DIRECTION('',(-0.4883293027896327,-0.8726594364567378,0));
#11972=DIRECTION('',(-0.4663252362428491,0.8846133471992444,0));
#11973=DIRECTION('',(0.9924997952552391,0.12224629408824059,0));
#11974=FACE_SURFACE('',(#11979),#11975,.T.);
#11975=PLANE('',#11976);
#11976=AXIS2_PLACEMENT_3D('',#908,#11977,#11978);
#11977=DIRECTION('',(0,0,-1));
#11978=DIRECTION('',(-0.8274192869724989,-0.5615846539444624,0));
#11979=FACE_BOUND('',#11980,.T.);
#11980=EDGE_LOOP('',(#11981,#11982,#11983));
#11981=ORIENTED_EDGE('',*,*,#11984,.T.);
#11982=ORIENTED_EDGE('',*,*,#11985,.T.);
#11983=ORIENTED_EDGE('',*,*,#11986,.T.);
#11984=EDGE_CURVE('',#909,#899,#11987,.F.);
#11985=EDGE_CURVE('',#899,#905,#11988,.T.);
#11986=EDGE_CURVE('',#905,#909,#11989,.T.);
#11987=LINE('',#908,#11990);
#11988=LINE('',#898,#11991);
#11989=LINE('',#904,#11992);
#11990=VECTOR('',#11993,1.0);
#11991=VECTOR('',#11994,1.0);
#11992=VECTOR('',#11995,1.0);
#11993=DIRECTION('',(-0.8274192869724989,-0.5615846539444624,0));
#11994=DIRECTION('',(0.4883293027896327,0.8726594364567378,0));
#11995=DIRECTION('',(0.9972730950172918,0.0737995525367989,0));
#11996=FACE_SURFACE('',(#12001),#11997,.T.);
#11997=PLANE('',#11998);
#11998=AXIS2_PLACEMENT_3D('',#910,#11999,#12000);
#11999=DIRECTION('',(0,0,-1));
#12000=DIRECTION('',(0.9997012327932783,-0.024442691169340194,0));
#12001=FACE_BOUND('',#12002,.T.);
#12002=EDGE_LOOP('',(#12003,#12004,#12005));
#12003=ORIENTED_EDGE('',*,*,#12006,.T.);
#12004=ORIENTED_EDGE('',*,*,#12007,.T.);
#12005=ORIENTED_EDGE('',*,*,#12008,.T.);
#12006=EDGE_CURVE('',#911,#903,#12009,.F.);
#12007=EDGE_CURVE('',#903,#901,#12010,.T.);
#12008=EDGE_CURVE('',#901,#911,#12011,.T.);
#12009=LINE('',#910,#12012);
#12010=LINE('',#902,#12013);
#12011=LINE('',#900,#12014);
#12012=VECTOR('',#12015,1.0);
#12013=VECTOR('',#12016,1.0);
#12014=VECTOR('',#12017,1.0);
#12015=DIRECTION('',(0.9997012327932783,-0.024442691169340194,0));
#12016=DIRECTION('',(-0.7507214415470976,-0.6606188895281816,0));
#12017=DIRECTION('',(0,1,0));
#12018=FACE_SURFACE('',(#12023),#12019,.T.);
#12019=PLANE('',#12020);
#12020=AXIS2_PLACEMENT_3D('',#894,#12021,#12022);
#12021=DIRECTION('',(-0,-0,-1));
#12022=DIRECTION('',(0.48832989289267476,-0.8726591062421963,0));
#12023=FACE_BOUND('',#12024,.T.);
#12024=EDGE_LOOP('',(#12025,#12026,#12027));
#12025=ORIENTED_EDGE('',*,*,#12028,.T.);
#12026=ORIENTED_EDGE('',*,*,#12029,.T.);
#12027=ORIENTED_EDGE('',*,*,#12030,.T.);
#12028=EDGE_CURVE('',#895,#289,#12031,.F.);
#12029=EDGE_CURVE('',#289,#903,#12032,.T.);
#12030=EDGE_CURVE('',#903,#895,#12033,.T.);
#12031=LINE('',#894,#12034);
#12032=LINE('',#288,#12035);
#12033=LINE('',#902,#12036);
#12034=VECTOR('',#12037,1.0);
#12035=VECTOR('',#12038,1.0);
#12036=VECTOR('',#12039,1.0);
#12037=DIRECTION('',(0.48832989289267476,-0.8726591062421963,0));
#12038=DIRECTION('',(-0.8274194331461097,0.5615844385772905,0));
#12039=DIRECTION('',(0.9972730950172918,-0.0737995525367989,0));
#12040=FACE_SURFACE('',(#12045),#12041,.T.);
#12041=PLANE('',#12042);
#12042=AXIS2_PLACEMENT_3D('',#910,#12043,#12044);
#12043=DIRECTION('',(0,-0,-1));
#12044=DIRECTION('',(0,-1,0));
#12045=FACE_BOUND('',#12046,.T.);
#12046=EDGE_LOOP('',(#12047,#12048,#12049));
#12047=ORIENTED_EDGE('',*,*,#12050,.T.);
#12048=ORIENTED_EDGE('',*,*,#12051,.T.);
#12049=ORIENTED_EDGE('',*,*,#12052,.T.);
#12050=EDGE_CURVE('',#911,#901,#12053,.F.);
#12051=EDGE_CURVE('',#901,#909,#12054,.T.);
#12052=EDGE_CURVE('',#909,#911,#12055,.T.);
#12053=LINE('',#910,#12056);
#12054=LINE('',#900,#12057);
#12055=LINE('',#908,#12058);
#12056=VECTOR('',#12059,1.0);
#12057=VECTOR('',#12060,1.0);
#12058=VECTOR('',#12061,1.0);
#12059=DIRECTION('',(0,-1,0));
#12060=DIRECTION('',(-0.7507214415470976,0.6606188895281816,0));
#12061=DIRECTION('',(0.9997012327932783,0.024442691169340194,0));
#12062=FACE_SURFACE('',(#12067),#12063,.T.);
#12063=PLANE('',#12064);
#12064=AXIS2_PLACEMENT_3D('',#898,#12065,#12066);
#12065=DIRECTION('',(0,0,-1));
#12066=DIRECTION('',(0.8274192869724989,0.5615846539444624,0));
#12067=FACE_BOUND('',#12068,.T.);
#12068=EDGE_LOOP('',(#12069,#12070,#12071));
#12069=ORIENTED_EDGE('',*,*,#12072,.T.);
#12070=ORIENTED_EDGE('',*,*,#12073,.T.);
#12071=ORIENTED_EDGE('',*,*,#12074,.T.);
#12072=EDGE_CURVE('',#899,#909,#12075,.F.);
#12073=EDGE_CURVE('',#909,#901,#12076,.T.);
#12074=EDGE_CURVE('',#901,#899,#12077,.T.);
#12075=LINE('',#898,#12078);
#12076=LINE('',#908,#12079);
#12077=LINE('',#900,#12080);
#12078=VECTOR('',#12081,1.0);
#12079=VECTOR('',#12082,1.0);
#12080=VECTOR('',#12083,1.0);
#12081=DIRECTION('',(0.8274192869724989,0.5615846539444624,0));
#12082=DIRECTION('',(0.7507214415470976,-0.6606188895281816,0));
#12083=DIRECTION('',(-0.9978572219760198,-0.0654290803106715,0));
#12084=FACE_SURFACE('',(#12089),#12085,.T.);
#12085=PLANE('',#12086);
#12086=AXIS2_PLACEMENT_3D('',#864,#12087,#12088);
#12087=DIRECTION('',(0,0,-1));
#12088=DIRECTION('',(0.9852433285729943,0.17115952647283947,0));
#12089=FACE_BOUND('',#12090,.T.);
#12090=EDGE_LOOP('',(#12091,#12092,#12093));
#12091=ORIENTED_EDGE('',*,*,#12094,.T.);
#12092=ORIENTED_EDGE('',*,*,#12095,.T.);
#12093=ORIENTED_EDGE('',*,*,#12096,.T.);
#12094=EDGE_CURVE('',#865,#907,#12097,.F.);
#12095=EDGE_CURVE('',#907,#899,#12098,.T.);
#12096=EDGE_CURVE('',#899,#865,#12099,.T.);
#12097=LINE('',#864,#12100);
#12098=LINE('',#906,#12101);
#12099=LINE('',#898,#12102);
#12100=VECTOR('',#12103,1.0);
#12101=VECTOR('',#12104,1.0);
#12102=VECTOR('',#12105,1.0);
#12103=DIRECTION('',(0.9852433285729943,0.17115952647283947,0));
#12104=DIRECTION('',(0.4663252362428491,-0.8846133471992444,0));
#12105=DIRECTION('',(-0.903702982300462,0.4281599231376646,0));
#12106=FACE_SURFACE('',(#12111),#12107,.T.);
#12107=PLANE('',#12108);
#12108=AXIS2_PLACEMENT_3D('',#250,#12109,#12110);
#12109=DIRECTION('',(0,0,1));
#12110=DIRECTION('',(1,0,0));
#12111=FACE_BOUND('',#12112,.T.);
#12112=EDGE_LOOP('',(#12113,#12114,#12115));
#12113=ORIENTED_EDGE('',*,*,#12116,.T.);
#12114=ORIENTED_EDGE('',*,*,#12117,.T.);
#12115=ORIENTED_EDGE('',*,*,#12118,.T.);
#12116=EDGE_CURVE('',#251,#257,#12119,.F.);
#12117=EDGE_CURVE('',#257,#913,#12120,.T.);
#12118=EDGE_CURVE('',#913,#251,#12121,.T.);
#12119=LINE('',#250,#12122);
#12120=LINE('',#256,#12123);
#12121=LINE('',#912,#12124);
#12122=VECTOR('',#12125,1.0);
#12123=VECTOR('',#12126,1.0);
#12124=VECTOR('',#12127,1.0);
#12125=DIRECTION('',(1,0,0));
#12126=DIRECTION('',(-0.24013601270623497,0.9707392520144382,0));
#12127=DIRECTION('',(-0.3384522805421739,-0.9409835566022403,0));
#12128=FACE_SURFACE('',(#12133),#12129,.T.);
#12129=PLANE('',#12130);
#12130=AXIS2_PLACEMENT_3D('',#276,#12131,#12132);
#12131=DIRECTION('',(0,0,1));
#12132=DIRECTION('',(-0.9494919752549548,0.31379131429414125,0));
#12133=FACE_BOUND('',#12134,.T.);
#12134=EDGE_LOOP('',(#12135,#12136,#12137));
#12135=ORIENTED_EDGE('',*,*,#12138,.T.);
#12136=ORIENTED_EDGE('',*,*,#12139,.T.);
#12137=ORIENTED_EDGE('',*,*,#12140,.T.);
#12138=EDGE_CURVE('',#277,#279,#12141,.F.);
#12139=EDGE_CURVE('',#279,#257,#12142,.T.);
#12140=EDGE_CURVE('',#257,#277,#12143,.T.);
#12141=LINE('',#276,#12144);
#12142=LINE('',#278,#12145);
#12143=LINE('',#256,#12146);
#12144=VECTOR('',#12147,1.0);
#12145=VECTOR('',#12148,1.0);
#12146=VECTOR('',#12149,1.0);
#12147=DIRECTION('',(-0.9494919752549548,0.31379131429414125,0));
#12148=DIRECTION('',(-0.08675552318711097,-0.9962296317599325,0));
#12149=DIRECTION('',(0.15618142250773373,0.9877283853689033,0));
#12150=FACE_SURFACE('',(#12155),#12151,.T.);
#12151=PLANE('',#12152);
#12152=AXIS2_PLACEMENT_3D('',#912,#12153,#12154);
#12153=DIRECTION('',(0,0,1));
#12154=DIRECTION('',(-0.9997012327932783,0.024442691169340194,0));
#12155=FACE_BOUND('',#12156,.T.);
#12156=EDGE_LOOP('',(#12157,#12158,#12159));
#12157=ORIENTED_EDGE('',*,*,#12160,.T.);
#12158=ORIENTED_EDGE('',*,*,#12161,.T.);
#12159=ORIENTED_EDGE('',*,*,#12162,.T.);
#12160=EDGE_CURVE('',#913,#915,#12163,.F.);
#12161=EDGE_CURVE('',#915,#251,#12164,.T.);
#12162=EDGE_CURVE('',#251,#913,#12165,.T.);
#12163=LINE('',#912,#12166);
#12164=LINE('',#914,#12167);
#12165=LINE('',#250,#12168);
#12166=VECTOR('',#12169,1.0);
#12167=VECTOR('',#12170,1.0);
#12168=VECTOR('',#12171,1.0);
#12169=DIRECTION('',(-0.9997012327932783,0.024442691169340194,0));
#12170=DIRECTION('',(-0.28045563258969236,-0.9598669898213583,0));
#12171=DIRECTION('',(0.3384522805421739,0.9409835566022403,0));
#12172=FACE_SURFACE('',(#12177),#12173,.T.);
#12173=PLANE('',#12174);
#12174=AXIS2_PLACEMENT_3D('',#916,#12175,#12176);
#12175=DIRECTION('',(0,0,1));
#12176=DIRECTION('',(-0.9924997952552391,0.12224629408824059,0));
#12177=FACE_BOUND('',#12178,.T.);
#12178=EDGE_LOOP('',(#12179,#12180,#12181));
#12179=ORIENTED_EDGE('',*,*,#12182,.T.);
#12180=ORIENTED_EDGE('',*,*,#12183,.T.);
#12181=ORIENTED_EDGE('',*,*,#12184,.T.);
#12182=EDGE_CURVE('',#917,#919,#12185,.F.);
#12183=EDGE_CURVE('',#919,#257,#12186,.T.);
#12184=EDGE_CURVE('',#257,#917,#12187,.T.);
#12185=LINE('',#916,#12188);
#12186=LINE('',#918,#12189);
#12187=LINE('',#256,#12190);
#12188=VECTOR('',#12191,1.0);
#12189=VECTOR('',#12192,1.0);
#12190=VECTOR('',#12193,1.0);
#12191=DIRECTION('',(-0.9924997952552391,0.12224629408824059,0));
#12192=DIRECTION('',(0.1784919533213276,-0.9839413715255279,0));
#12193=DIRECTION('',(-0.1147296137169272,0.9933967564555285,0));
#12194=FACE_SURFACE('',(#12199),#12195,.T.);
#12195=PLANE('',#12196);
#12196=AXIS2_PLACEMENT_3D('',#920,#12197,#12198);
#12197=DIRECTION('',(0,0,1));
#12198=DIRECTION('',(-0.9924997952552391,-0.12224629408824059,0));
#12199=FACE_BOUND('',#12200,.T.);
#12200=EDGE_LOOP('',(#12201,#12202,#12203));
#12201=ORIENTED_EDGE('',*,*,#12204,.T.);
#12202=ORIENTED_EDGE('',*,*,#12205,.T.);
#12203=ORIENTED_EDGE('',*,*,#12206,.T.);
#12204=EDGE_CURVE('',#921,#923,#12207,.F.);
#12205=EDGE_CURVE('',#923,#251,#12208,.T.);
#12206=EDGE_CURVE('',#251,#921,#12209,.T.);
#12207=LINE('',#920,#12210);
#12208=LINE('',#922,#12211);
#12209=LINE('',#250,#12212);
#12210=VECTOR('',#12213,1.0);
#12211=VECTOR('',#12214,1.0);
#12212=VECTOR('',#12215,1.0);
#12213=DIRECTION('',(-0.9924997952552391,-0.12224629408824059,0));
#12214=DIRECTION('',(-0.09306457669978001,-0.9956600748065029,0));
#12215=DIRECTION('',(0.15757109339901534,0.9875076458058636,0));
#12216=FACE_SURFACE('',(#12221),#12217,.T.);
#12217=PLANE('',#12218);
#12218=AXIS2_PLACEMENT_3D('',#922,#12219,#12220);
#12219=DIRECTION('',(0,0,1));
#12220=DIRECTION('',(-0.9852433285729943,-0.17115952647283947,0));
#12221=FACE_BOUND('',#12222,.T.);
#12222=EDGE_LOOP('',(#12223,#12224,#12225));
#12223=ORIENTED_EDGE('',*,*,#12226,.T.);
#12224=ORIENTED_EDGE('',*,*,#12227,.T.);
#12225=ORIENTED_EDGE('',*,*,#12228,.T.);
#12226=EDGE_CURVE('',#923,#867,#12229,.F.);
#12227=EDGE_CURVE('',#867,#251,#12230,.T.);
#12228=EDGE_CURVE('',#251,#923,#12231,.T.);
#12229=LINE('',#922,#12232);
#12230=LINE('',#866,#12233);
#12231=LINE('',#250,#12234);
#12232=VECTOR('',#12235,1.0);
#12233=VECTOR('',#12236,1.0);
#12234=VECTOR('',#12237,1.0);
#12235=DIRECTION('',(-0.9852433285729943,-0.17115952647283947,0));
#12236=DIRECTION('',(-0.026845759577355674,-0.9996395876478256,0));
#12237=DIRECTION('',(0.09306457669978001,0.9956600748065029,0));
#12238=FACE_SURFACE('',(#12243),#12239,.T.);
#12239=PLANE('',#12240);
#12240=AXIS2_PLACEMENT_3D('',#866,#12241,#12242);
#12241=DIRECTION('',(0,0,1));
#12242=DIRECTION('',(-0.9756966017664964,-0.21912585721751562,0));
#12243=FACE_BOUND('',#12244,.T.);
#12244=EDGE_LOOP('',(#12245,#12246,#12247));
#12245=ORIENTED_EDGE('',*,*,#12248,.T.);
#12246=ORIENTED_EDGE('',*,*,#12249,.T.);
#12247=ORIENTED_EDGE('',*,*,#12250,.T.);
#12248=EDGE_CURVE('',#867,#753,#12251,.F.);
#12249=EDGE_CURVE('',#753,#251,#12252,.T.);
#12250=EDGE_CURVE('',#251,#867,#12253,.T.);
#12251=LINE('',#866,#12254);
#12252=LINE('',#752,#12255);
#12253=LINE('',#250,#12256);
#12254=VECTOR('',#12257,1.0);
#12255=VECTOR('',#12258,1.0);
#12256=VECTOR('',#12259,1.0);
#12257=DIRECTION('',(-0.9756966017664964,-0.21912585721751562,0));
#12258=DIRECTION('',(0.040786221562552565,-0.9991678958666809,0));
#12259=DIRECTION('',(0.026845759577355674,0.9996395876478256,0));
#12260=FACE_SURFACE('',(#12265),#12261,.T.);
#12261=PLANE('',#12262);
#12262=AXIS2_PLACEMENT_3D('',#924,#12263,#12264);
#12263=DIRECTION('',(0,0,1));
#12264=DIRECTION('',(-0.9972730950172918,-0.0737995525367989,0));
#12265=FACE_BOUND('',#12266,.T.);
#12266=EDGE_LOOP('',(#12267,#12268,#12269));
#12267=ORIENTED_EDGE('',*,*,#12270,.T.);
#12268=ORIENTED_EDGE('',*,*,#12271,.T.);
#12269=ORIENTED_EDGE('',*,*,#12272,.T.);
#12270=EDGE_CURVE('',#925,#921,#12273,.F.);
#12271=EDGE_CURVE('',#921,#251,#12274,.T.);
#12272=EDGE_CURVE('',#251,#925,#12275,.T.);
#12273=LINE('',#924,#12276);
#12274=LINE('',#920,#12277);
#12275=LINE('',#250,#12278);
#12276=VECTOR('',#12279,1.0);
#12277=VECTOR('',#12280,1.0);
#12278=VECTOR('',#12281,1.0);
#12279=DIRECTION('',(-0.9972730950172918,-0.0737995525367989,0));
#12280=DIRECTION('',(-0.15757109339901534,-0.9875076458058636,0));
#12281=DIRECTION('',(0.22010805050012155,0.9754754974396005,0));
#12282=FACE_SURFACE('',(#12287),#12283,.T.);
#12283=PLANE('',#12284);
#12284=AXIS2_PLACEMENT_3D('',#914,#12285,#12286);
#12285=DIRECTION('',(0,0,1));
#12286=DIRECTION('',(-0.9997012327932783,-0.024442691169340194,0));
#12287=FACE_BOUND('',#12288,.T.);
#12288=EDGE_LOOP('',(#12289,#12290,#12291));
#12289=ORIENTED_EDGE('',*,*,#12292,.T.);
#12290=ORIENTED_EDGE('',*,*,#12293,.T.);
#12291=ORIENTED_EDGE('',*,*,#12294,.T.);
#12292=EDGE_CURVE('',#915,#925,#12295,.F.);
#12293=EDGE_CURVE('',#925,#251,#12296,.T.);
#12294=EDGE_CURVE('',#251,#915,#12297,.T.);
#12295=LINE('',#914,#12298);
#12296=LINE('',#924,#12299);
#12297=LINE('',#250,#12300);
#12298=VECTOR('',#12301,1.0);
#12299=VECTOR('',#12302,1.0);
#12300=VECTOR('',#12303,1.0);
#12301=DIRECTION('',(-0.9997012327932783,-0.024442691169340194,0));
#12302=DIRECTION('',(-0.22010805050012155,-0.9754754974396005,0));
#12303=DIRECTION('',(0.28045563258969236,0.9598669898213583,0));
#12304=FACE_SURFACE('',(#12309),#12305,.T.);
#12305=PLANE('',#12306);
#12306=AXIS2_PLACEMENT_3D('',#918,#12307,#12308);
#12307=DIRECTION('',(0,0,1));
#12308=DIRECTION('',(-0.9972730950172918,0.0737995525367989,0));
#12309=FACE_BOUND('',#12310,.T.);
#12310=EDGE_LOOP('',(#12311,#12312,#12313));
#12311=ORIENTED_EDGE('',*,*,#12314,.T.);
#12312=ORIENTED_EDGE('',*,*,#12315,.T.);
#12313=ORIENTED_EDGE('',*,*,#12316,.T.);
#12314=EDGE_CURVE('',#919,#913,#12317,.F.);
#12315=EDGE_CURVE('',#913,#257,#12318,.T.);
#12316=EDGE_CURVE('',#257,#919,#12319,.T.);
#12317=LINE('',#918,#12320);
#12318=LINE('',#912,#12321);
#12319=LINE('',#256,#12322);
#12320=VECTOR('',#12323,1.0);
#12321=VECTOR('',#12324,1.0);
#12322=VECTOR('',#12325,1.0);
#12323=DIRECTION('',(-0.9972730950172918,0.0737995525367989,0));
#12324=DIRECTION('',(0.24013601270623497,-0.9707392520144382,0));
#12325=DIRECTION('',(-0.1784919533213276,0.9839413715255279,0));
#12326=FACE_SURFACE('',(#12331),#12327,.T.);
#12327=PLANE('',#12328);
#12328=AXIS2_PLACEMENT_3D('',#408,#12329,#12330);
#12329=DIRECTION('',(0,0,1));
#12330=DIRECTION('',(-0.9852433285729943,0.17115952647283947,0));
#12331=FACE_BOUND('',#12332,.T.);
#12332=EDGE_LOOP('',(#12333,#12334,#12335));
#12333=ORIENTED_EDGE('',*,*,#12336,.T.);
#12334=ORIENTED_EDGE('',*,*,#12337,.T.);
#12335=ORIENTED_EDGE('',*,*,#12338,.T.);
#12336=EDGE_CURVE('',#409,#917,#12339,.F.);
#12337=EDGE_CURVE('',#917,#257,#12340,.T.);
#12338=EDGE_CURVE('',#257,#409,#12341,.T.);
#12339=LINE('',#408,#12342);
#12340=LINE('',#916,#12343);
#12341=LINE('',#256,#12344);
#12342=VECTOR('',#12345,1.0);
#12343=VECTOR('',#12346,1.0);
#12344=VECTOR('',#12347,1.0);
#12345=DIRECTION('',(-0.9852433285729943,0.17115952647283947,0));
#12346=DIRECTION('',(0.1147296137169272,-0.9933967564555285,0));
#12347=DIRECTION('',(-0.04907729174238233,0.9987949836854575,0));
#12348=FACE_SURFACE('',(#12353),#12349,.T.);
#12349=PLANE('',#12350);
#12350=AXIS2_PLACEMENT_3D('',#890,#12351,#12352);
#12351=DIRECTION('',(0.17115952647283944,0.9852433285729943,0));
#12352=DIRECTION('',(-0.9852433285729943,0.17115952647283947,0));
#12353=FACE_BOUND('',#12354,.T.);
#12354=EDGE_LOOP('',(#12355,#12356,#12357));
#12355=ORIENTED_EDGE('',*,*,#12358,.T.);
#12356=ORIENTED_EDGE('',*,*,#12359,.T.);
#12357=ORIENTED_EDGE('',*,*,#12360,.T.);
#12358=EDGE_CURVE('',#891,#897,#12361,.F.);
#12359=EDGE_CURVE('',#897,#917,#12362,.T.);
#12360=EDGE_CURVE('',#917,#891,#12363,.T.);
#12361=LINE('',#890,#12364);
#12362=LINE('',#896,#12365);
#12363=LINE('',#916,#12366);
#12364=VECTOR('',#12367,1.0);
#12365=VECTOR('',#12368,1.0);
#12366=VECTOR('',#12369,1.0);
#12367=DIRECTION('',(-0.9852433285729943,0.17115952647283947,0));
#12368=DIRECTION('',(0,0,1));
#12369=DIRECTION('',(0.10814255078204787,-0.01878685929315478,-0.9939578676323516));
#12370=FACE_SURFACE('',(#12375),#12371,.T.);
#12371=PLANE('',#12372);
#12372=AXIS2_PLACEMENT_3D('',#890,#12373,#12374);
#12373=DIRECTION('',(0.17115952647283944,0.9852433285729943,-0));
#12374=DIRECTION('',(-0.10814255078204787,0.01878685929315478,0.9939578676323516));
#12375=FACE_BOUND('',#12376,.T.);
#12376=EDGE_LOOP('',(#12377,#12378,#12379));
#12377=ORIENTED_EDGE('',*,*,#12380,.T.);
#12378=ORIENTED_EDGE('',*,*,#12381,.T.);
#12379=ORIENTED_EDGE('',*,*,#12382,.T.);
#12380=EDGE_CURVE('',#891,#917,#12383,.F.);
#12381=EDGE_CURVE('',#917,#409,#12384,.T.);
#12382=EDGE_CURVE('',#409,#891,#12385,.T.);
#12383=LINE('',#890,#12386);
#12384=LINE('',#916,#12387);
#12385=LINE('',#408,#12388);
#12386=VECTOR('',#12389,1.0);
#12387=VECTOR('',#12390,1.0);
#12388=VECTOR('',#12391,1.0);
#12389=DIRECTION('',(-0.10814255078204787,0.01878685929315478,0.9939578676323516));
#12390=DIRECTION('',(0.9852433285729943,-0.17115952647283947,0));
#12391=DIRECTION('',(0,0,-1));
#12392=FACE_SURFACE('',(#12397),#12393,.T.);
#12393=PLANE('',#12394);
#12394=AXIS2_PLACEMENT_3D('',#896,#12395,#12396);
#12395=DIRECTION('',(0.12224629408824057,0.992499795255239,0));
#12396=DIRECTION('',(-0.9924997952552391,0.12224629408824059,0));
#12397=FACE_BOUND('',#12398,.T.);
#12398=EDGE_LOOP('',(#12399,#12400,#12401));
#12399=ORIENTED_EDGE('',*,*,#12402,.T.);
#12400=ORIENTED_EDGE('',*,*,#12403,.T.);
#12401=ORIENTED_EDGE('',*,*,#12404,.T.);
#12402=EDGE_CURVE('',#897,#895,#12405,.F.);
#12403=EDGE_CURVE('',#895,#919,#12406,.T.);
#12404=EDGE_CURVE('',#919,#897,#12407,.T.);
#12405=LINE('',#896,#12408);
#12406=LINE('',#894,#12409);
#12407=LINE('',#918,#12410);
#12408=VECTOR('',#12411,1.0);
#12409=VECTOR('',#12412,1.0);
#12410=VECTOR('',#12413,1.0);
#12411=DIRECTION('',(-0.9924997952552391,0.12224629408824059,0));
#12412=DIRECTION('',(0,0,1));
#12413=DIRECTION('',(0.10893786333874263,-0.013417886978634313,-0.9939579982273989));
#12414=FACE_SURFACE('',(#12419),#12415,.T.);
#12415=PLANE('',#12416);
#12416=AXIS2_PLACEMENT_3D('',#896,#12417,#12418);
#12417=DIRECTION('',(0.12224629408824057,0.992499795255239,-0));
#12418=DIRECTION('',(-0.10893786333874263,0.013417886978634313,0.9939579982273989));
#12419=FACE_BOUND('',#12420,.T.);
#12420=EDGE_LOOP('',(#12421,#12422,#12423));
#12421=ORIENTED_EDGE('',*,*,#12424,.T.);
#12422=ORIENTED_EDGE('',*,*,#12425,.T.);
#12423=ORIENTED_EDGE('',*,*,#12426,.T.);
#12424=EDGE_CURVE('',#897,#919,#12427,.F.);
#12425=EDGE_CURVE('',#919,#917,#12428,.T.);
#12426=EDGE_CURVE('',#917,#897,#12429,.T.);
#12427=LINE('',#896,#12430);
#12428=LINE('',#918,#12431);
#12429=LINE('',#916,#12432);
#12430=VECTOR('',#12433,1.0);
#12431=VECTOR('',#12434,1.0);
#12432=VECTOR('',#12435,1.0);
#12433=DIRECTION('',(-0.10893786333874263,0.013417886978634313,0.9939579982273989));
#12434=DIRECTION('',(0.9924997952552391,-0.12224629408824059,0));
#12435=DIRECTION('',(0,0,-1));
#12436=FACE_SURFACE('',(#12441),#12437,.T.);
#12437=PLANE('',#12438);
#12438=AXIS2_PLACEMENT_3D('',#926,#12439,#12440);
#12439=DIRECTION('',(-0.06542905817245658,-0.9978572234276131,0));
#12440=DIRECTION('',(0.28322664547117926,-0.018571046265385707,-0.9588731842823387));
#12441=FACE_BOUND('',#12442,.T.);
#12442=EDGE_LOOP('',(#12443,#12444,#12445));
#12443=ORIENTED_EDGE('',*,*,#12446,.T.);
#12444=ORIENTED_EDGE('',*,*,#12447,.T.);
#12445=ORIENTED_EDGE('',*,*,#12448,.T.);
#12446=EDGE_CURVE('',#927,#289,#12449,.F.);
#12447=EDGE_CURVE('',#289,#929,#12450,.T.);
#12448=EDGE_CURVE('',#929,#927,#12451,.T.);
#12449=LINE('',#926,#12452);
#12450=LINE('',#288,#12453);
#12451=LINE('',#928,#12454);
#12452=VECTOR('',#12455,1.0);
#12453=VECTOR('',#12456,1.0);
#12454=VECTOR('',#12457,1.0);
#12455=DIRECTION('',(0.28322664547117926,-0.018571046265385707,-0.9588731842823387));
#12456=DIRECTION('',(0,0,1));
#12457=DIRECTION('',(-0.9978572234276131,0.06542905817245658,0));
#12458=FACE_SURFACE('',(#12463),#12459,.T.);
#12459=PLANE('',#12460);
#12460=AXIS2_PLACEMENT_3D('',#288,#12461,#12462);
#12461=DIRECTION('',(-0.19519168489624064,-0.9807651126275683,0));
#12462=DIRECTION('',(0.27838187223258165,-0.05540350690092463,0.9588712033612031));
#12463=FACE_BOUND('',#12464,.T.);
#12464=EDGE_LOOP('',(#12465,#12466,#12467));
#12465=ORIENTED_EDGE('',*,*,#12468,.T.);
#12466=ORIENTED_EDGE('',*,*,#12469,.T.);
#12467=ORIENTED_EDGE('',*,*,#12470,.T.);
#12468=EDGE_CURVE('',#289,#287,#12471,.F.);
#12469=EDGE_CURVE('',#287,#929,#12472,.T.);
#12470=EDGE_CURVE('',#929,#289,#12473,.T.);
#12471=LINE('',#288,#12474);
#12472=LINE('',#286,#12475);
#12473=LINE('',#928,#12476);
#12474=VECTOR('',#12477,1.0);
#12475=VECTOR('',#12478,1.0);
#12476=VECTOR('',#12479,1.0);
#12477=DIRECTION('',(0.27838187223258165,-0.05540350690092463,0.9588712033612031));
#12478=DIRECTION('',(-0.9807651126275684,0.19519168489624064,0));
#12479=DIRECTION('',(0,0,-1));
#12480=FACE_SURFACE('',(#12485),#12481,.T.);
#12481=PLANE('',#12482);
#12482=AXIS2_PLACEMENT_3D('',#286,#12483,#12484);
#12483=DIRECTION('',(-0,0,-1));
#12484=DIRECTION('',(-0.026127776653957116,-0.9996586113704623,0));
#12485=FACE_BOUND('',#12486,.T.);
#12486=EDGE_LOOP('',(#12487,#12488,#12489));
#12487=ORIENTED_EDGE('',*,*,#12490,.T.);
#12488=ORIENTED_EDGE('',*,*,#12491,.T.);
#12489=ORIENTED_EDGE('',*,*,#12492,.T.);
#12490=EDGE_CURVE('',#287,#267,#12493,.F.);
#12491=EDGE_CURVE('',#267,#929,#12494,.T.);
#12492=EDGE_CURVE('',#929,#287,#12495,.T.);
#12493=LINE('',#286,#12496);
#12494=LINE('',#266,#12497);
#12495=LINE('',#928,#12498);
#12496=VECTOR('',#12499,1.0);
#12497=VECTOR('',#12500,1.0);
#12498=VECTOR('',#12501,1.0);
#12499=DIRECTION('',(-0.026127776653957116,-0.9996586113704623,0));
#12500=DIRECTION('',(-0.1530631303606381,0.9882164125960479,0));
#12501=DIRECTION('',(0.9807651126275684,-0.19519168489624064,0));
#12502=FACE_SURFACE('',(#12507),#12503,.T.);
#12503=PLANE('',#12504);
#12504=AXIS2_PLACEMENT_3D('',#880,#12505,#12506);
#12505=DIRECTION('',(0,0,-1));
#12506=DIRECTION('',(0.2969714637012838,0.9548863543621917,0));
#12507=FACE_BOUND('',#12508,.T.);
#12508=EDGE_LOOP('',(#12509,#12510,#12511));
#12509=ORIENTED_EDGE('',*,*,#12512,.T.);
#12510=ORIENTED_EDGE('',*,*,#12513,.T.);
#12511=ORIENTED_EDGE('',*,*,#12514,.T.);
#12512=EDGE_CURVE('',#881,#927,#12515,.F.);
#12513=EDGE_CURVE('',#927,#267,#12516,.T.);
#12514=EDGE_CURVE('',#267,#881,#12517,.T.);
#12515=LINE('',#880,#12518);
#12516=LINE('',#926,#12519);
#12517=LINE('',#266,#12520);
#12518=VECTOR('',#12521,1.0);
#12519=VECTOR('',#12522,1.0);
#12520=VECTOR('',#12523,1.0);
#12521=DIRECTION('',(0.2969714637012838,0.9548863543621917,0));
#12522=DIRECTION('',(0.3168791154412788,-0.9484659330714799,0));
#12523=DIRECTION('',(-1,0,0));
#12524=FACE_SURFACE('',(#12529),#12525,.T.);
#12525=PLANE('',#12526);
#12526=AXIS2_PLACEMENT_3D('',#926,#12527,#12528);
#12527=DIRECTION('',(0,0,-1));
#12528=DIRECTION('',(0.9978572234276131,-0.06542905817245658,0));
#12529=FACE_BOUND('',#12530,.T.);
#12530=EDGE_LOOP('',(#12531,#12532,#12533));
#12531=ORIENTED_EDGE('',*,*,#12534,.T.);
#12532=ORIENTED_EDGE('',*,*,#12535,.T.);
#12533=ORIENTED_EDGE('',*,*,#12536,.T.);
#12534=EDGE_CURVE('',#927,#929,#12537,.F.);
#12535=EDGE_CURVE('',#929,#267,#12538,.T.);
#12536=EDGE_CURVE('',#267,#927,#12539,.T.);
#12537=LINE('',#926,#12540);
#12538=LINE('',#928,#12541);
#12539=LINE('',#266,#12542);
#12540=VECTOR('',#12543,1.0);
#12541=VECTOR('',#12544,1.0);
#12542=VECTOR('',#12545,1.0);
#12543=DIRECTION('',(0.9978572234276131,-0.06542905817245658,0));
#12544=DIRECTION('',(0.1530631303606381,-0.9882164125960479,0));
#12545=DIRECTION('',(-0.3168791154412788,0.9484659330714799,0));
#12546=FACE_SURFACE('',(#12551),#12547,.T.);
#12547=PLANE('',#12548);
#12548=AXIS2_PLACEMENT_3D('',#912,#12549,#12550);
#12549=DIRECTION('',(0.07379955253679892,0.9972730950172919,0));
#12550=DIRECTION('',(0.9972730950172918,-0.0737995525367989,0));
#12551=FACE_BOUND('',#12552,.T.);
#12552=EDGE_LOOP('',(#12553,#12554,#12555));
#12553=ORIENTED_EDGE('',*,*,#12556,.T.);
#12554=ORIENTED_EDGE('',*,*,#12557,.T.);
#12555=ORIENTED_EDGE('',*,*,#12558,.T.);
#12556=EDGE_CURVE('',#913,#919,#12559,.F.);
#12557=EDGE_CURVE('',#919,#903,#12560,.T.);
#12558=EDGE_CURVE('',#903,#913,#12561,.T.);
#12559=LINE('',#912,#12562);
#12560=LINE('',#918,#12563);
#12561=LINE('',#902,#12564);
#12562=VECTOR('',#12565,1.0);
#12563=VECTOR('',#12566,1.0);
#12564=VECTOR('',#12567,1.0);
#12565=DIRECTION('',(0.9972730950172918,-0.0737995525367989,0));
#12566=DIRECTION('',(-0.10948415663952124,0.008101975086097526,-0.9939555208582711));
#12567=DIRECTION('',(0,0,1));
#12568=FACE_SURFACE('',(#12573),#12569,.T.);
#12569=PLANE('',#12570);
#12570=AXIS2_PLACEMENT_3D('',#894,#12571,#12572);
#12571=DIRECTION('',(0.07379955253679892,0.9972730950172919,-0));
#12572=DIRECTION('',(-0.9972730950172918,0.0737995525367989,0));
#12573=FACE_BOUND('',#12574,.T.);
#12574=EDGE_LOOP('',(#12575,#12576,#12577));
#12575=ORIENTED_EDGE('',*,*,#12578,.T.);
#12576=ORIENTED_EDGE('',*,*,#12579,.T.);
#12577=ORIENTED_EDGE('',*,*,#12580,.T.);
#12578=EDGE_CURVE('',#895,#903,#12581,.F.);
#12579=EDGE_CURVE('',#903,#919,#12582,.T.);
#12580=EDGE_CURVE('',#919,#895,#12583,.T.);
#12581=LINE('',#894,#12584);
#12582=LINE('',#902,#12585);
#12583=LINE('',#918,#12586);
#12584=VECTOR('',#12587,1.0);
#12585=VECTOR('',#12588,1.0);
#12586=VECTOR('',#12589,1.0);
#12587=DIRECTION('',(-0.9972730950172918,0.0737995525367989,0));
#12588=DIRECTION('',(0.10948415663952124,-0.008101975086097526,0.9939555208582711));
#12589=DIRECTION('',(0,0,-1));
#12590=FACE_SURFACE('',(#12595),#12591,.T.);
#12591=PLANE('',#12592);
#12592=AXIS2_PLACEMENT_3D('',#902,#12593,#12594);
#12593=DIRECTION('',(0.024442691169340194,0.9997012327932783,0));
#12594=DIRECTION('',(-0.9997012327932783,0.024442691169340194,0));
#12595=FACE_BOUND('',#12596,.T.);
#12596=EDGE_LOOP('',(#12597,#12598,#12599));
#12597=ORIENTED_EDGE('',*,*,#12600,.T.);
#12598=ORIENTED_EDGE('',*,*,#12601,.T.);
#12599=ORIENTED_EDGE('',*,*,#12602,.T.);
#12600=EDGE_CURVE('',#903,#911,#12603,.F.);
#12601=EDGE_CURVE('',#911,#915,#12604,.T.);
#12602=EDGE_CURVE('',#915,#903,#12605,.T.);
#12603=LINE('',#902,#12606);
#12604=LINE('',#910,#12607);
#12605=LINE('',#914,#12608);
#12606=VECTOR('',#12609,1.0);
#12607=VECTOR('',#12610,1.0);
#12608=VECTOR('',#12611,1.0);
#12609=DIRECTION('',(-0.9997012327932783,0.024442691169340194,0));
#12610=DIRECTION('',(0,0,1));
#12611=DIRECTION('',(0.10973291582561061,-0.002682969355896784,-0.993957488457049));
#12612=FACE_SURFACE('',(#12617),#12613,.T.);
#12613=PLANE('',#12614);
#12614=AXIS2_PLACEMENT_3D('',#902,#12615,#12616);
#12615=DIRECTION('',(0.024442691169340194,0.9997012327932783,-0));
#12616=DIRECTION('',(-0.10973291582561061,0.002682969355896784,0.993957488457049));
#12617=FACE_BOUND('',#12618,.T.);
#12618=EDGE_LOOP('',(#12619,#12620,#12621));
#12619=ORIENTED_EDGE('',*,*,#12622,.T.);
#12620=ORIENTED_EDGE('',*,*,#12623,.T.);
#12621=ORIENTED_EDGE('',*,*,#12624,.T.);
#12622=EDGE_CURVE('',#903,#915,#12625,.F.);
#12623=EDGE_CURVE('',#915,#913,#12626,.T.);
#12624=EDGE_CURVE('',#913,#903,#12627,.T.);
#12625=LINE('',#902,#12628);
#12626=LINE('',#914,#12629);
#12627=LINE('',#912,#12630);
#12628=VECTOR('',#12631,1.0);
#12629=VECTOR('',#12632,1.0);
#12630=VECTOR('',#12633,1.0);
#12631=DIRECTION('',(-0.10973291582561061,0.002682969355896784,0.993957488457049));
#12632=DIRECTION('',(0.9997012327932783,-0.024442691169340194,0));
#12633=DIRECTION('',(0,0,-1));
#12634=FACE_SURFACE('',(#12639),#12635,.T.);
#12635=PLANE('',#12636);
#12636=AXIS2_PLACEMENT_3D('',#910,#12637,#12638);
#12637=DIRECTION('',(-0.024442691169340194,0.9997012327932783,0));
#12638=DIRECTION('',(-0.9997012327932783,-0.024442691169340194,0));
#12639=FACE_BOUND('',#12640,.T.);
#12640=EDGE_LOOP('',(#12641,#12642,#12643));
#12641=ORIENTED_EDGE('',*,*,#12644,.T.);
#12642=ORIENTED_EDGE('',*,*,#12645,.T.);
#12643=ORIENTED_EDGE('',*,*,#12646,.T.);
#12644=EDGE_CURVE('',#911,#909,#12647,.F.);
#12645=EDGE_CURVE('',#909,#925,#12648,.T.);
#12646=EDGE_CURVE('',#925,#911,#12649,.T.);
#12647=LINE('',#910,#12650);
#12648=LINE('',#908,#12651);
#12649=LINE('',#924,#12652);
#12650=VECTOR('',#12653,1.0);
#12651=VECTOR('',#12654,1.0);
#12652=VECTOR('',#12655,1.0);
#12653=DIRECTION('',(-0.9997012327932783,-0.024442691169340194,0));
#12654=DIRECTION('',(0,0,1));
#12655=DIRECTION('',(0.10973291582561061,0.002682969355896784,-0.993957488457049));
#12656=FACE_SURFACE('',(#12661),#12657,.T.);
#12657=PLANE('',#12658);
#12658=AXIS2_PLACEMENT_3D('',#910,#12659,#12660);
#12659=DIRECTION('',(-0.024442691169340194,0.9997012327932783,0));
#12660=DIRECTION('',(-0.10973291582561061,-0.002682969355896784,0.993957488457049));
#12661=FACE_BOUND('',#12662,.T.);
#12662=EDGE_LOOP('',(#12663,#12664,#12665));
#12663=ORIENTED_EDGE('',*,*,#12666,.T.);
#12664=ORIENTED_EDGE('',*,*,#12667,.T.);
#12665=ORIENTED_EDGE('',*,*,#12668,.T.);
#12666=EDGE_CURVE('',#911,#925,#12669,.F.);
#12667=EDGE_CURVE('',#925,#915,#12670,.T.);
#12668=EDGE_CURVE('',#915,#911,#12671,.T.);
#12669=LINE('',#910,#12672);
#12670=LINE('',#924,#12673);
#12671=LINE('',#914,#12674);
#12672=VECTOR('',#12675,1.0);
#12673=VECTOR('',#12676,1.0);
#12674=VECTOR('',#12677,1.0);
#12675=DIRECTION('',(-0.10973291582561061,-0.002682969355896784,0.993957488457049));
#12676=DIRECTION('',(0.9997012327932783,0.024442691169340194,0));
#12677=DIRECTION('',(0,0,-1));
#12678=FACE_SURFACE('',(#12683),#12679,.T.);
#12679=PLANE('',#12680);
#12680=AXIS2_PLACEMENT_3D('',#908,#12681,#12682);
#12681=DIRECTION('',(-0.07379955253679892,0.9972730950172919,0));
#12682=DIRECTION('',(-0.9972730950172918,-0.0737995525367989,0));
#12683=FACE_BOUND('',#12684,.T.);
#12684=EDGE_LOOP('',(#12685,#12686,#12687));
#12685=ORIENTED_EDGE('',*,*,#12688,.T.);
#12686=ORIENTED_EDGE('',*,*,#12689,.T.);
#12687=ORIENTED_EDGE('',*,*,#12690,.T.);
#12688=EDGE_CURVE('',#909,#905,#12691,.F.);
#12689=EDGE_CURVE('',#905,#921,#12692,.T.);
#12690=EDGE_CURVE('',#921,#909,#12693,.T.);
#12691=LINE('',#908,#12694);
#12692=LINE('',#904,#12695);
#12693=LINE('',#920,#12696);
#12694=VECTOR('',#12697,1.0);
#12695=VECTOR('',#12698,1.0);
#12696=VECTOR('',#12699,1.0);
#12697=DIRECTION('',(-0.9972730950172918,-0.0737995525367989,0));
#12698=DIRECTION('',(0,0,1));
#12699=DIRECTION('',(0.10948415663952124,0.008101975086097526,-0.9939555208582711));
#12700=FACE_SURFACE('',(#12705),#12701,.T.);
#12701=PLANE('',#12702);
#12702=AXIS2_PLACEMENT_3D('',#908,#12703,#12704);
#12703=DIRECTION('',(-0.07379955253679892,0.9972730950172919,0));
#12704=DIRECTION('',(-0.10948415663952124,-0.008101975086097526,0.9939555208582711));
#12705=FACE_BOUND('',#12706,.T.);
#12706=EDGE_LOOP('',(#12707,#12708,#12709));
#12707=ORIENTED_EDGE('',*,*,#12710,.T.);
#12708=ORIENTED_EDGE('',*,*,#12711,.T.);
#12709=ORIENTED_EDGE('',*,*,#12712,.T.);
#12710=EDGE_CURVE('',#909,#921,#12713,.F.);
#12711=EDGE_CURVE('',#921,#925,#12714,.T.);
#12712=EDGE_CURVE('',#925,#909,#12715,.T.);
#12713=LINE('',#908,#12716);
#12714=LINE('',#920,#12717);
#12715=LINE('',#924,#12718);
#12716=VECTOR('',#12719,1.0);
#12717=VECTOR('',#12720,1.0);
#12718=VECTOR('',#12721,1.0);
#12719=DIRECTION('',(-0.10948415663952124,-0.008101975086097526,0.9939555208582711));
#12720=DIRECTION('',(0.9972730950172918,0.0737995525367989,0));
#12721=DIRECTION('',(0,0,-1));
#12722=FACE_SURFACE('',(#12727),#12723,.T.);
#12723=PLANE('',#12724);
#12724=AXIS2_PLACEMENT_3D('',#904,#12725,#12726);
#12725=DIRECTION('',(-0.12224629408824057,0.992499795255239,0));
#12726=DIRECTION('',(-0.9924997952552391,-0.12224629408824059,0));
#12727=FACE_BOUND('',#12728,.T.);
#12728=EDGE_LOOP('',(#12729,#12730,#12731));
#12729=ORIENTED_EDGE('',*,*,#12732,.T.);
#12730=ORIENTED_EDGE('',*,*,#12733,.T.);
#12731=ORIENTED_EDGE('',*,*,#12734,.T.);
#12732=EDGE_CURVE('',#905,#907,#12735,.F.);
#12733=EDGE_CURVE('',#907,#923,#12736,.T.);
#12734=EDGE_CURVE('',#923,#905,#12737,.T.);
#12735=LINE('',#904,#12738);
#12736=LINE('',#906,#12739);
#12737=LINE('',#922,#12740);
#12738=VECTOR('',#12741,1.0);
#12739=VECTOR('',#12742,1.0);
#12740=VECTOR('',#12743,1.0);
#12741=DIRECTION('',(-0.9924997952552391,-0.12224629408824059,0));
#12742=DIRECTION('',(0,0,1));
#12743=DIRECTION('',(0.10893786333874263,0.013417886978634313,-0.9939579982273989));
#12744=FACE_SURFACE('',(#12749),#12745,.T.);
#12745=PLANE('',#12746);
#12746=AXIS2_PLACEMENT_3D('',#904,#12747,#12748);
#12747=DIRECTION('',(-0.12224629408824057,0.992499795255239,0));
#12748=DIRECTION('',(-0.10893786333874263,-0.013417886978634313,0.9939579982273989));
#12749=FACE_BOUND('',#12750,.T.);
#12750=EDGE_LOOP('',(#12751,#12752,#12753));
#12751=ORIENTED_EDGE('',*,*,#12754,.T.);
#12752=ORIENTED_EDGE('',*,*,#12755,.T.);
#12753=ORIENTED_EDGE('',*,*,#12756,.T.);
#12754=EDGE_CURVE('',#905,#923,#12757,.F.);
#12755=EDGE_CURVE('',#923,#921,#12758,.T.);
#12756=EDGE_CURVE('',#921,#905,#12759,.T.);
#12757=LINE('',#904,#12760);
#12758=LINE('',#922,#12761);
#12759=LINE('',#920,#12762);
#12760=VECTOR('',#12763,1.0);
#12761=VECTOR('',#12764,1.0);
#12762=VECTOR('',#12765,1.0);
#12763=DIRECTION('',(-0.10893786333874263,-0.013417886978634313,0.9939579982273989));
#12764=DIRECTION('',(0.9924997952552391,0.12224629408824059,0));
#12765=DIRECTION('',(0,0,-1));
#12766=FACE_SURFACE('',(#12771),#12767,.T.);
#12767=PLANE('',#12768);
#12768=AXIS2_PLACEMENT_3D('',#906,#12769,#12770);
#12769=DIRECTION('',(-0.17115952647283944,0.9852433285729943,0));
#12770=DIRECTION('',(-0.9852433285729943,-0.17115952647283947,0));
#12771=FACE_BOUND('',#12772,.T.);
#12772=EDGE_LOOP('',(#12773,#12774,#12775));
#12773=ORIENTED_EDGE('',*,*,#12776,.T.);
#12774=ORIENTED_EDGE('',*,*,#12777,.T.);
#12775=ORIENTED_EDGE('',*,*,#12778,.T.);
#12776=EDGE_CURVE('',#907,#865,#12779,.F.);
#12777=EDGE_CURVE('',#865,#867,#12780,.T.);
#12778=EDGE_CURVE('',#867,#907,#12781,.T.);
#12779=LINE('',#906,#12782);
#12780=LINE('',#864,#12783);
#12781=LINE('',#866,#12784);
#12782=VECTOR('',#12785,1.0);
#12783=VECTOR('',#12786,1.0);
#12784=VECTOR('',#12787,1.0);
#12785=DIRECTION('',(-0.9852433285729943,-0.17115952647283947,0));
#12786=DIRECTION('',(0,0,1));
#12787=DIRECTION('',(0.10814255078204787,0.01878685929315478,-0.9939578676323516));
#12788=FACE_SURFACE('',(#12793),#12789,.T.);
#12789=PLANE('',#12790);
#12790=AXIS2_PLACEMENT_3D('',#906,#12791,#12792);
#12791=DIRECTION('',(-0.17115952647283944,0.9852433285729943,0));
#12792=DIRECTION('',(-0.10814255078204787,-0.01878685929315478,0.9939578676323516));
#12793=FACE_BOUND('',#12794,.T.);
#12794=EDGE_LOOP('',(#12795,#12796,#12797));
#12795=ORIENTED_EDGE('',*,*,#12798,.T.);
#12796=ORIENTED_EDGE('',*,*,#12799,.T.);
#12797=ORIENTED_EDGE('',*,*,#12800,.T.);
#12798=EDGE_CURVE('',#907,#867,#12801,.F.);
#12799=EDGE_CURVE('',#867,#923,#12802,.T.);
#12800=EDGE_CURVE('',#923,#907,#12803,.T.);
#12801=LINE('',#906,#12804);
#12802=LINE('',#866,#12805);
#12803=LINE('',#922,#12806);
#12804=VECTOR('',#12807,1.0);
#12805=VECTOR('',#12808,1.0);
#12806=VECTOR('',#12809,1.0);
#12807=DIRECTION('',(-0.10814255078204787,-0.01878685929315478,0.9939578676323516));
#12808=DIRECTION('',(0.9852433285729943,0.17115952647283947,0));
#12809=DIRECTION('',(0,0,-1));
#12810=FACE_SURFACE('',(#12815),#12811,.T.);
#12811=PLANE('',#12812);
#12812=AXIS2_PLACEMENT_3D('',#868,#12813,#12814);
#12813=DIRECTION('',(0.19519155507424638,-0.9807651384647078,0));
#12814=DIRECTION('',(0,0,-1));
#12815=FACE_BOUND('',#12816,.T.);
#12816=EDGE_LOOP('',(#12817,#12818,#12819));
#12817=ORIENTED_EDGE('',*,*,#12820,.T.);
#12818=ORIENTED_EDGE('',*,*,#12821,.T.);
#12819=ORIENTED_EDGE('',*,*,#12822,.T.);
#12820=EDGE_CURVE('',#869,#597,#12823,.F.);
#12821=EDGE_CURVE('',#597,#931,#12824,.T.);
#12822=EDGE_CURVE('',#931,#869,#12825,.T.);
#12823=LINE('',#868,#12826);
#12824=LINE('',#596,#12827);
#12825=LINE('',#930,#12828);
#12826=VECTOR('',#12829,1.0);
#12827=VECTOR('',#12830,1.0);
#12828=VECTOR('',#12831,1.0);
#12829=DIRECTION('',(0,0,-1));
#12830=DIRECTION('',(0.2783820498011868,0.05540350393215497,0.9588711519805615));
#12831=DIRECTION('',(-0.9807651384647077,-0.19519155507424638,0));
#12832=FACE_SURFACE('',(#12837),#12833,.T.);
#12833=PLANE('',#12834);
#12834=AXIS2_PLACEMENT_3D('',#898,#12835,#12836);
#12835=DIRECTION('',(0.19519155507424638,-0.9807651384647078,0));
#12836=DIRECTION('',(0,0,1));
#12837=FACE_BOUND('',#12838,.T.);
#12838=EDGE_LOOP('',(#12839,#12840,#12841));
#12839=ORIENTED_EDGE('',*,*,#12842,.T.);
#12840=ORIENTED_EDGE('',*,*,#12843,.T.);
#12841=ORIENTED_EDGE('',*,*,#12844,.T.);
#12842=EDGE_CURVE('',#899,#931,#12845,.F.);
#12843=EDGE_CURVE('',#931,#597,#12846,.T.);
#12844=EDGE_CURVE('',#597,#899,#12847,.T.);
#12845=LINE('',#898,#12848);
#12846=LINE('',#930,#12849);
#12847=LINE('',#596,#12850);
#12848=VECTOR('',#12851,1.0);
#12849=VECTOR('',#12852,1.0);
#12850=VECTOR('',#12853,1.0);
#12851=DIRECTION('',(0,0,1));
#12852=DIRECTION('',(-0.2783820498011868,-0.05540350393215497,-0.9588711519805615));
#12853=DIRECTION('',(0.9807651384647077,0.19519155507424638,0));
#12854=FACE_SURFACE('',(#12859),#12855,.T.);
#12855=PLANE('',#12856);
#12856=AXIS2_PLACEMENT_3D('',#900,#12857,#12858);
#12857=DIRECTION('',(0.0654290803106715,-0.9978572219760198,0));
#12858=DIRECTION('',(0,0,1));
#12859=FACE_BOUND('',#12860,.T.);
#12860=EDGE_LOOP('',(#12861,#12862,#12863));
#12861=ORIENTED_EDGE('',*,*,#12864,.T.);
#12862=ORIENTED_EDGE('',*,*,#12865,.T.);
#12863=ORIENTED_EDGE('',*,*,#12866,.T.);
#12864=EDGE_CURVE('',#901,#927,#12867,.F.);
#12865=EDGE_CURVE('',#927,#931,#12868,.T.);
#12866=EDGE_CURVE('',#931,#901,#12869,.T.);
#12867=LINE('',#900,#12870);
#12868=LINE('',#926,#12871);
#12869=LINE('',#930,#12872);
#12870=VECTOR('',#12873,1.0);
#12871=VECTOR('',#12874,1.0);
#12872=VECTOR('',#12875,1.0);
#12873=DIRECTION('',(0,0,1));
#12874=DIRECTION('',(-0.9978572219760198,-0.0654290803106715,0));
#12875=DIRECTION('',(0.28322655694854676,0.018571046771605943,-0.9588732104198543));
#12876=FACE_SURFACE('',(#12881),#12877,.T.);
#12877=PLANE('',#12878);
#12878=AXIS2_PLACEMENT_3D('',#900,#12879,#12880);
#12879=DIRECTION('',(0.0654290803106715,-0.9978572219760198,0));
#12880=DIRECTION('',(-0.28322655694854676,-0.018571046771605943,0.9588732104198543));
#12881=FACE_BOUND('',#12882,.T.);
#12882=EDGE_LOOP('',(#12883,#12884,#12885));
#12883=ORIENTED_EDGE('',*,*,#12886,.T.);
#12884=ORIENTED_EDGE('',*,*,#12887,.T.);
#12885=ORIENTED_EDGE('',*,*,#12888,.T.);
#12886=EDGE_CURVE('',#901,#931,#12889,.F.);
#12887=EDGE_CURVE('',#931,#899,#12890,.T.);
#12888=EDGE_CURVE('',#899,#901,#12891,.T.);
#12889=LINE('',#900,#12892);
#12890=LINE('',#930,#12893);
#12891=LINE('',#898,#12894);
#12892=VECTOR('',#12895,1.0);
#12893=VECTOR('',#12896,1.0);
#12894=VECTOR('',#12897,1.0);
#12895=DIRECTION('',(-0.28322655694854676,-0.018571046771605943,0.9588732104198543));
#12896=DIRECTION('',(0,0,-1));
#12897=DIRECTION('',(0.9978572219760198,0.0654290803106715,0));
#12898=FACE_SURFACE('',(#12903),#12899,.T.);
#12899=PLANE('',#12900);
#12900=AXIS2_PLACEMENT_3D('',#926,#12901,#12902);
#12901=DIRECTION('',(-0.06542905817245658,-0.9978572234276131,-0));
#12902=DIRECTION('',(0,0,-1));
#12903=FACE_BOUND('',#12904,.T.);
#12904=EDGE_LOOP('',(#12905,#12906,#12907));
#12905=ORIENTED_EDGE('',*,*,#12908,.T.);
#12906=ORIENTED_EDGE('',*,*,#12909,.T.);
#12907=ORIENTED_EDGE('',*,*,#12910,.T.);
#12908=EDGE_CURVE('',#927,#901,#12911,.F.);
#12909=EDGE_CURVE('',#901,#289,#12912,.T.);
#12910=EDGE_CURVE('',#289,#927,#12913,.T.);
#12911=LINE('',#926,#12914);
#12912=LINE('',#900,#12915);
#12913=LINE('',#288,#12916);
#12914=VECTOR('',#12917,1.0);
#12915=VECTOR('',#12918,1.0);
#12916=VECTOR('',#12919,1.0);
#12917=DIRECTION('',(0,0,-1));
#12918=DIRECTION('',(0.9978572234276131,-0.06542905817245658,0));
#12919=DIRECTION('',(-0.28322664547117926,0.018571046265385707,0.9588731842823387));
#12920=FACE_SURFACE('',(#12925),#12921,.T.);
#12921=PLANE('',#12922);
#12922=AXIS2_PLACEMENT_3D('',#926,#12923,#12924);
#12923=DIRECTION('',(0,0,-1));
#12924=DIRECTION('',(-0.2969714637012838,-0.9548863543621917,0));
#12925=FACE_BOUND('',#12926,.T.);
#12926=EDGE_LOOP('',(#12927,#12928,#12929));
#12927=ORIENTED_EDGE('',*,*,#12930,.T.);
#12928=ORIENTED_EDGE('',*,*,#12931,.T.);
#12929=ORIENTED_EDGE('',*,*,#12932,.T.);
#12930=EDGE_CURVE('',#927,#881,#12933,.F.);
#12931=EDGE_CURVE('',#881,#931,#12934,.T.);
#12932=EDGE_CURVE('',#931,#927,#12935,.T.);
#12933=LINE('',#926,#12936);
#12934=LINE('',#880,#12937);
#12935=LINE('',#930,#12938);
#12936=VECTOR('',#12939,1.0);
#12937=VECTOR('',#12940,1.0);
#12938=VECTOR('',#12941,1.0);
#12939=DIRECTION('',(-0.2969714637012838,-0.9548863543621917,0));
#12940=DIRECTION('',(0.13039346346854286,0.9914623264071498,0));
#12941=DIRECTION('',(0.9978572219760198,0.0654290803106715,0));
#12942=FACE_SURFACE('',(#12947),#12943,.T.);
#12943=PLANE('',#12944);
#12944=AXIS2_PLACEMENT_3D('',#868,#12945,#12946);
#12945=DIRECTION('',(0,0,-1));
#12946=DIRECTION('',(0.9807651384647077,0.19519155507424638,0));
#12947=FACE_BOUND('',#12948,.T.);
#12948=EDGE_LOOP('',(#12949,#12950,#12951));
#12949=ORIENTED_EDGE('',*,*,#12952,.T.);
#12950=ORIENTED_EDGE('',*,*,#12953,.T.);
#12951=ORIENTED_EDGE('',*,*,#12954,.T.);
#12952=EDGE_CURVE('',#869,#931,#12955,.F.);
#12953=EDGE_CURVE('',#931,#881,#12956,.T.);
#12954=EDGE_CURVE('',#881,#869,#12957,.T.);
#12955=LINE('',#868,#12958);
#12956=LINE('',#930,#12959);
#12957=LINE('',#880,#12960);
#12958=VECTOR('',#12961,1.0);
#12959=VECTOR('',#12962,1.0);
#12960=VECTOR('',#12963,1.0);
#12961=DIRECTION('',(0.9807651384647077,0.19519155507424638,0));
#12962=DIRECTION('',(-0.13039346346854286,-0.9914623264071498,0));
#12963=DIRECTION('',(-0.05031380298120596,0.9987334585511634,0));
#12964=FACE_SURFACE('',(#12969),#12965,.T.);
#12965=PLANE('',#12966);
#12966=AXIS2_PLACEMENT_3D('',#248,#12967,#12968);
#12967=DIRECTION('',(0,1,0));
#12968=DIRECTION('',(-1,0,0));
#12969=FACE_BOUND('',#12970,.T.);
#12970=EDGE_LOOP('',(#12971,#12972,#12973));
#12971=ORIENTED_EDGE('',*,*,#12974,.T.);
#12972=ORIENTED_EDGE('',*,*,#12975,.T.);
#12973=ORIENTED_EDGE('',*,*,#12976,.T.);
#12974=EDGE_CURVE('',#249,#247,#12977,.F.);
#12975=EDGE_CURVE('',#247,#881,#12978,.T.);
#12976=EDGE_CURVE('',#881,#249,#12979,.T.);
#12977=LINE('',#248,#12980);
#12978=LINE('',#246,#12981);
#12979=LINE('',#880,#12982);
#12980=VECTOR('',#12983,1.0);
#12981=VECTOR('',#12984,1.0);
#12982=VECTOR('',#12985,1.0);
#12983=DIRECTION('',(-1,0,0));
#12984=DIRECTION('',(0,0,1));
#12985=DIRECTION('',(0.7249450944059885,0,-0.6888066565420897));
#12986=FACE_SURFACE('',(#12991),#12987,.T.);
#12987=PLANE('',#12988);
#12988=AXIS2_PLACEMENT_3D('',#248,#12989,#12990);
#12989=DIRECTION('',(0,1,-0));
#12990=DIRECTION('',(-0.7249450944059885,0,0.6888066565420897));
#12991=FACE_BOUND('',#12992,.T.);
#12992=EDGE_LOOP('',(#12993,#12994,#12995));
#12993=ORIENTED_EDGE('',*,*,#12996,.T.);
#12994=ORIENTED_EDGE('',*,*,#12997,.T.);
#12995=ORIENTED_EDGE('',*,*,#12998,.T.);
#12996=EDGE_CURVE('',#249,#881,#12999,.F.);
#12997=EDGE_CURVE('',#881,#267,#13000,.T.);
#12998=EDGE_CURVE('',#267,#249,#13001,.T.);
#12999=LINE('',#248,#13002);
#13000=LINE('',#880,#13003);
#13001=LINE('',#266,#13004);
#13002=VECTOR('',#13005,1.0);
#13003=VECTOR('',#13006,1.0);
#13004=VECTOR('',#13007,1.0);
#13005=DIRECTION('',(-0.7249450944059885,0,0.6888066565420897));
#13006=DIRECTION('',(1,0,0));
#13007=DIRECTION('',(0,0,-1));
#13008=FACE_SURFACE('',(#13013),#13009,.T.);
#13009=PLANE('',#13010);
#13010=AXIS2_PLACEMENT_3D('',#932,#13011,#13012);
#13011=DIRECTION('',(-0,0,-1));
#13012=DIRECTION('',(-0.903702982300462,-0.4281599231376646,0));
#13013=FACE_BOUND('',#13014,.T.);
#13014=EDGE_LOOP('',(#13015,#13016,#13017));
#13015=ORIENTED_EDGE('',*,*,#13018,.T.);
#13016=ORIENTED_EDGE('',*,*,#13019,.T.);
#13017=ORIENTED_EDGE('',*,*,#13020,.T.);
#13018=EDGE_CURVE('',#933,#935,#13021,.F.);
#13019=EDGE_CURVE('',#935,#707,#13022,.T.);
#13020=EDGE_CURVE('',#707,#933,#13023,.T.);
#13021=LINE('',#932,#13024);
#13022=LINE('',#934,#13025);
#13023=LINE('',#706,#13026);
#13024=VECTOR('',#13027,1.0);
#13025=VECTOR('',#13028,1.0);
#13026=VECTOR('',#13029,1.0);
#13027=DIRECTION('',(-0.903702982300462,-0.4281599231376646,0));
#13028=DIRECTION('',(-0.6709819962584761,0.7414736412691892,0));
#13029=DIRECTION('',(0.9807651384647077,-0.19519155507424638,0));
#13030=FACE_SURFACE('',(#13035),#13031,.T.);
#13031=PLANE('',#13032);
#13032=AXIS2_PLACEMENT_3D('',#240,#13033,#13034);
#13033=DIRECTION('',(0,0,1));
#13034=DIRECTION('',(-0.962243587397741,-0.2721897839962518,0));
#13035=FACE_BOUND('',#13036,.T.);
#13036=EDGE_LOOP('',(#13037,#13038,#13039));
#13037=ORIENTED_EDGE('',*,*,#13040,.T.);
#13038=ORIENTED_EDGE('',*,*,#13041,.T.);
#13039=ORIENTED_EDGE('',*,*,#13042,.T.);
#13040=EDGE_CURVE('',#241,#829,#13043,.F.);
#13041=EDGE_CURVE('',#829,#239,#13044,.T.);
#13042=EDGE_CURVE('',#239,#241,#13045,.T.);
#13043=LINE('',#240,#13046);
#13044=LINE('',#828,#13047);
#13045=LINE('',#238,#13048);
#13046=VECTOR('',#13049,1.0);
#13047=VECTOR('',#13050,1.0);
#13048=VECTOR('',#13051,1.0);
#13049=DIRECTION('',(-0.962243587397741,-0.2721897839962518,0));
#13050=DIRECTION('',(0.9874155092702085,0.1581474377049943,0));
#13051=DIRECTION('',(0,1,0));
#13052=FACE_SURFACE('',(#13057),#13053,.T.);
#13053=PLANE('',#13054);
#13054=AXIS2_PLACEMENT_3D('',#828,#13055,#13056);
#13055=DIRECTION('',(0,-0,1));
#13056=DIRECTION('',(0.962243587397741,0.2721897839962518,0));
#13057=FACE_BOUND('',#13058,.T.);
#13058=EDGE_LOOP('',(#13059,#13060,#13061));
#13059=ORIENTED_EDGE('',*,*,#13062,.T.);
#13060=ORIENTED_EDGE('',*,*,#13063,.T.);
#13061=ORIENTED_EDGE('',*,*,#13064,.T.);
#13062=EDGE_CURVE('',#829,#241,#13065,.F.);
#13063=EDGE_CURVE('',#241,#825,#13066,.T.);
#13064=EDGE_CURVE('',#825,#829,#13067,.T.);
#13065=LINE('',#828,#13068);
#13066=LINE('',#240,#13069);
#13067=LINE('',#824,#13070);
#13068=VECTOR('',#13071,1.0);
#13069=VECTOR('',#13072,1.0);
#13070=VECTOR('',#13073,1.0);
#13071=DIRECTION('',(0.962243587397741,0.2721897839962518,0));
#13072=DIRECTION('',(-0.9777749616050967,-0.2096571593295868,0));
#13073=DIRECTION('',(0.35949891792415717,-0.9331455020581517,0));
#13074=FACE_SURFACE('',(#13079),#13075,.T.);
#13075=PLANE('',#13076);
#13076=AXIS2_PLACEMENT_3D('',#252,#13077,#13078);
#13077=DIRECTION('',(0,0,1));
#13078=DIRECTION('',(-0.9553938717367547,-0.2953346404468214,0));
#13079=FACE_BOUND('',#13080,.T.);
#13080=EDGE_LOOP('',(#13081,#13082,#13083));
#13081=ORIENTED_EDGE('',*,*,#13084,.T.);
#13082=ORIENTED_EDGE('',*,*,#13085,.T.);
#13083=ORIENTED_EDGE('',*,*,#13086,.T.);
#13084=EDGE_CURVE('',#253,#813,#13087,.F.);
#13085=EDGE_CURVE('',#813,#203,#13088,.T.);
#13086=EDGE_CURVE('',#203,#253,#13089,.T.);
#13087=LINE('',#252,#13090);
#13088=LINE('',#812,#13091);
#13089=LINE('',#202,#13092);
#13090=VECTOR('',#13093,1.0);
#13091=VECTOR('',#13094,1.0);
#13092=VECTOR('',#13095,1.0);
#13093=DIRECTION('',(-0.9553938717367547,-0.2953346404468214,0));
#13094=DIRECTION('',(0.9848280232781594,0.17353318001475382,0));
#13095=DIRECTION('',(-0.39355878831803687,0.9192994507436839,0));
#13096=FACE_SURFACE('',(#13101),#13097,.T.);
#13097=PLANE('',#13098);
#13098=AXIS2_PLACEMENT_3D('',#210,#13099,#13100);
#13099=DIRECTION('',(0,-0,1));
#13100=DIRECTION('',(0.8968918569094566,0.44224992595760443,0));
#13101=FACE_BOUND('',#13102,.T.);
#13102=EDGE_LOOP('',(#13103,#13104,#13105));
#13103=ORIENTED_EDGE('',*,*,#13106,.T.);
#13104=ORIENTED_EDGE('',*,*,#13107,.T.);
#13105=ORIENTED_EDGE('',*,*,#13108,.T.);
#13106=EDGE_CURVE('',#211,#213,#13109,.F.);
#13107=EDGE_CURVE('',#213,#253,#13110,.T.);
#13108=EDGE_CURVE('',#253,#211,#13111,.T.);
#13109=LINE('',#210,#13112);
#13110=LINE('',#212,#13113);
#13111=LINE('',#252,#13114);
#13112=VECTOR('',#13115,1.0);
#13113=VECTOR('',#13116,1.0);
#13114=VECTOR('',#13117,1.0);
#13115=DIRECTION('',(0.8968918569094566,0.44224992595760443,0));
#13116=DIRECTION('',(-0.9941354047437985,0.10814248487474268,0));
#13117=DIRECTION('',(0.9744368294356941,-0.22466166882517358,0));
#13118=FACE_SURFACE('',(#13123),#13119,.T.);
#13119=PLANE('',#13120);
#13120=AXIS2_PLACEMENT_3D('',#830,#13121,#13122);
#13121=DIRECTION('',(-0,0,1));
#13122=DIRECTION('',(0.9142025963603347,-0.4052574648393572,0));
#13123=FACE_BOUND('',#13124,.T.);
#13124=EDGE_LOOP('',(#13125,#13126,#13127));
#13125=ORIENTED_EDGE('',*,*,#13128,.T.);
#13126=ORIENTED_EDGE('',*,*,#13129,.T.);
#13127=ORIENTED_EDGE('',*,*,#13130,.T.);
#13128=EDGE_CURVE('',#831,#837,#13131,.F.);
#13129=EDGE_CURVE('',#837,#239,#13132,.T.);
#13130=EDGE_CURVE('',#239,#831,#13133,.T.);
#13131=LINE('',#830,#13134);
#13132=LINE('',#836,#13135);
#13133=LINE('',#238,#13136);
#13134=VECTOR('',#13137,1.0);
#13135=VECTOR('',#13138,1.0);
#13136=VECTOR('',#13139,1.0);
#13137=DIRECTION('',(0.9142025963603347,-0.4052574648393572,0));
#13138=DIRECTION('',(0.26851225290619124,0.9632762688031101,0));
#13139=DIRECTION('',(-0.3369228856967661,-0.941532245381837,0));
#13140=FACE_SURFACE('',(#13145),#13141,.T.);
#13141=PLANE('',#13142);
#13142=AXIS2_PLACEMENT_3D('',#240,#13143,#13144);
#13143=DIRECTION('',(0,-0,1));
#13144=DIRECTION('',(0.253279160800705,0.9673932327156785,0));
#13145=FACE_BOUND('',#13146,.T.);
#13146=EDGE_LOOP('',(#13147,#13148,#13149));
#13147=ORIENTED_EDGE('',*,*,#13150,.T.);
#13148=ORIENTED_EDGE('',*,*,#13151,.T.);
#13149=ORIENTED_EDGE('',*,*,#13152,.T.);
#13150=EDGE_CURVE('',#241,#165,#13153,.F.);
#13151=EDGE_CURVE('',#165,#821,#13154,.T.);
#13152=EDGE_CURVE('',#821,#241,#13155,.T.);
#13153=LINE('',#240,#13156);
#13154=LINE('',#164,#13157);
#13155=LINE('',#820,#13158);
#13156=VECTOR('',#13159,1.0);
#13157=VECTOR('',#13160,1.0);
#13158=VECTOR('',#13161,1.0);
#13159=DIRECTION('',(0.253279160800705,0.9673932327156785,0));
#13160=DIRECTION('',(-0.981680989248995,-0.19053197985407702,0));
#13161=DIRECTION('',(0.9964391023633113,0.08431556962624552,0));
#13162=FACE_SURFACE('',(#13167),#13163,.T.);
#13163=PLANE('',#13164);
#13164=AXIS2_PLACEMENT_3D('',#190,#13165,#13166);
#13165=DIRECTION('',(0,0,1));
#13166=DIRECTION('',(-0.9957806286059164,-0.09176567818746897,0));
#13167=FACE_BOUND('',#13168,.T.);
#13168=EDGE_LOOP('',(#13169,#13170,#13171));
#13169=ORIENTED_EDGE('',*,*,#13172,.T.);
#13170=ORIENTED_EDGE('',*,*,#13173,.T.);
#13171=ORIENTED_EDGE('',*,*,#13174,.T.);
#13172=EDGE_CURVE('',#191,#813,#13175,.F.);
#13173=EDGE_CURVE('',#813,#187,#13176,.T.);
#13174=EDGE_CURVE('',#187,#191,#13177,.T.);
#13175=LINE('',#190,#13178);
#13176=LINE('',#812,#13179);
#13177=LINE('',#186,#13180);
#13178=VECTOR('',#13181,1.0);
#13179=VECTOR('',#13182,1.0);
#13180=VECTOR('',#13183,1.0);
#13181=DIRECTION('',(-0.9957806286059164,-0.09176567818746897,0));
#13182=DIRECTION('',(0.9981642894848705,0.06056443838725479,0));
#13183=DIRECTION('',(0.06588558846872812,0.9978271840514917,0));
#13184=FACE_SURFACE('',(#13189),#13185,.T.);
#13185=PLANE('',#13186);
#13186=AXIS2_PLACEMENT_3D('',#832,#13187,#13188);
#13187=DIRECTION('',(0,-0,1));
#13188=DIRECTION('',(0.4042370707509693,0.914654246494639,0));
#13189=FACE_BOUND('',#13190,.T.);
#13190=EDGE_LOOP('',(#13191,#13192,#13193));
#13191=ORIENTED_EDGE('',*,*,#13194,.T.);
#13192=ORIENTED_EDGE('',*,*,#13195,.T.);
#13193=ORIENTED_EDGE('',*,*,#13196,.T.);
#13194=EDGE_CURVE('',#833,#239,#13197,.F.);
#13195=EDGE_CURVE('',#239,#841,#13198,.T.);
#13196=EDGE_CURVE('',#841,#833,#13199,.T.);
#13197=LINE('',#832,#13200);
#13198=LINE('',#238,#13201);
#13199=LINE('',#840,#13202);
#13200=VECTOR('',#13203,1.0);
#13201=VECTOR('',#13204,1.0);
#13202=VECTOR('',#13205,1.0);
#13203=DIRECTION('',(0.4042370707509693,0.914654246494639,0));
#13204=DIRECTION('',(-0.4698747693537591,-0.8827330860032107,0));
#13205=DIRECTION('',(0.8702423812558746,-0.49262378938303925,0));
#13206=FACE_SURFACE('',(#13211),#13207,.T.);
#13207=PLANE('',#13208);
#13208=AXIS2_PLACEMENT_3D('',#936,#13209,#13210);
#13209=DIRECTION('',(-0,-0,1));
#13210=DIRECTION('',(0.9852444936148473,-0.17115282002240867,0));
#13211=FACE_BOUND('',#13212,.T.);
#13212=EDGE_LOOP('',(#13213,#13214,#13215));
#13213=ORIENTED_EDGE('',*,*,#13216,.T.);
#13214=ORIENTED_EDGE('',*,*,#13217,.T.);
#13215=ORIENTED_EDGE('',*,*,#13218,.T.);
#13216=EDGE_CURVE('',#937,#939,#13219,.F.);
#13217=EDGE_CURVE('',#939,#239,#13220,.T.);
#13218=EDGE_CURVE('',#239,#937,#13221,.T.);
#13219=LINE('',#936,#13222);
#13220=LINE('',#938,#13223);
#13221=LINE('',#238,#13224);
#13222=VECTOR('',#13225,1.0);
#13223=VECTOR('',#13226,1.0);
#13224=VECTOR('',#13227,1.0);
#13225=DIRECTION('',(0.9852444936148473,-0.17115282002240867,0));
#13226=DIRECTION('',(-0.07282309360546836,0.997344873670953,0));
#13227=DIRECTION('',(0.0061614481707232506,-0.9999810180980634,0));
#13228=FACE_SURFACE('',(#13233),#13229,.T.);
#13229=PLANE('',#13230);
#13230=AXIS2_PLACEMENT_3D('',#940,#13231,#13232);
#13231=DIRECTION('',(0,-0,1));
#13232=DIRECTION('',(0.06171263910444614,0.9980939585904548,0));
#13233=FACE_BOUND('',#13234,.T.);
#13234=EDGE_LOOP('',(#13235,#13236,#13237));
#13235=ORIENTED_EDGE('',*,*,#13238,.T.);
#13236=ORIENTED_EDGE('',*,*,#13239,.T.);
#13237=ORIENTED_EDGE('',*,*,#13240,.T.);
#13238=EDGE_CURVE('',#941,#239,#13241,.F.);
#13239=EDGE_CURVE('',#239,#839,#13242,.T.);
#13240=EDGE_CURVE('',#839,#941,#13243,.T.);
#13241=LINE('',#940,#13244);
#13242=LINE('',#238,#13245);
#13243=LINE('',#838,#13246);
#13244=VECTOR('',#13247,1.0);
#13245=VECTOR('',#13248,1.0);
#13246=VECTOR('',#13249,1.0);
#13247=DIRECTION('',(0.06171263910444614,0.9980939585904548,0));
#13248=DIRECTION('',(-0.1304198029555653,-0.9914588619791703,0));
#13249=DIRECTION('',(0.9637957965324885,-0.2666414494903331,0));
#13250=FACE_SURFACE('',(#13255),#13251,.T.);
#13251=PLANE('',#13252);
#13252=AXIS2_PLACEMENT_3D('',#888,#13253,#13254);
#13253=DIRECTION('',(0,0,-1));
#13254=DIRECTION('',(-0.6593722181491761,0.7518166518061671,0));
#13255=FACE_BOUND('',#13256,.T.);
#13256=EDGE_LOOP('',(#13257,#13258,#13259));
#13257=ORIENTED_EDGE('',*,*,#13260,.T.);
#13258=ORIENTED_EDGE('',*,*,#13261,.T.);
#13259=ORIENTED_EDGE('',*,*,#13262,.T.);
#13260=EDGE_CURVE('',#889,#943,#13263,.F.);
#13261=EDGE_CURVE('',#943,#119,#13264,.T.);
#13262=EDGE_CURVE('',#119,#889,#13265,.T.);
#13263=LINE('',#888,#13266);
#13264=LINE('',#942,#13267);
#13265=LINE('',#118,#13268);
#13266=VECTOR('',#13269,1.0);
#13267=VECTOR('',#13270,1.0);
#13268=VECTOR('',#13271,1.0);
#13269=DIRECTION('',(-0.6593722181491761,0.7518166518061671,0));
#13270=DIRECTION('',(0.8710226569461572,0.49124284329286355,0));
#13271=DIRECTION('',(-0.758584092674836,-0.651575148651862,0));
#13272=FACE_SURFACE('',(#13277),#13273,.T.);
#13273=PLANE('',#13274);
#13274=AXIS2_PLACEMENT_3D('',#120,#13275,#13276);
#13275=DIRECTION('',(0,0,-1));
#13276=DIRECTION('',(-0.32145169561345277,0.9469259777761069,0));
#13277=FACE_BOUND('',#13278,.T.);
#13278=EDGE_LOOP('',(#13279,#13280,#13281));
#13279=ORIENTED_EDGE('',*,*,#13282,.T.);
#13280=ORIENTED_EDGE('',*,*,#13283,.T.);
#13281=ORIENTED_EDGE('',*,*,#13284,.T.);
#13282=EDGE_CURVE('',#121,#883,#13285,.F.);
#13283=EDGE_CURVE('',#883,#175,#13286,.T.);
#13284=EDGE_CURVE('',#175,#121,#13287,.T.);
#13285=LINE('',#120,#13288);
#13286=LINE('',#882,#13289);
#13287=LINE('',#174,#13290);
#13288=VECTOR('',#13291,1.0);
#13289=VECTOR('',#13292,1.0);
#13290=VECTOR('',#13293,1.0);
#13291=DIRECTION('',(-0.32145169561345277,0.9469259777761069,0));
#13292=DIRECTION('',(0.9716275035342752,0.23651637232071693,0));
#13293=DIRECTION('',(-0.9195240579026347,-0.39303372239322176,0));
#13294=FACE_SURFACE('',(#13299),#13295,.T.);
#13295=PLANE('',#13296);
#13296=AXIS2_PLACEMENT_3D('',#944,#13297,#13298);
#13297=DIRECTION('',(0,0,-1));
#13298=DIRECTION('',(-0.4422992242581743,0.8968675466425448,0));
#13299=FACE_BOUND('',#13300,.T.);
#13300=EDGE_LOOP('',(#13301,#13302,#13303));
#13301=ORIENTED_EDGE('',*,*,#13304,.T.);
#13302=ORIENTED_EDGE('',*,*,#13305,.T.);
#13303=ORIENTED_EDGE('',*,*,#13306,.T.);
#13304=EDGE_CURVE('',#945,#121,#13307,.F.);
#13305=EDGE_CURVE('',#121,#119,#13308,.T.);
#13306=EDGE_CURVE('',#119,#945,#13309,.T.);
#13307=LINE('',#944,#13310);
#13308=LINE('',#120,#13311);
#13309=LINE('',#118,#13312);
#13310=VECTOR('',#13313,1.0);
#13311=VECTOR('',#13314,1.0);
#13312=VECTOR('',#13315,1.0);
#13313=DIRECTION('',(-0.4422992242581743,0.8968675466425448,0));
#13314=DIRECTION('',(0.9896643318738858,0.14340331312984084,0));
#13315=DIRECTION('',(-0.9478786408023663,-0.3186315777048135,0));
#13316=FACE_SURFACE('',(#13321),#13317,.T.);
#13317=PLANE('',#13318);
#13318=AXIS2_PLACEMENT_3D('',#942,#13319,#13320);
#13319=DIRECTION('',(0,0,-1));
#13320=DIRECTION('',(-0.5555620703002672,0.8314750663992763,0));
#13321=FACE_BOUND('',#13322,.T.);
#13322=EDGE_LOOP('',(#13323,#13324,#13325));
#13323=ORIENTED_EDGE('',*,*,#13326,.T.);
#13324=ORIENTED_EDGE('',*,*,#13327,.T.);
#13325=ORIENTED_EDGE('',*,*,#13328,.T.);
#13326=EDGE_CURVE('',#943,#945,#13329,.F.);
#13327=EDGE_CURVE('',#945,#119,#13330,.T.);
#13328=EDGE_CURVE('',#119,#943,#13331,.T.);
#13329=LINE('',#942,#13332);
#13330=LINE('',#944,#13333);
#13331=LINE('',#118,#13334);
#13332=VECTOR('',#13335,1.0);
#13333=VECTOR('',#13336,1.0);
#13334=VECTOR('',#13337,1.0);
#13335=DIRECTION('',(-0.5555620703002672,0.8314750663992763,0));
#13336=DIRECTION('',(0.9478786408023663,0.3186315777048135,0));
#13337=DIRECTION('',(-0.8710226569461572,-0.49124284329286355,0));
#13338=FACE_SURFACE('',(#13343),#13339,.T.);
#13339=PLANE('',#13340);
#13340=AXIS2_PLACEMENT_3D('',#188,#13341,#13342);
#13341=DIRECTION('',(0,-0,-1));
#13342=DIRECTION('',(0.06588558846872812,-0.9978271840514917,0));
#13343=FACE_BOUND('',#13344,.T.);
#13344=EDGE_LOOP('',(#13345,#13346,#13347));
#13345=ORIENTED_EDGE('',*,*,#13348,.T.);
#13346=ORIENTED_EDGE('',*,*,#13349,.T.);
#13347=ORIENTED_EDGE('',*,*,#13350,.T.);
#13348=EDGE_CURVE('',#189,#183,#13351,.F.);
#13349=EDGE_CURVE('',#183,#877,#13352,.T.);
#13350=EDGE_CURVE('',#877,#189,#13353,.T.);
#13351=LINE('',#188,#13354);
#13352=LINE('',#182,#13355);
#13353=LINE('',#876,#13356);
#13354=VECTOR('',#13357,1.0);
#13355=VECTOR('',#13358,1.0);
#13356=VECTOR('',#13359,1.0);
#13357=DIRECTION('',(0.06588558846872812,-0.9978271840514917,0));
#13358=DIRECTION('',(-0.9995813887322275,-0.0289317697376336,0));
#13359=DIRECTION('',(0.9981642894848705,0.06056443838725479,0));
#13360=FACE_SURFACE('',(#13365),#13361,.T.);
#13361=PLANE('',#13362);
#13362=AXIS2_PLACEMENT_3D('',#198,#13363,#13364);
#13363=DIRECTION('',(0,0,-1));
#13364=DIRECTION('',(-0.3219531715267602,-0.9467555943029122,0));
#13365=FACE_BOUND('',#13366,.T.);
#13366=EDGE_LOOP('',(#13367,#13368,#13369));
#13367=ORIENTED_EDGE('',*,*,#13370,.T.);
#13368=ORIENTED_EDGE('',*,*,#13371,.T.);
#13369=ORIENTED_EDGE('',*,*,#13372,.T.);
#13370=EDGE_CURVE('',#199,#195,#13373,.F.);
#13371=EDGE_CURVE('',#195,#877,#13374,.T.);
#13372=EDGE_CURVE('',#877,#199,#13375,.T.);
#13373=LINE('',#198,#13376);
#13374=LINE('',#194,#13377);
#13375=LINE('',#876,#13378);
#13376=VECTOR('',#13379,1.0);
#13377=VECTOR('',#13380,1.0);
#13378=VECTOR('',#13381,1.0);
#13379=DIRECTION('',(-0.3219531715267602,-0.9467555943029122,0));
#13380=DIRECTION('',(-0.9925886734300593,-0.12152253033226042,0));
#13381=DIRECTION('',(0.9888357839115505,0.149009370363173,0));
#13382=FACE_SURFACE('',(#13387),#13383,.T.);
#13383=PLANE('',#13384);
#13384=AXIS2_PLACEMENT_3D('',#218,#13385,#13386);
#13385=DIRECTION('',(-0,0,-1));
#13386=DIRECTION('',(-0.9978276078658741,-0.06587916955052969,0));
#13387=FACE_BOUND('',#13388,.T.);
#13388=EDGE_LOOP('',(#13389,#13390,#13391));
#13389=ORIENTED_EDGE('',*,*,#13392,.T.);
#13390=ORIENTED_EDGE('',*,*,#13393,.T.);
#13391=ORIENTED_EDGE('',*,*,#13394,.T.);
#13392=EDGE_CURVE('',#219,#139,#13395,.F.);
#13393=EDGE_CURVE('',#139,#127,#13396,.T.);
#13394=EDGE_CURVE('',#127,#219,#13397,.T.);
#13395=LINE('',#218,#13398);
#13396=LINE('',#138,#13399);
#13397=LINE('',#126,#13400);
#13398=VECTOR('',#13401,1.0);
#13399=VECTOR('',#13402,1.0);
#13400=VECTOR('',#13403,1.0);
#13401=DIRECTION('',(-0.9978276078658741,-0.06587916955052969,0));
#13402=DIRECTION('',(-0.9999622711351032,0.008686558946244132,0));
#13403=DIRECTION('',(1,0,0));
#13404=FACE_SURFACE('',(#13409),#13405,.T.);
#13405=PLANE('',#13406);
#13406=AXIS2_PLACEMENT_3D('',#132,#13407,#13408);
#13407=DIRECTION('',(-0,0,-1));
#13408=DIRECTION('',(-0.751923604214129,-0.659250250986402,0));
#13409=FACE_BOUND('',#13410,.T.);
#13410=EDGE_LOOP('',(#13411,#13412,#13413));
#13411=ORIENTED_EDGE('',*,*,#13414,.T.);
#13412=ORIENTED_EDGE('',*,*,#13415,.T.);
#13413=ORIENTED_EDGE('',*,*,#13416,.T.);
#13414=EDGE_CURVE('',#133,#129,#13417,.F.);
#13415=EDGE_CURVE('',#129,#127,#13418,.T.);
#13416=EDGE_CURVE('',#127,#133,#13419,.T.);
#13417=LINE('',#132,#13420);
#13418=LINE('',#128,#13421);
#13419=LINE('',#126,#13422);
#13420=VECTOR('',#13423,1.0);
#13421=VECTOR('',#13424,1.0);
#13422=VECTOR('',#13425,1.0);
#13423=DIRECTION('',(-0.751923604214129,-0.659250250986402,0));
#13424=DIRECTION('',(-0.7866744529657247,0.6173680466715764,0));
#13425=DIRECTION('',(0.9160120687051301,-0.401150707324003,0));
#13426=FACE_SURFACE('',(#13431),#13427,.T.);
#13427=PLANE('',#13428);
#13428=AXIS2_PLACEMENT_3D('',#378,#13429,#13430);
#13429=DIRECTION('',(-0,0,-1));
#13430=DIRECTION('',(-0.17390455355867068,-0.9847625126148738,0));
#13431=FACE_BOUND('',#13432,.T.);
#13432=EDGE_LOOP('',(#13433,#13434,#13435));
#13433=ORIENTED_EDGE('',*,*,#13436,.T.);
#13434=ORIENTED_EDGE('',*,*,#13437,.T.);
#13435=ORIENTED_EDGE('',*,*,#13438,.T.);
#13436=EDGE_CURVE('',#379,#407,#13439,.F.);
#13437=EDGE_CURVE('',#407,#119,#13440,.T.);
#13438=EDGE_CURVE('',#119,#379,#13441,.T.);
#13439=LINE('',#378,#13442);
#13440=LINE('',#406,#13443);
#13441=LINE('',#118,#13444);
#13442=VECTOR('',#13445,1.0);
#13443=VECTOR('',#13446,1.0);
#13444=VECTOR('',#13447,1.0);
#13445=DIRECTION('',(-0.17390455355867068,-0.9847625126148738,0));
#13446=DIRECTION('',(-0.42997945093694456,0.9028386742779486,0));
#13447=DIRECTION('',(1,0,0));
#13448=FACE_SURFACE('',(#13453),#13449,.T.);
#13449=PLANE('',#13450);
#13450=AXIS2_PLACEMENT_3D('',#178,#13451,#13452);
#13451=DIRECTION('',(0,-0,-1));
#13452=DIRECTION('',(0.3219531715267602,-0.9467555943029122,0));
#13453=FACE_BOUND('',#13454,.T.);
#13454=EDGE_LOOP('',(#13455,#13456,#13457));
#13455=ORIENTED_EDGE('',*,*,#13458,.T.);
#13456=ORIENTED_EDGE('',*,*,#13459,.T.);
#13457=ORIENTED_EDGE('',*,*,#13460,.T.);
#13458=EDGE_CURVE('',#179,#175,#13461,.F.);
#13459=EDGE_CURVE('',#175,#883,#13462,.T.);
#13460=EDGE_CURVE('',#883,#179,#13463,.T.);
#13461=LINE('',#178,#13464);
#13462=LINE('',#174,#13465);
#13463=LINE('',#882,#13466);
#13464=VECTOR('',#13467,1.0);
#13465=VECTOR('',#13468,1.0);
#13466=VECTOR('',#13469,1.0);
#13467=DIRECTION('',(0.3219531715267602,-0.9467555943029122,0));
#13468=DIRECTION('',(-0.9716275035342752,-0.23651637232071693,0));
#13469=DIRECTION('',(0.9639263207117938,0.2661692097877286,0));
#13470=FACE_SURFACE('',(#13475),#13471,.T.);
#13471=PLANE('',#13472);
#13472=AXIS2_PLACEMENT_3D('',#174,#13473,#13474);
#13473=DIRECTION('',(0,-0,-1));
#13474=DIRECTION('',(0.4422367972416186,-0.896898330450824,0));
#13475=FACE_BOUND('',#13476,.T.);
#13476=EDGE_LOOP('',(#13477,#13478,#13479));
#13477=ORIENTED_EDGE('',*,*,#13480,.T.);
#13478=ORIENTED_EDGE('',*,*,#13481,.T.);
#13479=ORIENTED_EDGE('',*,*,#13482,.T.);
#13480=EDGE_CURVE('',#175,#107,#13483,.F.);
#13481=EDGE_CURVE('',#107,#121,#13484,.T.);
#13482=EDGE_CURVE('',#121,#175,#13485,.T.);
#13483=LINE('',#174,#13486);
#13484=LINE('',#106,#13487);
#13485=LINE('',#120,#13488);
#13486=VECTOR('',#13489,1.0);
#13487=VECTOR('',#13490,1.0);
#13488=VECTOR('',#13491,1.0);
#13489=DIRECTION('',(0.4422367972416186,-0.896898330450824,0));
#13490=DIRECTION('',(-0.9311244740901568,-0.3647015406470461,0));
#13491=DIRECTION('',(0.9195240579026347,0.39303372239322176,0));
#13492=FACE_SURFACE('',(#13497),#13493,.T.);
#13493=PLANE('',#13494);
#13494=AXIS2_PLACEMENT_3D('',#106,#13495,#13496);
#13495=DIRECTION('',(0,0,-1));
#13496=DIRECTION('',(-0.253279160800705,-0.9673932327156785,0));
#13497=FACE_BOUND('',#13498,.T.);
#13498=EDGE_LOOP('',(#13499,#13500,#13501));
#13499=ORIENTED_EDGE('',*,*,#13502,.T.);
#13500=ORIENTED_EDGE('',*,*,#13503,.T.);
#13501=ORIENTED_EDGE('',*,*,#13504,.T.);
#13502=EDGE_CURVE('',#107,#91,#13505,.F.);
#13503=EDGE_CURVE('',#91,#121,#13506,.T.);
#13504=EDGE_CURVE('',#121,#107,#13507,.T.);
#13505=LINE('',#106,#13508);
#13506=LINE('',#90,#13509);
#13507=LINE('',#120,#13510);
#13508=VECTOR('',#13511,1.0);
#13509=VECTOR('',#13512,1.0);
#13510=VECTOR('',#13513,1.0);
#13511=DIRECTION('',(-0.253279160800705,-0.9673932327156785,0));
#13512=DIRECTION('',(-0.9642118455671964,-0.26513301730999267,0));
#13513=DIRECTION('',(0.9311244740901568,0.3647015406470461,0));
#13514=FACE_SURFACE('',(#13519),#13515,.T.);
#13515=PLANE('',#13516);
#13516=AXIS2_PLACEMENT_3D('',#186,#13517,#13518);
#13517=DIRECTION('',(0.9978271840514916,0.06588558846872812,0));
#13518=DIRECTION('',(0.04771944111791463,-0.7227036543477187,-0.6895087257836894));
#13519=FACE_BOUND('',#13520,.T.);
#13520=EDGE_LOOP('',(#13521,#13522,#13523));
#13521=ORIENTED_EDGE('',*,*,#13524,.T.);
#13522=ORIENTED_EDGE('',*,*,#13525,.T.);
#13523=ORIENTED_EDGE('',*,*,#13526,.T.);
#13524=EDGE_CURVE('',#187,#183,#13527,.F.);
#13525=EDGE_CURVE('',#183,#189,#13528,.T.);
#13526=EDGE_CURVE('',#189,#187,#13529,.T.);
#13527=LINE('',#186,#13530);
#13528=LINE('',#182,#13531);
#13529=LINE('',#188,#13532);
#13530=VECTOR('',#13533,1.0);
#13531=VECTOR('',#13534,1.0);
#13532=VECTOR('',#13535,1.0);
#13533=DIRECTION('',(0.04771944111791463,-0.7227036543477187,-0.6895087257836894));
#13534=DIRECTION('',(-0.06588558846872812,0.9978271840514917,0));
#13535=DIRECTION('',(0,0,1));
#13536=FACE_SURFACE('',(#13541),#13537,.T.);
#13537=PLANE('',#13538);
#13538=AXIS2_PLACEMENT_3D('',#706,#13539,#13540);
#13539=DIRECTION('',(0.19519155507424638,0.9807651384647078,0));
#13540=DIRECTION('',(0.2783820498011868,-0.05540350393215497,0.9588711519805615));
#13541=FACE_BOUND('',#13542,.T.);
#13542=EDGE_LOOP('',(#13543,#13544,#13545));
#13543=ORIENTED_EDGE('',*,*,#13546,.T.);
#13544=ORIENTED_EDGE('',*,*,#13547,.T.);
#13545=ORIENTED_EDGE('',*,*,#13548,.T.);
#13546=EDGE_CURVE('',#707,#947,#13549,.F.);
#13547=EDGE_CURVE('',#947,#933,#13550,.T.);
#13548=EDGE_CURVE('',#933,#707,#13551,.T.);
#13549=LINE('',#706,#13552);
#13550=LINE('',#946,#13553);
#13551=LINE('',#932,#13554);
#13552=VECTOR('',#13555,1.0);
#13553=VECTOR('',#13556,1.0);
#13554=VECTOR('',#13557,1.0);
#13555=DIRECTION('',(0.2783820498011868,-0.05540350393215497,0.9588711519805615));
#13556=DIRECTION('',(0,0,-1));
#13557=DIRECTION('',(-0.9807651384647077,0.19519155507424638,0));
#13558=FACE_SURFACE('',(#13563),#13559,.T.);
#13559=PLANE('',#13560);
#13560=AXIS2_PLACEMENT_3D('',#948,#13561,#13562);
#13561=DIRECTION('',(0,0,-1));
#13562=DIRECTION('',(0.26041170333633945,0.9654976668876349,0));
#13563=FACE_BOUND('',#13564,.T.);
#13564=EDGE_LOOP('',(#13565,#13566,#13567));
#13565=ORIENTED_EDGE('',*,*,#13568,.T.);
#13566=ORIENTED_EDGE('',*,*,#13569,.T.);
#13567=ORIENTED_EDGE('',*,*,#13570,.T.);
#13568=EDGE_CURVE('',#949,#119,#13571,.F.);
#13569=EDGE_CURVE('',#119,#951,#13572,.T.);
#13570=EDGE_CURVE('',#951,#949,#13573,.T.);
#13571=LINE('',#948,#13574);
#13572=LINE('',#118,#13575);
#13573=LINE('',#950,#13576);
#13574=VECTOR('',#13577,1.0);
#13575=VECTOR('',#13578,1.0);
#13576=VECTOR('',#13579,1.0);
#13577=DIRECTION('',(0.26041170333633945,0.9654976668876349,0));
#13578=DIRECTION('',(-0.07269874181242802,-0.9973539456676801,0));
#13579=DIRECTION('',(-0.9469266009128804,0.32144985998375936,0));
#13580=FACE_SURFACE('',(#13585),#13581,.T.);
#13581=PLANE('',#13582);
#13582=AXIS2_PLACEMENT_3D('',#946,#13583,#13584);
#13583=DIRECTION('',(0,0,-1));
#13584=DIRECTION('',(-0.9807651384647077,0.19519155507424638,0));
#13585=FACE_BOUND('',#13586,.T.);
#13586=EDGE_LOOP('',(#13587,#13588,#13589));
#13587=ORIENTED_EDGE('',*,*,#13590,.T.);
#13588=ORIENTED_EDGE('',*,*,#13591,.T.);
#13589=ORIENTED_EDGE('',*,*,#13592,.T.);
#13590=EDGE_CURVE('',#947,#951,#13593,.F.);
#13591=EDGE_CURVE('',#951,#119,#13594,.T.);
#13592=EDGE_CURVE('',#119,#947,#13595,.T.);
#13593=LINE('',#946,#13596);
#13594=LINE('',#950,#13597);
#13595=LINE('',#118,#13598);
#13596=VECTOR('',#13599,1.0);
#13597=VECTOR('',#13600,1.0);
#13598=VECTOR('',#13601,1.0);
#13599=DIRECTION('',(-0.9807651384647077,0.19519155507424638,0));
#13600=DIRECTION('',(0.07269874181242802,0.9973539456676801,0));
#13601=DIRECTION('',(0.1091530202237571,-0.9940249585277183,0));
#13602=FACE_SURFACE('',(#13607),#13603,.T.);
#13603=PLANE('',#13604);
#13604=AXIS2_PLACEMENT_3D('',#892,#13605,#13606);
#13605=DIRECTION('',(-1,0,0));
#13606=DIRECTION('',(0,0,1));
#13607=FACE_BOUND('',#13608,.T.);
#13608=EDGE_LOOP('',(#13609,#13610,#13611));
#13609=ORIENTED_EDGE('',*,*,#13612,.T.);
#13610=ORIENTED_EDGE('',*,*,#13613,.T.);
#13611=ORIENTED_EDGE('',*,*,#13614,.T.);
#13612=EDGE_CURVE('',#893,#119,#13615,.F.);
#13613=EDGE_CURVE('',#119,#231,#13616,.T.);
#13614=EDGE_CURVE('',#231,#893,#13617,.T.);
#13615=LINE('',#892,#13618);
#13616=LINE('',#118,#13619);
#13617=LINE('',#230,#13620);
#13618=VECTOR('',#13621,1.0);
#13619=VECTOR('',#13622,1.0);
#13620=VECTOR('',#13623,1.0);
#13621=DIRECTION('',(0,0,1));
#13622=DIRECTION('',(0,0.2059793354884373,-0.9785563414294252));
#13623=DIRECTION('',(0,-1,0));
#13624=FACE_SURFACE('',(#13629),#13625,.T.);
#13625=PLANE('',#13626);
#13626=AXIS2_PLACEMENT_3D('',#90,#13627,#13628);
#13627=DIRECTION('',(-1,-0,-0));
#13628=DIRECTION('',(0,0,-1));
#13629=FACE_BOUND('',#13630,.T.);
#13630=EDGE_LOOP('',(#13631,#13632,#13633));
#13631=ORIENTED_EDGE('',*,*,#13634,.T.);
#13632=ORIENTED_EDGE('',*,*,#13635,.T.);
#13633=ORIENTED_EDGE('',*,*,#13636,.T.);
#13634=EDGE_CURVE('',#91,#231,#13637,.F.);
#13635=EDGE_CURVE('',#231,#119,#13638,.T.);
#13636=EDGE_CURVE('',#119,#91,#13639,.T.);
#13637=LINE('',#90,#13640);
#13638=LINE('',#230,#13641);
#13639=LINE('',#118,#13642);
#13640=VECTOR('',#13643,1.0);
#13641=VECTOR('',#13644,1.0);
#13642=VECTOR('',#13645,1.0);
#13643=DIRECTION('',(0,0,-1));
#13644=DIRECTION('',(0,-0.2059793354884373,0.9785563414294252));
#13645=DIRECTION('',(0,1,0));
#13646=FACE_SURFACE('',(#13651),#13647,.T.);
#13647=PLANE('',#13648);
#13648=AXIS2_PLACEMENT_3D('',#402,#13649,#13650);
#13649=DIRECTION('',(-0,0,-1));
#13650=DIRECTION('',(-0.975695166160674,-0.21913224940819404,0));
#13651=FACE_BOUND('',#13652,.T.);
#13652=EDGE_LOOP('',(#13653,#13654,#13655));
#13653=ORIENTED_EDGE('',*,*,#13656,.T.);
#13654=ORIENTED_EDGE('',*,*,#13657,.T.);
#13655=ORIENTED_EDGE('',*,*,#13658,.T.);
#13656=EDGE_CURVE('',#403,#953,#13659,.F.);
#13657=EDGE_CURVE('',#953,#395,#13660,.T.);
#13658=EDGE_CURVE('',#395,#403,#13661,.T.);
#13659=LINE('',#402,#13662);
#13660=LINE('',#952,#13663);
#13661=LINE('',#394,#13664);
#13662=VECTOR('',#13665,1.0);
#13663=VECTOR('',#13666,1.0);
#13664=VECTOR('',#13667,1.0);
#13665=DIRECTION('',(-0.975695166160674,-0.21913224940819404,0));
#13666=DIRECTION('',(0.6709816969771145,0.7414739120978645,0));
#13667=DIRECTION('',(-0.09231895695527614,-0.9957294864503561,0));
#13668=FACE_SURFACE('',(#13673),#13669,.T.);
#13669=PLANE('',#13670);
#13670=AXIS2_PLACEMENT_3D('',#404,#13671,#13672);
#13671=DIRECTION('',(0,0,-1));
#13672=DIRECTION('',(0.9807651126275684,0.19519168489624064,0));
#13673=FACE_BOUND('',#13674,.T.);
#13674=EDGE_LOOP('',(#13675,#13676,#13677));
#13675=ORIENTED_EDGE('',*,*,#13678,.T.);
#13676=ORIENTED_EDGE('',*,*,#13679,.T.);
#13677=ORIENTED_EDGE('',*,*,#13680,.T.);
#13678=EDGE_CURVE('',#405,#395,#13681,.F.);
#13679=EDGE_CURVE('',#395,#953,#13682,.T.);
#13680=EDGE_CURVE('',#953,#405,#13683,.T.);
#13681=LINE('',#404,#13684);
#13682=LINE('',#394,#13685);
#13683=LINE('',#952,#13686);
#13684=VECTOR('',#13687,1.0);
#13685=VECTOR('',#13688,1.0);
#13686=VECTOR('',#13689,1.0);
#13687=DIRECTION('',(0.9807651126275684,0.19519168489624064,0));
#13688=DIRECTION('',(-0.6709816969771145,-0.7414739120978645,0));
#13689=DIRECTION('',(-0.903702882494339,0.4281601337950823,0));
#13690=FACE_SURFACE('',(#13695),#13691,.T.);
#13691=PLANE('',#13692);
#13692=AXIS2_PLACEMENT_3D('',#954,#13693,#13694);
#13693=DIRECTION('',(0,0,-1));
#13694=DIRECTION('',(0.48832989289267476,0.8726591062421963,0));
#13695=FACE_BOUND('',#13696,.T.);
#13696=EDGE_LOOP('',(#13697,#13698,#13699));
#13697=ORIENTED_EDGE('',*,*,#13700,.T.);
#13698=ORIENTED_EDGE('',*,*,#13701,.T.);
#13699=ORIENTED_EDGE('',*,*,#13702,.T.);
#13700=EDGE_CURVE('',#955,#405,#13703,.F.);
#13701=EDGE_CURVE('',#405,#957,#13704,.T.);
#13702=EDGE_CURVE('',#957,#955,#13705,.T.);
#13703=LINE('',#954,#13706);
#13704=LINE('',#404,#13707);
#13705=LINE('',#956,#13708);
#13706=VECTOR('',#13709,1.0);
#13707=VECTOR('',#13710,1.0);
#13708=VECTOR('',#13711,1.0);
#13709=DIRECTION('',(0.48832989289267476,0.8726591062421963,0));
#13710=DIRECTION('',(0.4663274981374093,-0.8846121548344814,0));
#13711=DIRECTION('',(-0.9924989569782796,-0.12225309974404411,0));
#13712=FACE_SURFACE('',(#13717),#13713,.T.);
#13713=PLANE('',#13714);
#13714=AXIS2_PLACEMENT_3D('',#952,#13715,#13716);
#13715=DIRECTION('',(-0,0,-1));
#13716=DIRECTION('',(-0.9852444936148473,-0.17115282002240867,0));
#13717=FACE_BOUND('',#13718,.T.);
#13718=EDGE_LOOP('',(#13719,#13720,#13721));
#13719=ORIENTED_EDGE('',*,*,#13722,.T.);
#13720=ORIENTED_EDGE('',*,*,#13723,.T.);
#13721=ORIENTED_EDGE('',*,*,#13724,.T.);
#13722=EDGE_CURVE('',#953,#957,#13725,.F.);
#13723=EDGE_CURVE('',#957,#405,#13726,.T.);
#13724=EDGE_CURVE('',#405,#953,#13727,.T.);
#13725=LINE('',#952,#13728);
#13726=LINE('',#956,#13729);
#13727=LINE('',#404,#13730);
#13728=VECTOR('',#13731,1.0);
#13729=VECTOR('',#13732,1.0);
#13730=VECTOR('',#13733,1.0);
#13731=DIRECTION('',(-0.9852444936148473,-0.17115282002240867,0));
#13732=DIRECTION('',(-0.4663274981374093,0.8846121548344814,0));
#13733=DIRECTION('',(0.903702882494339,-0.4281601337950823,0));
#13734=FACE_SURFACE('',(#13739),#13735,.T.);
#13735=PLANE('',#13736);
#13736=AXIS2_PLACEMENT_3D('',#958,#13737,#13738);
#13737=DIRECTION('',(0,0,-1));
#13738=DIRECTION('',(-0.9997010639546942,0.0244495956582644,0));
#13739=FACE_BOUND('',#13740,.T.);
#13740=EDGE_LOOP('',(#13741,#13742,#13743));
#13741=ORIENTED_EDGE('',*,*,#13744,.T.);
#13742=ORIENTED_EDGE('',*,*,#13745,.T.);
#13743=ORIENTED_EDGE('',*,*,#13746,.T.);
#13744=EDGE_CURVE('',#959,#961,#13747,.F.);
#13745=EDGE_CURVE('',#961,#963,#13748,.T.);
#13746=EDGE_CURVE('',#963,#959,#13749,.T.);
#13747=LINE('',#958,#13750);
#13748=LINE('',#960,#13751);
#13749=LINE('',#962,#13752);
#13750=VECTOR('',#13753,1.0);
#13751=VECTOR('',#13754,1.0);
#13752=VECTOR('',#13755,1.0);
#13753=DIRECTION('',(-0.9997010639546942,0.0244495956582644,0));
#13754=DIRECTION('',(0.7505516411510398,0.6608117992026783,0));
#13755=DIRECTION('',(0,-1,0));
#13756=FACE_SURFACE('',(#13761),#13757,.T.);
#13757=PLANE('',#13758);
#13758=AXIS2_PLACEMENT_3D('',#964,#13759,#13760);
#13759=DIRECTION('',(0,0,-1));
#13760=DIRECTION('',(-0.4883293027896327,0.8726594364567378,0));
#13761=FACE_BOUND('',#13762,.T.);
#13762=EDGE_LOOP('',(#13763,#13764,#13765));
#13763=ORIENTED_EDGE('',*,*,#13766,.T.);
#13764=ORIENTED_EDGE('',*,*,#13767,.T.);
#13765=ORIENTED_EDGE('',*,*,#13768,.T.);
#13766=EDGE_CURVE('',#965,#933,#13769,.F.);
#13767=EDGE_CURVE('',#933,#961,#13770,.T.);
#13768=EDGE_CURVE('',#961,#965,#13771,.T.);
#13769=LINE('',#964,#13772);
#13770=LINE('',#932,#13773);
#13771=LINE('',#960,#13774);
#13772=VECTOR('',#13775,1.0);
#13773=VECTOR('',#13776,1.0);
#13774=VECTOR('',#13777,1.0);
#13775=DIRECTION('',(-0.4883293027896327,0.8726594364567378,0));
#13776=DIRECTION('',(0.8274227328470413,-0.5615795768792999,0));
#13777=DIRECTION('',(-0.9972741116818624,0.07378581279048355,0));
#13778=FACE_SURFACE('',(#13783),#13779,.T.);
#13779=PLANE('',#13780);
#13780=AXIS2_PLACEMENT_3D('',#966,#13781,#13782);
#13781=DIRECTION('',(0,0,-1));
#13782=DIRECTION('',(0.46632820119604257,0.8846117842134273,0));
#13783=FACE_BOUND('',#13784,.T.);
#13784=EDGE_LOOP('',(#13785,#13786,#13787));
#13785=ORIENTED_EDGE('',*,*,#13788,.T.);
#13786=ORIENTED_EDGE('',*,*,#13789,.T.);
#13787=ORIENTED_EDGE('',*,*,#13790,.T.);
#13788=EDGE_CURVE('',#967,#933,#13791,.F.);
#13789=EDGE_CURVE('',#933,#965,#13792,.T.);
#13790=EDGE_CURVE('',#965,#967,#13793,.T.);
#13791=LINE('',#966,#13794);
#13792=LINE('',#932,#13795);
#13793=LINE('',#964,#13796);
#13794=VECTOR('',#13797,1.0);
#13795=VECTOR('',#13798,1.0);
#13796=VECTOR('',#13799,1.0);
#13797=DIRECTION('',(0.46632820119604257,0.8846117842134273,0));
#13798=DIRECTION('',(0.4883293027896327,-0.8726594364567378,0));
#13799=DIRECTION('',(-0.9924989569782796,0.12225309974404411,0));
#13800=FACE_SURFACE('',(#13805),#13801,.T.);
#13801=PLANE('',#13802);
#13802=AXIS2_PLACEMENT_3D('',#934,#13803,#13804);
#13803=DIRECTION('',(0,0,-1));
#13804=DIRECTION('',(0.903702982300462,0.4281599231376646,0));
#13805=FACE_BOUND('',#13806,.T.);
#13806=EDGE_LOOP('',(#13807,#13808,#13809));
#13807=ORIENTED_EDGE('',*,*,#13810,.T.);
#13808=ORIENTED_EDGE('',*,*,#13811,.T.);
#13809=ORIENTED_EDGE('',*,*,#13812,.T.);
#13810=EDGE_CURVE('',#935,#933,#13813,.F.);
#13811=EDGE_CURVE('',#933,#967,#13814,.T.);
#13812=EDGE_CURVE('',#967,#935,#13815,.T.);
#13813=LINE('',#934,#13816);
#13814=LINE('',#932,#13817);
#13815=LINE('',#966,#13818);
#13816=VECTOR('',#13819,1.0);
#13817=VECTOR('',#13820,1.0);
#13818=VECTOR('',#13821,1.0);
#13819=DIRECTION('',(0.903702982300462,0.4281599231376646,0));
#13820=DIRECTION('',(-0.46632820119604257,-0.8846117842134273,0));
#13821=DIRECTION('',(-0.9852444936148473,0.17115282002240867,0));
#13822=FACE_SURFACE('',(#13827),#13823,.T.);
#13823=PLANE('',#13824);
#13824=AXIS2_PLACEMENT_3D('',#702,#13825,#13826);
#13825=DIRECTION('',(0,0,-1));
#13826=DIRECTION('',(-0.0923207384289841,0.9957293212795971,0));
#13827=FACE_BOUND('',#13828,.T.);
#13828=EDGE_LOOP('',(#13829,#13830,#13831));
#13829=ORIENTED_EDGE('',*,*,#13832,.T.);
#13830=ORIENTED_EDGE('',*,*,#13833,.T.);
#13831=ORIENTED_EDGE('',*,*,#13834,.T.);
#13832=EDGE_CURVE('',#703,#707,#13835,.F.);
#13833=EDGE_CURVE('',#707,#935,#13836,.T.);
#13834=EDGE_CURVE('',#935,#703,#13837,.T.);
#13835=LINE('',#702,#13838);
#13836=LINE('',#706,#13839);
#13837=LINE('',#934,#13840);
#13838=VECTOR('',#13841,1.0);
#13839=VECTOR('',#13842,1.0);
#13840=VECTOR('',#13843,1.0);
#13841=DIRECTION('',(-0.0923207384289841,0.9957293212795971,0));
#13842=DIRECTION('',(0.6709819962584761,-0.7414736412691892,0));
#13843=DIRECTION('',(-0.9756951246929723,0.2191324340447241,0));
#13844=FACE_SURFACE('',(#13849),#13845,.T.);
#13845=PLANE('',#13846);
#13846=AXIS2_PLACEMENT_3D('',#932,#13847,#13848);
#13847=DIRECTION('',(0,0,-1));
#13848=DIRECTION('',(0.9978692484101098,-0.0652454065620144,0));
#13849=FACE_BOUND('',#13850,.T.);
#13850=EDGE_LOOP('',(#13851,#13852,#13853));
#13851=ORIENTED_EDGE('',*,*,#13854,.T.);
#13852=ORIENTED_EDGE('',*,*,#13855,.T.);
#13853=ORIENTED_EDGE('',*,*,#13856,.T.);
#13854=EDGE_CURVE('',#933,#963,#13857,.F.);
#13855=EDGE_CURVE('',#963,#961,#13858,.T.);
#13856=EDGE_CURVE('',#961,#933,#13859,.T.);
#13857=LINE('',#932,#13860);
#13858=LINE('',#962,#13861);
#13859=LINE('',#960,#13862);
#13860=VECTOR('',#13863,1.0);
#13861=VECTOR('',#13864,1.0);
#13862=VECTOR('',#13865,1.0);
#13863=DIRECTION('',(0.9978692484101098,-0.0652454065620144,0));
#13864=DIRECTION('',(-0.7505516411510398,-0.6608117992026783,0));
#13865=DIRECTION('',(-0.8274227328470413,0.5615795768792999,0));
#13866=FACE_SURFACE('',(#13871),#13867,.T.);
#13867=PLANE('',#13868);
#13868=AXIS2_PLACEMENT_3D('',#954,#13869,#13870);
#13869=DIRECTION('',(-0,0,-1));
#13870=DIRECTION('',(-0.9972741116818624,-0.07378581279048355,0));
#13871=FACE_BOUND('',#13872,.T.);
#13872=EDGE_LOOP('',(#13873,#13874,#13875));
#13873=ORIENTED_EDGE('',*,*,#13876,.T.);
#13874=ORIENTED_EDGE('',*,*,#13877,.T.);
#13875=ORIENTED_EDGE('',*,*,#13878,.T.);
#13876=EDGE_CURVE('',#955,#969,#13879,.F.);
#13877=EDGE_CURVE('',#969,#405,#13880,.T.);
#13878=EDGE_CURVE('',#405,#955,#13881,.T.);
#13879=LINE('',#954,#13882);
#13880=LINE('',#968,#13883);
#13881=LINE('',#404,#13884);
#13882=VECTOR('',#13885,1.0);
#13883=VECTOR('',#13886,1.0);
#13884=VECTOR('',#13887,1.0);
#13885=DIRECTION('',(-0.9972741116818624,-0.07378581279048355,0));
#13886=DIRECTION('',(0.827422879018618,0.5615793615122814,0));
#13887=DIRECTION('',(-0.48832989289267476,-0.8726591062421963,0));
#13888=FACE_SURFACE('',(#13893),#13889,.T.);
#13889=PLANE('',#13890);
#13890=AXIS2_PLACEMENT_3D('',#962,#13891,#13892);
#13891=DIRECTION('',(0,0,-1));
#13892=DIRECTION('',(0.997869249853582,0.06524538448541416,0));
#13893=FACE_BOUND('',#13894,.T.);
#13894=EDGE_LOOP('',(#13895,#13896,#13897));
#13895=ORIENTED_EDGE('',*,*,#13898,.T.);
#13896=ORIENTED_EDGE('',*,*,#13899,.T.);
#13897=ORIENTED_EDGE('',*,*,#13900,.T.);
#13898=EDGE_CURVE('',#963,#405,#13901,.F.);
#13899=EDGE_CURVE('',#405,#969,#13902,.T.);
#13900=EDGE_CURVE('',#969,#963,#13903,.T.);
#13901=LINE('',#962,#13904);
#13902=LINE('',#404,#13905);
#13903=LINE('',#968,#13906);
#13904=VECTOR('',#13907,1.0);
#13905=VECTOR('',#13908,1.0);
#13906=VECTOR('',#13909,1.0);
#13907=DIRECTION('',(0.997869249853582,0.06524538448541416,0));
#13908=DIRECTION('',(-0.827422879018618,-0.5615793615122814,0));
#13909=DIRECTION('',(-0.7505516411510398,0.6608117992026783,0));
#13910=FACE_SURFACE('',(#13915),#13911,.T.);
#13911=PLANE('',#13912);
#13912=AXIS2_PLACEMENT_3D('',#958,#13913,#13914);
#13913=DIRECTION('',(0,0,-1));
#13914=DIRECTION('',(0,1,0));
#13915=FACE_BOUND('',#13916,.T.);
#13916=EDGE_LOOP('',(#13917,#13918,#13919));
#13917=ORIENTED_EDGE('',*,*,#13920,.T.);
#13918=ORIENTED_EDGE('',*,*,#13921,.T.);
#13919=ORIENTED_EDGE('',*,*,#13922,.T.);
#13920=EDGE_CURVE('',#959,#963,#13923,.F.);
#13921=EDGE_CURVE('',#963,#969,#13924,.T.);
#13922=EDGE_CURVE('',#969,#959,#13925,.T.);
#13923=LINE('',#958,#13926);
#13924=LINE('',#962,#13927);
#13925=LINE('',#968,#13928);
#13926=VECTOR('',#13929,1.0);
#13927=VECTOR('',#13930,1.0);
#13928=VECTOR('',#13931,1.0);
#13929=DIRECTION('',(0,1,0));
#13930=DIRECTION('',(0.7505516411510398,-0.6608117992026783,0));
#13931=DIRECTION('',(-0.9997010639546942,-0.0244495956582644,0));
#13932=FACE_SURFACE('',(#13937),#13933,.T.);
#13933=PLANE('',#13934);
#13934=AXIS2_PLACEMENT_3D('',#970,#13935,#13936);
#13935=DIRECTION('',(0,-0,1));
#13936=DIRECTION('',(0.9972741116818624,0.07378581279048355,0));
#13937=FACE_BOUND('',#13938,.T.);
#13938=EDGE_LOOP('',(#13939,#13940,#13941));
#13939=ORIENTED_EDGE('',*,*,#13942,.T.);
#13940=ORIENTED_EDGE('',*,*,#13943,.T.);
#13941=ORIENTED_EDGE('',*,*,#13944,.T.);
#13942=EDGE_CURVE('',#971,#973,#13945,.F.);
#13943=EDGE_CURVE('',#973,#239,#13946,.T.);
#13944=EDGE_CURVE('',#239,#971,#13947,.T.);
#13945=LINE('',#970,#13948);
#13946=LINE('',#972,#13949);
#13947=LINE('',#238,#13950);
#13948=VECTOR('',#13951,1.0);
#13949=VECTOR('',#13952,1.0);
#13950=VECTOR('',#13953,1.0);
#13951=DIRECTION('',(0.9972741116818624,0.07378581279048355,0));
#13952=DIRECTION('',(-0.37807084894942594,0.9257766648466899,0));
#13953=DIRECTION('',(0.3214740419245445,-0.9469183916096975,0));
#13954=FACE_SURFACE('',(#13959),#13955,.T.);
#13955=PLANE('',#13956);
#13956=AXIS2_PLACEMENT_3D('',#972,#13957,#13958);
#13957=DIRECTION('',(0,0,1));
#13958=DIRECTION('',(0.9924989569782796,0.12225309974404411,0));
#13959=FACE_BOUND('',#13960,.T.);
#13960=EDGE_LOOP('',(#13961,#13962,#13963));
#13961=ORIENTED_EDGE('',*,*,#13964,.T.);
#13962=ORIENTED_EDGE('',*,*,#13965,.T.);
#13963=ORIENTED_EDGE('',*,*,#13966,.T.);
#13964=EDGE_CURVE('',#973,#975,#13967,.F.);
#13965=EDGE_CURVE('',#975,#237,#13968,.T.);
#13966=EDGE_CURVE('',#237,#973,#13969,.T.);
#13967=LINE('',#972,#13970);
#13968=LINE('',#974,#13971);
#13969=LINE('',#236,#13972);
#13970=VECTOR('',#13973,1.0);
#13971=VECTOR('',#13974,1.0);
#13972=VECTOR('',#13975,1.0);
#13973=DIRECTION('',(0.9924989569782796,0.12225309974404411,0));
#13974=DIRECTION('',(0.13470655056304645,0.9908855358896936,0));
#13975=DIRECTION('',(-0.19770871939642054,-0.9802608133933679,0));
#13976=FACE_SURFACE('',(#13981),#13977,.T.);
#13977=PLANE('',#13978);
#13978=AXIS2_PLACEMENT_3D('',#974,#13979,#13980);
#13979=DIRECTION('',(0,0,1));
#13980=DIRECTION('',(0.9852444936148473,0.17115282002240867,0));
#13981=FACE_BOUND('',#13982,.T.);
#13982=EDGE_LOOP('',(#13983,#13984,#13985));
#13983=ORIENTED_EDGE('',*,*,#13986,.T.);
#13984=ORIENTED_EDGE('',*,*,#13987,.T.);
#13985=ORIENTED_EDGE('',*,*,#13988,.T.);
#13986=EDGE_CURVE('',#975,#419,#13989,.F.);
#13987=EDGE_CURVE('',#419,#237,#13990,.T.);
#13988=EDGE_CURVE('',#237,#975,#13991,.T.);
#13989=LINE('',#974,#13992);
#13990=LINE('',#418,#13993);
#13991=LINE('',#236,#13994);
#13992=VECTOR('',#13995,1.0);
#13993=VECTOR('',#13996,1.0);
#13994=VECTOR('',#13997,1.0);
#13995=DIRECTION('',(0.9852444936148473,0.17115282002240867,0));
#13996=DIRECTION('',(0.06966082139841914,0.997570734315165,0));
#13997=DIRECTION('',(-0.13470655056304645,-0.9908855358896936,0));
#13998=FACE_SURFACE('',(#14003),#13999,.T.);
#13999=PLANE('',#14000);
#14000=AXIS2_PLACEMENT_3D('',#384,#14001,#14002);
#14001=DIRECTION('',(0,0,1));
#14002=DIRECTION('',(-0.13497775597137215,0.9908486288999611,0));
#14003=FACE_BOUND('',#14004,.T.);
#14004=EDGE_LOOP('',(#14005,#14006,#14007));
#14005=ORIENTED_EDGE('',*,*,#14008,.T.);
#14006=ORIENTED_EDGE('',*,*,#14009,.T.);
#14007=ORIENTED_EDGE('',*,*,#14010,.T.);
#14008=EDGE_CURVE('',#385,#237,#14011,.F.);
#14009=EDGE_CURVE('',#237,#381,#14012,.T.);
#14010=EDGE_CURVE('',#381,#385,#14013,.T.);
#14011=LINE('',#384,#14014);
#14012=LINE('',#236,#14015);
#14013=LINE('',#380,#14016);
#14014=VECTOR('',#14017,1.0);
#14015=VECTOR('',#14018,1.0);
#14016=VECTOR('',#14019,1.0);
#14017=DIRECTION('',(-0.13497775597137215,0.9908486288999611,0));
#14018=DIRECTION('',(0.0655338981141627,-0.9978503435876356,0));
#14019=DIRECTION('',(0.949496092136649,0.31377885686775026,0));
#14020=FACE_SURFACE('',(#14025),#14021,.T.);
#14021=PLANE('',#14022);
#14022=AXIS2_PLACEMENT_3D('',#380,#14023,#14024);
#14023=DIRECTION('',(0,0,1));
#14024=DIRECTION('',(-0.0655338981141627,0.9978503435876356,0));
#14025=FACE_BOUND('',#14026,.T.);
#14026=EDGE_LOOP('',(#14027,#14028,#14029));
#14027=ORIENTED_EDGE('',*,*,#14030,.T.);
#14028=ORIENTED_EDGE('',*,*,#14031,.T.);
#14029=ORIENTED_EDGE('',*,*,#14032,.T.);
#14030=EDGE_CURVE('',#381,#237,#14033,.F.);
#14031=EDGE_CURVE('',#237,#401,#14034,.T.);
#14032=EDGE_CURVE('',#401,#381,#14035,.T.);
#14033=LINE('',#380,#14036);
#14034=LINE('',#236,#14037);
#14035=LINE('',#400,#14038);
#14036=VECTOR('',#14039,1.0);
#14037=VECTOR('',#14040,1.0);
#14038=VECTOR('',#14041,1.0);
#14039=DIRECTION('',(-0.0655338981141627,0.9978503435876356,0));
#14040=DIRECTION('',(-0.0028119284476288754,-0.9999960465213877,0));
#14041=DIRECTION('',(0.9637957351428631,0.2666416713877036,0));
#14042=FACE_SURFACE('',(#14047),#14043,.T.);
#14043=PLANE('',#14044);
#14044=AXIS2_PLACEMENT_3D('',#938,#14045,#14046);
#14045=DIRECTION('',(-0,-0,1));
#14046=DIRECTION('',(0.9924989569782796,-0.12225309974404411,0));
#14047=FACE_BOUND('',#14048,.T.);
#14048=EDGE_LOOP('',(#14049,#14050,#14051));
#14049=ORIENTED_EDGE('',*,*,#14052,.T.);
#14050=ORIENTED_EDGE('',*,*,#14053,.T.);
#14051=ORIENTED_EDGE('',*,*,#14054,.T.);
#14052=EDGE_CURVE('',#939,#977,#14055,.F.);
#14053=EDGE_CURVE('',#977,#239,#14056,.T.);
#14054=EDGE_CURVE('',#239,#939,#14057,.T.);
#14055=LINE('',#938,#14058);
#14056=LINE('',#976,#14059);
#14057=LINE('',#238,#14060);
#14058=VECTOR('',#14061,1.0);
#14059=VECTOR('',#14062,1.0);
#14060=VECTOR('',#14063,1.0);
#14061=DIRECTION('',(0.9924989569782796,-0.12225309974404411,0));
#14062=DIRECTION('',(-0.13794795709340757,0.9904394787839161,0));
#14063=DIRECTION('',(0.07282309360546836,-0.997344873670953,0));
#14064=FACE_SURFACE('',(#14069),#14065,.T.);
#14065=PLANE('',#14066);
#14066=AXIS2_PLACEMENT_3D('',#940,#14067,#14068);
#14067=DIRECTION('',(-0,0,1));
#14068=DIRECTION('',(0.9756951246929723,-0.2191324340447241,0));
#14069=FACE_BOUND('',#14070,.T.);
#14070=EDGE_LOOP('',(#14071,#14072,#14073));
#14071=ORIENTED_EDGE('',*,*,#14074,.T.);
#14072=ORIENTED_EDGE('',*,*,#14075,.T.);
#14073=ORIENTED_EDGE('',*,*,#14076,.T.);
#14074=EDGE_CURVE('',#941,#937,#14077,.F.);
#14075=EDGE_CURVE('',#937,#239,#14078,.T.);
#14076=EDGE_CURVE('',#239,#941,#14079,.T.);
#14077=LINE('',#940,#14080);
#14078=LINE('',#936,#14081);
#14079=LINE('',#238,#14082);
#14080=VECTOR('',#14083,1.0);
#14081=VECTOR('',#14084,1.0);
#14082=VECTOR('',#14085,1.0);
#14083=DIRECTION('',(0.9756951246929723,-0.2191324340447241,0));
#14084=DIRECTION('',(-0.0061614481707232506,0.9999810180980634,0));
#14085=DIRECTION('',(-0.06171263910444614,-0.9980939585904548,0));
#14086=FACE_SURFACE('',(#14091),#14087,.T.);
#14087=PLANE('',#14088);
#14088=AXIS2_PLACEMENT_3D('',#236,#14089,#14090);
#14089=DIRECTION('',(0,0,1));
#14090=DIRECTION('',(-1,0,0));
#14091=FACE_BOUND('',#14092,.T.);
#14092=EDGE_LOOP('',(#14093,#14094,#14095));
#14093=ORIENTED_EDGE('',*,*,#14096,.T.);
#14094=ORIENTED_EDGE('',*,*,#14097,.T.);
#14095=ORIENTED_EDGE('',*,*,#14098,.T.);
#14096=EDGE_CURVE('',#237,#239,#14099,.F.);
#14097=EDGE_CURVE('',#239,#973,#14100,.T.);
#14098=EDGE_CURVE('',#973,#237,#14101,.T.);
#14099=LINE('',#236,#14102);
#14100=LINE('',#238,#14103);
#14101=LINE('',#972,#14104);
#14102=VECTOR('',#14105,1.0);
#14103=VECTOR('',#14106,1.0);
#14104=VECTOR('',#14107,1.0);
#14105=DIRECTION('',(-1,0,0));
#14106=DIRECTION('',(0.37807084894942594,-0.9257766648466899,0));
#14107=DIRECTION('',(0.19770871939642054,0.9802608133933679,0));
#14108=FACE_SURFACE('',(#14113),#14109,.T.);
#14109=PLANE('',#14110);
#14110=AXIS2_PLACEMENT_3D('',#970,#14111,#14112);
#14111=DIRECTION('',(0,0,1));
#14112=DIRECTION('',(-0.3214740419245445,0.9469183916096975,0));
#14113=FACE_BOUND('',#14114,.T.);
#14114=EDGE_LOOP('',(#14115,#14116,#14117));
#14115=ORIENTED_EDGE('',*,*,#14118,.T.);
#14116=ORIENTED_EDGE('',*,*,#14119,.T.);
#14117=ORIENTED_EDGE('',*,*,#14120,.T.);
#14118=EDGE_CURVE('',#971,#239,#14121,.F.);
#14119=EDGE_CURVE('',#239,#979,#14122,.T.);
#14120=EDGE_CURVE('',#979,#971,#14123,.T.);
#14121=LINE('',#970,#14124);
#14122=LINE('',#238,#14125);
#14123=LINE('',#978,#14126);
#14124=VECTOR('',#14127,1.0);
#14125=VECTOR('',#14128,1.0);
#14126=VECTOR('',#14129,1.0);
#14127=DIRECTION('',(-0.3214740419245445,0.9469183916096975,0));
#14128=DIRECTION('',(0.26249141258773223,-0.9649343284999746,0));
#14129=DIRECTION('',(0.9997010639546942,0.0244495956582644,0));
#14130=FACE_SURFACE('',(#14135),#14131,.T.);
#14131=PLANE('',#14132);
#14132=AXIS2_PLACEMENT_3D('',#976,#14133,#14134);
#14133=DIRECTION('',(-0,-0,1));
#14134=DIRECTION('',(0.9972741116818624,-0.07378581279048355,0));
#14135=FACE_BOUND('',#14136,.T.);
#14136=EDGE_LOOP('',(#14137,#14138,#14139));
#14137=ORIENTED_EDGE('',*,*,#14140,.T.);
#14138=ORIENTED_EDGE('',*,*,#14141,.T.);
#14139=ORIENTED_EDGE('',*,*,#14142,.T.);
#14140=EDGE_CURVE('',#977,#981,#14143,.F.);
#14141=EDGE_CURVE('',#981,#239,#14144,.T.);
#14142=EDGE_CURVE('',#239,#977,#14145,.T.);
#14143=LINE('',#976,#14146);
#14144=LINE('',#980,#14147);
#14145=LINE('',#238,#14148);
#14146=VECTOR('',#14149,1.0);
#14147=VECTOR('',#14150,1.0);
#14148=VECTOR('',#14151,1.0);
#14149=DIRECTION('',(0.9972741116818624,-0.07378581279048355,0));
#14150=DIRECTION('',(-0.20125362052241058,0.9795391672754191,0));
#14151=DIRECTION('',(0.13794795709340757,-0.9904394787839161,0));
#14152=FACE_SURFACE('',(#14157),#14153,.T.);
#14153=PLANE('',#14154);
#14154=AXIS2_PLACEMENT_3D('',#978,#14155,#14156);
#14155=DIRECTION('',(0,0,1));
#14156=DIRECTION('',(-0.26249141258773223,0.9649343284999746,0));
#14157=FACE_BOUND('',#14158,.T.);
#14158=EDGE_LOOP('',(#14159,#14160,#14161));
#14159=ORIENTED_EDGE('',*,*,#14162,.T.);
#14160=ORIENTED_EDGE('',*,*,#14163,.T.);
#14161=ORIENTED_EDGE('',*,*,#14164,.T.);
#14162=EDGE_CURVE('',#979,#239,#14165,.F.);
#14163=EDGE_CURVE('',#239,#981,#14166,.T.);
#14164=EDGE_CURVE('',#981,#979,#14167,.T.);
#14165=LINE('',#978,#14168);
#14166=LINE('',#238,#14169);
#14167=LINE('',#980,#14170);
#14168=VECTOR('',#14171,1.0);
#14169=VECTOR('',#14172,1.0);
#14170=VECTOR('',#14173,1.0);
#14171=DIRECTION('',(-0.26249141258773223,0.9649343284999746,0));
#14172=DIRECTION('',(0.20125362052241058,-0.9795391672754191,0));
#14173=DIRECTION('',(0.9997010639546942,-0.0244495956582644,0));
#14174=FACE_SURFACE('',(#14179),#14175,.T.);
#14175=PLANE('',#14176);
#14176=AXIS2_PLACEMENT_3D('',#956,#14177,#14178);
#14177=DIRECTION('',(0.12225309974404412,-0.9924989569782796,0));
#14178=DIRECTION('',(0,0,1));
#14179=FACE_BOUND('',#14180,.T.);
#14180=EDGE_LOOP('',(#14181,#14182,#14183));
#14181=ORIENTED_EDGE('',*,*,#14184,.T.);
#14182=ORIENTED_EDGE('',*,*,#14185,.T.);
#14183=ORIENTED_EDGE('',*,*,#14186,.T.);
#14184=EDGE_CURVE('',#957,#975,#14187,.F.);
#14185=EDGE_CURVE('',#975,#973,#14188,.T.);
#14186=EDGE_CURVE('',#973,#957,#14189,.T.);
#14187=LINE('',#956,#14190);
#14188=LINE('',#974,#14191);
#14189=LINE('',#972,#14192);
#14190=VECTOR('',#14193,1.0);
#14191=VECTOR('',#14194,1.0);
#14192=VECTOR('',#14195,1.0);
#14193=DIRECTION('',(0,0,1));
#14194=DIRECTION('',(-0.9924989569782796,-0.12225309974404411,0));
#14195=DIRECTION('',(0.10893786223024861,0.013418645171864878,-0.9939579881134086));
#14196=FACE_SURFACE('',(#14201),#14197,.T.);
#14197=PLANE('',#14198);
#14198=AXIS2_PLACEMENT_3D('',#956,#14199,#14200);
#14199=DIRECTION('',(0.12225309974404412,-0.9924989569782796,0));
#14200=DIRECTION('',(-0.10893786223024861,-0.013418645171864878,0.9939579881134086));
#14201=FACE_BOUND('',#14202,.T.);
#14202=EDGE_LOOP('',(#14203,#14204,#14205));
#14203=ORIENTED_EDGE('',*,*,#14206,.T.);
#14204=ORIENTED_EDGE('',*,*,#14207,.T.);
#14205=ORIENTED_EDGE('',*,*,#14208,.T.);
#14206=EDGE_CURVE('',#957,#973,#14209,.F.);
#14207=EDGE_CURVE('',#973,#955,#14210,.T.);
#14208=EDGE_CURVE('',#955,#957,#14211,.T.);
#14209=LINE('',#956,#14212);
#14210=LINE('',#972,#14213);
#14211=LINE('',#954,#14214);
#14212=VECTOR('',#14215,1.0);
#14213=VECTOR('',#14216,1.0);
#14214=VECTOR('',#14217,1.0);
#14215=DIRECTION('',(-0.10893786223024861,-0.013418645171864878,0.9939579881134086));
#14216=DIRECTION('',(0,0,-1));
#14217=DIRECTION('',(0.9924989569782796,0.12225309974404411,0));
#14218=FACE_SURFACE('',(#14223),#14219,.T.);
#14219=PLANE('',#14220);
#14220=AXIS2_PLACEMENT_3D('',#952,#14221,#14222);
#14221=DIRECTION('',(0.17115282002240864,-0.9852444936148473,0));
#14222=DIRECTION('',(0,0,1));
#14223=FACE_BOUND('',#14224,.T.);
#14224=EDGE_LOOP('',(#14225,#14226,#14227));
#14225=ORIENTED_EDGE('',*,*,#14228,.T.);
#14226=ORIENTED_EDGE('',*,*,#14229,.T.);
#14227=ORIENTED_EDGE('',*,*,#14230,.T.);
#14228=EDGE_CURVE('',#953,#419,#14231,.F.);
#14229=EDGE_CURVE('',#419,#975,#14232,.T.);
#14230=EDGE_CURVE('',#975,#953,#14233,.T.);
#14231=LINE('',#952,#14234);
#14232=LINE('',#418,#14235);
#14233=LINE('',#974,#14236);
#14234=VECTOR('',#14237,1.0);
#14235=VECTOR('',#14238,1.0);
#14236=VECTOR('',#14239,1.0);
#14237=DIRECTION('',(0,0,1));
#14238=DIRECTION('',(-0.9852444936148473,-0.17115282002240867,0));
#14239=DIRECTION('',(0.10814255232268402,0.01878610123111611,-0.9939578817926189));
#14240=FACE_SURFACE('',(#14245),#14241,.T.);
#14241=PLANE('',#14242);
#14242=AXIS2_PLACEMENT_3D('',#952,#14243,#14244);
#14243=DIRECTION('',(0.17115282002240864,-0.9852444936148473,0));
#14244=DIRECTION('',(-0.10814255232268402,-0.01878610123111611,0.9939578817926189));
#14245=FACE_BOUND('',#14246,.T.);
#14246=EDGE_LOOP('',(#14247,#14248,#14249));
#14247=ORIENTED_EDGE('',*,*,#14250,.T.);
#14248=ORIENTED_EDGE('',*,*,#14251,.T.);
#14249=ORIENTED_EDGE('',*,*,#14252,.T.);
#14250=EDGE_CURVE('',#953,#975,#14253,.F.);
#14251=EDGE_CURVE('',#975,#957,#14254,.T.);
#14252=EDGE_CURVE('',#957,#953,#14255,.T.);
#14253=LINE('',#952,#14256);
#14254=LINE('',#974,#14257);
#14255=LINE('',#956,#14258);
#14256=VECTOR('',#14259,1.0);
#14257=VECTOR('',#14260,1.0);
#14258=VECTOR('',#14261,1.0);
#14259=DIRECTION('',(-0.10814255232268402,-0.01878610123111611,0.9939578817926189));
#14260=DIRECTION('',(0,0,-1));
#14261=DIRECTION('',(0.9852444936148473,0.17115282002240867,0));
#14262=FACE_SURFACE('',(#14267),#14263,.T.);
#14263=PLANE('',#14264);
#14264=AXIS2_PLACEMENT_3D('',#418,#14265,#14266);
#14265=DIRECTION('',(0.219132249408194,-0.9756951661606739,0));
#14266=DIRECTION('',(0,0,-1));
#14267=FACE_BOUND('',#14268,.T.);
#14268=EDGE_LOOP('',(#14269,#14270,#14271));
#14269=ORIENTED_EDGE('',*,*,#14272,.T.);
#14270=ORIENTED_EDGE('',*,*,#14273,.T.);
#14271=ORIENTED_EDGE('',*,*,#14274,.T.);
#14272=EDGE_CURVE('',#419,#953,#14275,.F.);
#14273=EDGE_CURVE('',#953,#401,#14276,.T.);
#14274=EDGE_CURVE('',#401,#419,#14277,.T.);
#14275=LINE('',#418,#14278);
#14276=LINE('',#952,#14279);
#14277=LINE('',#400,#14280);
#14278=VECTOR('',#14281,1.0);
#14279=VECTOR('',#14282,1.0);
#14280=VECTOR('',#14283,1.0);
#14281=DIRECTION('',(0,0,-1));
#14282=DIRECTION('',(0.10709894048584381,0.024053446764778264,0.9939573676197303));
#14283=DIRECTION('',(-0.975695166160674,-0.21913224940819404,0));
#14284=FACE_SURFACE('',(#14289),#14285,.T.);
#14285=PLANE('',#14286);
#14286=AXIS2_PLACEMENT_3D('',#402,#14287,#14288);
#14287=DIRECTION('',(0.219132249408194,-0.9756951661606739,0));
#14288=DIRECTION('',(0,0,1));
#14289=FACE_BOUND('',#14290,.T.);
#14290=EDGE_LOOP('',(#14291,#14292,#14293));
#14291=ORIENTED_EDGE('',*,*,#14294,.T.);
#14292=ORIENTED_EDGE('',*,*,#14295,.T.);
#14293=ORIENTED_EDGE('',*,*,#14296,.T.);
#14294=EDGE_CURVE('',#403,#401,#14297,.F.);
#14295=EDGE_CURVE('',#401,#953,#14298,.T.);
#14296=EDGE_CURVE('',#953,#403,#14299,.T.);
#14297=LINE('',#402,#14300);
#14298=LINE('',#400,#14301);
#14299=LINE('',#952,#14302);
#14300=VECTOR('',#14303,1.0);
#14301=VECTOR('',#14304,1.0);
#14302=VECTOR('',#14305,1.0);
#14303=DIRECTION('',(0,0,1));
#14304=DIRECTION('',(-0.10709894048584381,-0.024053446764778264,-0.9939573676197303));
#14305=DIRECTION('',(0.975695166160674,0.21913224940819404,0));
#14306=FACE_SURFACE('',(#14311),#14307,.T.);
#14307=PLANE('',#14308);
#14308=AXIS2_PLACEMENT_3D('',#406,#14309,#14310);
#14309=DIRECTION('',(-0.19519168489624064,0.9807651126275683,0));
#14310=DIRECTION('',(0.9807651126275684,0.19519168489624064,0));
#14311=FACE_BOUND('',#14312,.T.);
#14312=EDGE_LOOP('',(#14313,#14314,#14315));
#14313=ORIENTED_EDGE('',*,*,#14316,.T.);
#14314=ORIENTED_EDGE('',*,*,#14317,.T.);
#14315=ORIENTED_EDGE('',*,*,#14318,.T.);
#14316=EDGE_CURVE('',#407,#397,#14319,.F.);
#14317=EDGE_CURVE('',#397,#405,#14320,.T.);
#14318=EDGE_CURVE('',#405,#407,#14321,.T.);
#14319=LINE('',#406,#14322);
#14320=LINE('',#396,#14323);
#14321=LINE('',#404,#14324);
#14322=VECTOR('',#14325,1.0);
#14323=VECTOR('',#14326,1.0);
#14324=VECTOR('',#14327,1.0);
#14325=DIRECTION('',(0.9807651126275684,0.19519168489624064,0));
#14326=DIRECTION('',(-0.27838187223258165,-0.05540350690092463,-0.9588712033612031));
#14327=DIRECTION('',(0,0,1));
#14328=FACE_SURFACE('',(#14333),#14329,.T.);
#14329=PLANE('',#14330);
#14330=AXIS2_PLACEMENT_3D('',#982,#14331,#14332);
#14331=DIRECTION('',(-0.06524538448541416,0.997869249853582,0));
#14332=DIRECTION('',(0.997869249853582,0.06524538448541416,0));
#14333=FACE_BOUND('',#14334,.T.);
#14334=EDGE_LOOP('',(#14335,#14336,#14337));
#14335=ORIENTED_EDGE('',*,*,#14338,.T.);
#14336=ORIENTED_EDGE('',*,*,#14339,.T.);
#14337=ORIENTED_EDGE('',*,*,#14340,.T.);
#14338=EDGE_CURVE('',#983,#407,#14341,.F.);
#14339=EDGE_CURVE('',#407,#405,#14342,.T.);
#14340=EDGE_CURVE('',#405,#983,#14343,.T.);
#14341=LINE('',#982,#14344);
#14342=LINE('',#406,#14345);
#14343=LINE('',#404,#14346);
#14344=VECTOR('',#14347,1.0);
#14345=VECTOR('',#14348,1.0);
#14346=VECTOR('',#14349,1.0);
#14347=DIRECTION('',(0.997869249853582,0.06524538448541416,0));
#14348=DIRECTION('',(0,0,-1));
#14349=DIRECTION('',(-0.2832269204672401,-0.018518708062420366,0.9588741152906062));
#14350=FACE_SURFACE('',(#14355),#14351,.T.);
#14351=PLANE('',#14352);
#14352=AXIS2_PLACEMENT_3D('',#946,#14353,#14354);
#14353=DIRECTION('',(0,0,-1));
#14354=DIRECTION('',(-0.1091530202237571,0.9940249585277183,0));
#14355=FACE_BOUND('',#14356,.T.);
#14356=EDGE_LOOP('',(#14357,#14358,#14359));
#14357=ORIENTED_EDGE('',*,*,#14360,.T.);
#14358=ORIENTED_EDGE('',*,*,#14361,.T.);
#14359=ORIENTED_EDGE('',*,*,#14362,.T.);
#14360=EDGE_CURVE('',#947,#119,#14363,.F.);
#14361=EDGE_CURVE('',#119,#983,#14364,.T.);
#14362=EDGE_CURVE('',#983,#947,#14365,.T.);
#14363=LINE('',#946,#14366);
#14364=LINE('',#118,#14367);
#14365=LINE('',#982,#14368);
#14366=VECTOR('',#14369,1.0);
#14367=VECTOR('',#14370,1.0);
#14368=VECTOR('',#14371,1.0);
#14369=DIRECTION('',(-0.1091530202237571,0.9940249585277183,0));
#14370=DIRECTION('',(0.2781363587761548,-0.9605416003103364,0));
#14371=DIRECTION('',(-0.9978692484101098,0.0652454065620144,0));
#14372=FACE_SURFACE('',(#14377),#14373,.T.);
#14373=PLANE('',#14374);
#14374=AXIS2_PLACEMENT_3D('',#982,#14375,#14376);
#14375=DIRECTION('',(0,0,-1));
#14376=DIRECTION('',(-0.2781363587761548,0.9605416003103364,0));
#14377=FACE_BOUND('',#14378,.T.);
#14378=EDGE_LOOP('',(#14379,#14380,#14381));
#14379=ORIENTED_EDGE('',*,*,#14382,.T.);
#14380=ORIENTED_EDGE('',*,*,#14383,.T.);
#14381=ORIENTED_EDGE('',*,*,#14384,.T.);
#14382=EDGE_CURVE('',#983,#119,#14385,.F.);
#14383=EDGE_CURVE('',#119,#407,#14386,.T.);
#14384=EDGE_CURVE('',#407,#983,#14387,.T.);
#14385=LINE('',#982,#14388);
#14386=LINE('',#118,#14389);
#14387=LINE('',#406,#14390);
#14388=VECTOR('',#14391,1.0);
#14389=VECTOR('',#14392,1.0);
#14390=VECTOR('',#14393,1.0);
#14391=DIRECTION('',(-0.2781363587761548,0.9605416003103364,0));
#14392=DIRECTION('',(0.42997945093694456,-0.9028386742779486,0));
#14393=DIRECTION('',(-0.997869249853582,-0.06524538448541416,0));
#14394=FACE_SURFACE('',(#14399),#14395,.T.);
#14395=PLANE('',#14396);
#14396=AXIS2_PLACEMENT_3D('',#968,#14397,#14398);
#14397=DIRECTION('',(0.024449595658264402,-0.9997010639546942,0));
#14398=DIRECTION('',(0,0,1));
#14399=FACE_BOUND('',#14400,.T.);
#14400=EDGE_LOOP('',(#14401,#14402,#14403));
#14401=ORIENTED_EDGE('',*,*,#14404,.T.);
#14402=ORIENTED_EDGE('',*,*,#14405,.T.);
#14403=ORIENTED_EDGE('',*,*,#14406,.T.);
#14404=EDGE_CURVE('',#969,#971,#14407,.F.);
#14405=EDGE_CURVE('',#971,#979,#14408,.T.);
#14406=EDGE_CURVE('',#979,#969,#14409,.T.);
#14407=LINE('',#968,#14410);
#14408=LINE('',#970,#14411);
#14409=LINE('',#978,#14412);
#14410=VECTOR('',#14413,1.0);
#14411=VECTOR('',#14414,1.0);
#14412=VECTOR('',#14415,1.0);
#14413=DIRECTION('',(0,0,1));
#14414=DIRECTION('',(-0.9997010639546942,-0.0244495956582644,0));
#14415=DIRECTION('',(0.10973291560231926,0.002683727679818442,-0.9939574864344827));
#14416=FACE_SURFACE('',(#14421),#14417,.T.);
#14417=PLANE('',#14418);
#14418=AXIS2_PLACEMENT_3D('',#968,#14419,#14420);
#14419=DIRECTION('',(0.024449595658264402,-0.9997010639546942,0));
#14420=DIRECTION('',(-0.10973291560231926,-0.002683727679818442,0.9939574864344827));
#14421=FACE_BOUND('',#14422,.T.);
#14422=EDGE_LOOP('',(#14423,#14424,#14425));
#14423=ORIENTED_EDGE('',*,*,#14426,.T.);
#14424=ORIENTED_EDGE('',*,*,#14427,.T.);
#14425=ORIENTED_EDGE('',*,*,#14428,.T.);
#14426=EDGE_CURVE('',#969,#979,#14429,.F.);
#14427=EDGE_CURVE('',#979,#959,#14430,.T.);
#14428=EDGE_CURVE('',#959,#969,#14431,.T.);
#14429=LINE('',#968,#14432);
#14430=LINE('',#978,#14433);
#14431=LINE('',#958,#14434);
#14432=VECTOR('',#14435,1.0);
#14433=VECTOR('',#14436,1.0);
#14434=VECTOR('',#14437,1.0);
#14435=DIRECTION('',(-0.10973291560231926,-0.002683727679818442,0.9939574864344827));
#14436=DIRECTION('',(0,0,-1));
#14437=DIRECTION('',(0.9997010639546942,0.0244495956582644,0));
#14438=FACE_SURFACE('',(#14443),#14439,.T.);
#14439=PLANE('',#14440);
#14440=AXIS2_PLACEMENT_3D('',#968,#14441,#14442);
#14441=DIRECTION('',(0.07378581279048353,-0.9972741116818623,0));
#14442=DIRECTION('',(0.9972741116818624,0.07378581279048355,0));
#14443=FACE_BOUND('',#14444,.T.);
#14444=EDGE_LOOP('',(#14445,#14446,#14447));
#14445=ORIENTED_EDGE('',*,*,#14448,.T.);
#14446=ORIENTED_EDGE('',*,*,#14449,.T.);
#14447=ORIENTED_EDGE('',*,*,#14450,.T.);
#14448=EDGE_CURVE('',#969,#955,#14451,.F.);
#14449=EDGE_CURVE('',#955,#971,#14452,.T.);
#14450=EDGE_CURVE('',#971,#969,#14453,.T.);
#14451=LINE('',#968,#14454);
#14452=LINE('',#954,#14455);
#14453=LINE('',#970,#14456);
#14454=VECTOR('',#14457,1.0);
#14455=VECTOR('',#14458,1.0);
#14456=VECTOR('',#14459,1.0);
#14457=DIRECTION('',(0.9972741116818624,0.07378581279048355,0));
#14458=DIRECTION('',(-0.10948415798472651,-0.008100458529862865,0.9939555330707615));
#14459=DIRECTION('',(0,0,-1));
#14460=FACE_SURFACE('',(#14465),#14461,.T.);
#14461=PLANE('',#14462);
#14462=AXIS2_PLACEMENT_3D('',#972,#14463,#14464);
#14463=DIRECTION('',(0.07378581279048353,-0.9972741116818623,0));
#14464=DIRECTION('',(-0.9972741116818624,-0.07378581279048355,0));
#14465=FACE_BOUND('',#14466,.T.);
#14466=EDGE_LOOP('',(#14467,#14468,#14469));
#14467=ORIENTED_EDGE('',*,*,#14470,.T.);
#14468=ORIENTED_EDGE('',*,*,#14471,.T.);
#14469=ORIENTED_EDGE('',*,*,#14472,.T.);
#14470=EDGE_CURVE('',#973,#971,#14473,.F.);
#14471=EDGE_CURVE('',#971,#955,#14474,.T.);
#14472=EDGE_CURVE('',#955,#973,#14475,.T.);
#14473=LINE('',#972,#14476);
#14474=LINE('',#970,#14477);
#14475=LINE('',#954,#14478);
#14476=VECTOR('',#14479,1.0);
#14477=VECTOR('',#14480,1.0);
#14478=VECTOR('',#14481,1.0);
#14479=DIRECTION('',(-0.9972741116818624,-0.07378581279048355,0));
#14480=DIRECTION('',(0.10948415798472651,0.008100458529862865,-0.9939555330707615));
#14481=DIRECTION('',(0,0,1));
#14482=FACE_SURFACE('',(#14487),#14483,.T.);
#14483=PLANE('',#14484);
#14484=AXIS2_PLACEMENT_3D('',#934,#14485,#14486);
#14485=DIRECTION('',(-0.21913243404472413,-0.9756951246929723,0));
#14486=DIRECTION('',(0,0,1));
#14487=FACE_BOUND('',#14488,.T.);
#14488=EDGE_LOOP('',(#14489,#14490,#14491));
#14489=ORIENTED_EDGE('',*,*,#14492,.T.);
#14490=ORIENTED_EDGE('',*,*,#14493,.T.);
#14491=ORIENTED_EDGE('',*,*,#14494,.T.);
#14492=EDGE_CURVE('',#935,#937,#14495,.F.);
#14493=EDGE_CURVE('',#937,#703,#14496,.T.);
#14494=EDGE_CURVE('',#703,#935,#14497,.T.);
#14495=LINE('',#934,#14498);
#14496=LINE('',#936,#14499);
#14497=LINE('',#702,#14500);
#14498=VECTOR('',#14501,1.0);
#14499=VECTOR('',#14502,1.0);
#14500=VECTOR('',#14503,1.0);
#14501=DIRECTION('',(0,0,1));
#14502=DIRECTION('',(-0.10709884678195306,0.024053447008969546,-0.9939573777104139));
#14503=DIRECTION('',(0.9756951246929723,-0.2191324340447241,0));
#14504=FACE_SURFACE('',(#14509),#14505,.T.);
#14505=PLANE('',#14506);
#14506=AXIS2_PLACEMENT_3D('',#966,#14507,#14508);
#14507=DIRECTION('',(-0.17115282002240864,-0.9852444936148473,0));
#14508=DIRECTION('',(0,0,1));
#14509=FACE_BOUND('',#14510,.T.);
#14510=EDGE_LOOP('',(#14511,#14512,#14513));
#14511=ORIENTED_EDGE('',*,*,#14514,.T.);
#14512=ORIENTED_EDGE('',*,*,#14515,.T.);
#14513=ORIENTED_EDGE('',*,*,#14516,.T.);
#14514=EDGE_CURVE('',#967,#939,#14517,.F.);
#14515=EDGE_CURVE('',#939,#937,#14518,.T.);
#14516=EDGE_CURVE('',#937,#967,#14519,.T.);
#14517=LINE('',#966,#14520);
#14518=LINE('',#938,#14521);
#14519=LINE('',#936,#14522);
#14520=VECTOR('',#14523,1.0);
#14521=VECTOR('',#14524,1.0);
#14522=VECTOR('',#14525,1.0);
#14523=DIRECTION('',(0,0,1));
#14524=DIRECTION('',(-0.9852444936148473,0.17115282002240867,0));
#14525=DIRECTION('',(0.10814255232268402,-0.01878610123111611,-0.9939578817926189));
#14526=FACE_SURFACE('',(#14531),#14527,.T.);
#14527=PLANE('',#14528);
#14528=AXIS2_PLACEMENT_3D('',#966,#14529,#14530);
#14529=DIRECTION('',(-0.17115282002240864,-0.9852444936148473,0));
#14530=DIRECTION('',(-0.10814255232268402,0.01878610123111611,0.9939578817926189));
#14531=FACE_BOUND('',#14532,.T.);
#14532=EDGE_LOOP('',(#14533,#14534,#14535));
#14533=ORIENTED_EDGE('',*,*,#14536,.T.);
#14534=ORIENTED_EDGE('',*,*,#14537,.T.);
#14535=ORIENTED_EDGE('',*,*,#14538,.T.);
#14536=EDGE_CURVE('',#967,#937,#14539,.F.);
#14537=EDGE_CURVE('',#937,#935,#14540,.T.);
#14538=EDGE_CURVE('',#935,#967,#14541,.T.);
#14539=LINE('',#966,#14542);
#14540=LINE('',#936,#14543);
#14541=LINE('',#934,#14544);
#14542=VECTOR('',#14545,1.0);
#14543=VECTOR('',#14546,1.0);
#14544=VECTOR('',#14547,1.0);
#14545=DIRECTION('',(-0.10814255232268402,0.01878610123111611,0.9939578817926189));
#14546=DIRECTION('',(0,0,-1));
#14547=DIRECTION('',(0.9852444936148473,-0.17115282002240867,0));
#14548=FACE_SURFACE('',(#14553),#14549,.T.);
#14549=PLANE('',#14550);
#14550=AXIS2_PLACEMENT_3D('',#964,#14551,#14552);
#14551=DIRECTION('',(-0.12225309974404412,-0.9924989569782796,0));
#14552=DIRECTION('',(0,0,1));
#14553=FACE_BOUND('',#14554,.T.);
#14554=EDGE_LOOP('',(#14555,#14556,#14557));
#14555=ORIENTED_EDGE('',*,*,#14558,.T.);
#14556=ORIENTED_EDGE('',*,*,#14559,.T.);
#14557=ORIENTED_EDGE('',*,*,#14560,.T.);
#14558=EDGE_CURVE('',#965,#977,#14561,.F.);
#14559=EDGE_CURVE('',#977,#939,#14562,.T.);
#14560=EDGE_CURVE('',#939,#965,#14563,.T.);
#14561=LINE('',#964,#14564);
#14562=LINE('',#976,#14565);
#14563=LINE('',#938,#14566);
#14564=VECTOR('',#14567,1.0);
#14565=VECTOR('',#14568,1.0);
#14566=VECTOR('',#14569,1.0);
#14567=DIRECTION('',(0,0,1));
#14568=DIRECTION('',(-0.9924989569782796,0.12225309974404411,0));
#14569=DIRECTION('',(0.10893786223024861,-0.013418645171864878,-0.9939579881134086));
#14570=FACE_SURFACE('',(#14575),#14571,.T.);
#14571=PLANE('',#14572);
#14572=AXIS2_PLACEMENT_3D('',#964,#14573,#14574);
#14573=DIRECTION('',(-0.12225309974404412,-0.9924989569782796,0));
#14574=DIRECTION('',(-0.10893786223024861,0.013418645171864878,0.9939579881134086));
#14575=FACE_BOUND('',#14576,.T.);
#14576=EDGE_LOOP('',(#14577,#14578,#14579));
#14577=ORIENTED_EDGE('',*,*,#14580,.T.);
#14578=ORIENTED_EDGE('',*,*,#14581,.T.);
#14579=ORIENTED_EDGE('',*,*,#14582,.T.);
#14580=EDGE_CURVE('',#965,#939,#14583,.F.);
#14581=EDGE_CURVE('',#939,#967,#14584,.T.);
#14582=EDGE_CURVE('',#967,#965,#14585,.T.);
#14583=LINE('',#964,#14586);
#14584=LINE('',#938,#14587);
#14585=LINE('',#966,#14588);
#14586=VECTOR('',#14589,1.0);
#14587=VECTOR('',#14590,1.0);
#14588=VECTOR('',#14591,1.0);
#14589=DIRECTION('',(-0.10893786223024861,0.013418645171864878,0.9939579881134086));
#14590=DIRECTION('',(0,0,-1));
#14591=DIRECTION('',(0.9924989569782796,-0.12225309974404411,0));
#14592=FACE_SURFACE('',(#14597),#14593,.T.);
#14593=PLANE('',#14594);
#14594=AXIS2_PLACEMENT_3D('',#960,#14595,#14596);
#14595=DIRECTION('',(-0.07378581279048353,-0.9972741116818623,0));
#14596=DIRECTION('',(0,0,1));
#14597=FACE_BOUND('',#14598,.T.);
#14598=EDGE_LOOP('',(#14599,#14600,#14601));
#14599=ORIENTED_EDGE('',*,*,#14602,.T.);
#14600=ORIENTED_EDGE('',*,*,#14603,.T.);
#14601=ORIENTED_EDGE('',*,*,#14604,.T.);
#14602=EDGE_CURVE('',#961,#981,#14605,.F.);
#14603=EDGE_CURVE('',#981,#977,#14606,.T.);
#14604=EDGE_CURVE('',#977,#961,#14607,.T.);
#14605=LINE('',#960,#14608);
#14606=LINE('',#980,#14609);
#14607=LINE('',#976,#14610);
#14608=VECTOR('',#14611,1.0);
#14609=VECTOR('',#14612,1.0);
#14610=VECTOR('',#14613,1.0);
#14611=DIRECTION('',(0,0,1));
#14612=DIRECTION('',(-0.9972741116818624,0.07378581279048355,0));
#14613=DIRECTION('',(0.10948415798472651,-0.008100458529862865,-0.9939555330707615));
#14614=FACE_SURFACE('',(#14619),#14615,.T.);
#14615=PLANE('',#14616);
#14616=AXIS2_PLACEMENT_3D('',#960,#14617,#14618);
#14617=DIRECTION('',(-0.07378581279048353,-0.9972741116818623,0));
#14618=DIRECTION('',(-0.10948415798472651,0.008100458529862865,0.9939555330707615));
#14619=FACE_BOUND('',#14620,.T.);
#14620=EDGE_LOOP('',(#14621,#14622,#14623));
#14621=ORIENTED_EDGE('',*,*,#14624,.T.);
#14622=ORIENTED_EDGE('',*,*,#14625,.T.);
#14623=ORIENTED_EDGE('',*,*,#14626,.T.);
#14624=EDGE_CURVE('',#961,#977,#14627,.F.);
#14625=EDGE_CURVE('',#977,#965,#14628,.T.);
#14626=EDGE_CURVE('',#965,#961,#14629,.T.);
#14627=LINE('',#960,#14630);
#14628=LINE('',#976,#14631);
#14629=LINE('',#964,#14632);
#14630=VECTOR('',#14633,1.0);
#14631=VECTOR('',#14634,1.0);
#14632=VECTOR('',#14635,1.0);
#14633=DIRECTION('',(-0.10948415798472651,0.008100458529862865,0.9939555330707615));
#14634=DIRECTION('',(0,0,-1));
#14635=DIRECTION('',(0.9972741116818624,-0.07378581279048355,0));
#14636=FACE_SURFACE('',(#14641),#14637,.T.);
#14637=PLANE('',#14638);
#14638=AXIS2_PLACEMENT_3D('',#958,#14639,#14640);
#14639=DIRECTION('',(-0.024449595658264402,-0.9997010639546942,0));
#14640=DIRECTION('',(0,0,1));
#14641=FACE_BOUND('',#14642,.T.);
#14642=EDGE_LOOP('',(#14643,#14644,#14645));
#14643=ORIENTED_EDGE('',*,*,#14646,.T.);
#14644=ORIENTED_EDGE('',*,*,#14647,.T.);
#14645=ORIENTED_EDGE('',*,*,#14648,.T.);
#14646=EDGE_CURVE('',#959,#979,#14649,.F.);
#14647=EDGE_CURVE('',#979,#981,#14650,.T.);
#14648=EDGE_CURVE('',#981,#959,#14651,.T.);
#14649=LINE('',#958,#14652);
#14650=LINE('',#978,#14653);
#14651=LINE('',#980,#14654);
#14652=VECTOR('',#14655,1.0);
#14653=VECTOR('',#14656,1.0);
#14654=VECTOR('',#14657,1.0);
#14655=DIRECTION('',(0,0,1));
#14656=DIRECTION('',(-0.9997010639546942,0.0244495956582644,0));
#14657=DIRECTION('',(0.10973291560231926,-0.002683727679818442,-0.9939574864344827));
#14658=FACE_SURFACE('',(#14663),#14659,.T.);
#14659=PLANE('',#14660);
#14660=AXIS2_PLACEMENT_3D('',#958,#14661,#14662);
#14661=DIRECTION('',(-0.024449595658264402,-0.9997010639546942,0));
#14662=DIRECTION('',(-0.10973291560231926,0.002683727679818442,0.9939574864344827));
#14663=FACE_BOUND('',#14664,.T.);
#14664=EDGE_LOOP('',(#14665,#14666,#14667));
#14665=ORIENTED_EDGE('',*,*,#14668,.T.);
#14666=ORIENTED_EDGE('',*,*,#14669,.T.);
#14667=ORIENTED_EDGE('',*,*,#14670,.T.);
#14668=EDGE_CURVE('',#959,#981,#14671,.F.);
#14669=EDGE_CURVE('',#981,#961,#14672,.T.);
#14670=EDGE_CURVE('',#961,#959,#14673,.T.);
#14671=LINE('',#958,#14674);
#14672=LINE('',#980,#14675);
#14673=LINE('',#960,#14676);
#14674=VECTOR('',#14677,1.0);
#14675=VECTOR('',#14678,1.0);
#14676=VECTOR('',#14679,1.0);
#14677=DIRECTION('',(-0.10973291560231926,0.002683727679818442,0.9939574864344827));
#14678=DIRECTION('',(0,0,-1));
#14679=DIRECTION('',(0.9997010639546942,-0.0244495956582644,0));
#14680=FACE_SURFACE('',(#14685),#14681,.T.);
#14681=PLANE('',#14682);
#14682=AXIS2_PLACEMENT_3D('',#932,#14683,#14684);
#14683=DIRECTION('',(0.0652454065620144,0.9978692484101098,-0));
#14684=DIRECTION('',(0,0,1));
#14685=FACE_BOUND('',#14686,.T.);
#14686=EDGE_LOOP('',(#14687,#14688,#14689));
#14687=ORIENTED_EDGE('',*,*,#14690,.T.);
#14688=ORIENTED_EDGE('',*,*,#14691,.T.);
#14689=ORIENTED_EDGE('',*,*,#14692,.T.);
#14690=EDGE_CURVE('',#933,#947,#14693,.F.);
#14691=EDGE_CURVE('',#947,#983,#14694,.T.);
#14692=EDGE_CURVE('',#983,#933,#14695,.T.);
#14693=LINE('',#932,#14696);
#14694=LINE('',#946,#14697);
#14695=LINE('',#982,#14698);
#14696=VECTOR('',#14699,1.0);
#14697=VECTOR('',#14700,1.0);
#14698=VECTOR('',#14701,1.0);
#14699=DIRECTION('',(0,0,1));
#14700=DIRECTION('',(0.9978692484101098,-0.0652454065620144,0));
#14701=DIRECTION('',(-0.28322683194453663,0.018518708567214923,-0.9588741414281979));
#14702=FACE_SURFACE('',(#14707),#14703,.T.);
#14703=PLANE('',#14704);
#14704=AXIS2_PLACEMENT_3D('',#932,#14705,#14706);
#14705=DIRECTION('',(0.0652454065620144,0.9978692484101098,0));
#14706=DIRECTION('',(0.28322683194453663,-0.018518708567214923,0.9588741414281979));
#14707=FACE_BOUND('',#14708,.T.);
#14708=EDGE_LOOP('',(#14709,#14710,#14711));
#14709=ORIENTED_EDGE('',*,*,#14712,.T.);
#14710=ORIENTED_EDGE('',*,*,#14713,.T.);
#14711=ORIENTED_EDGE('',*,*,#14714,.T.);
#14712=EDGE_CURVE('',#933,#983,#14715,.F.);
#14713=EDGE_CURVE('',#983,#963,#14716,.T.);
#14714=EDGE_CURVE('',#963,#933,#14717,.T.);
#14715=LINE('',#932,#14718);
#14716=LINE('',#982,#14719);
#14717=LINE('',#962,#14720);
#14718=VECTOR('',#14721,1.0);
#14719=VECTOR('',#14722,1.0);
#14720=VECTOR('',#14723,1.0);
#14721=DIRECTION('',(0.28322683194453663,-0.018518708567214923,0.9588741414281979));
#14722=DIRECTION('',(0,0,-1));
#14723=DIRECTION('',(-0.9978692484101098,0.0652454065620144,0));
#14724=FACE_SURFACE('',(#14729),#14725,.T.);
#14725=PLANE('',#14726);
#14726=AXIS2_PLACEMENT_3D('',#962,#14727,#14728);
#14727=DIRECTION('',(-0.06524538448541416,0.997869249853582,0));
#14728=DIRECTION('',(0,0,1));
#14729=FACE_BOUND('',#14730,.T.);
#14730=EDGE_LOOP('',(#14731,#14732,#14733));
#14731=ORIENTED_EDGE('',*,*,#14734,.T.);
#14732=ORIENTED_EDGE('',*,*,#14735,.T.);
#14733=ORIENTED_EDGE('',*,*,#14736,.T.);
#14734=EDGE_CURVE('',#963,#983,#14737,.F.);
#14735=EDGE_CURVE('',#983,#405,#14738,.T.);
#14736=EDGE_CURVE('',#405,#963,#14739,.T.);
#14737=LINE('',#962,#14740);
#14738=LINE('',#982,#14741);
#14739=LINE('',#404,#14742);
#14740=VECTOR('',#14743,1.0);
#14741=VECTOR('',#14744,1.0);
#14742=VECTOR('',#14745,1.0);
#14743=DIRECTION('',(0,0,1));
#14744=DIRECTION('',(0.2832269204672401,0.018518708062420366,-0.9588741152906062));
#14745=DIRECTION('',(-0.997869249853582,-0.06524538448541416,0));
#14746=FACE_SURFACE('',(#14751),#14747,.T.);
#14747=PLANE('',#14748);
#14748=AXIS2_PLACEMENT_3D('',#892,#14749,#14750);
#14749=DIRECTION('',(0,-1,0));
#14750=DIRECTION('',(1,0,0));
#14751=FACE_BOUND('',#14752,.T.);
#14752=EDGE_LOOP('',(#14753,#14754,#14755));
#14753=ORIENTED_EDGE('',*,*,#14756,.T.);
#14754=ORIENTED_EDGE('',*,*,#14757,.T.);
#14755=ORIENTED_EDGE('',*,*,#14758,.T.);
#14756=EDGE_CURVE('',#893,#399,#14759,.F.);
#14757=EDGE_CURVE('',#399,#379,#14760,.T.);
#14758=EDGE_CURVE('',#379,#893,#14761,.T.);
#14759=LINE('',#892,#14762);
#14760=LINE('',#398,#14763);
#14761=LINE('',#378,#14764);
#14762=VECTOR('',#14765,1.0);
#14763=VECTOR('',#14766,1.0);
#14764=VECTOR('',#14767,1.0);
#14765=DIRECTION('',(1,0,0));
#14766=DIRECTION('',(0,0,1));
#14767=DIRECTION('',(-0.7249451600099168,0,-0.688806587496226));
#14768=FACE_SURFACE('',(#14773),#14769,.T.);
#14769=PLANE('',#14770);
#14770=AXIS2_PLACEMENT_3D('',#892,#14771,#14772);
#14771=DIRECTION('',(0,-1,0));
#14772=DIRECTION('',(0.7249451600099168,0,0.688806587496226));
#14773=FACE_BOUND('',#14774,.T.);
#14774=EDGE_LOOP('',(#14775,#14776,#14777));
#14775=ORIENTED_EDGE('',*,*,#14778,.T.);
#14776=ORIENTED_EDGE('',*,*,#14779,.T.);
#14777=ORIENTED_EDGE('',*,*,#14780,.T.);
#14778=EDGE_CURVE('',#893,#379,#14781,.F.);
#14779=EDGE_CURVE('',#379,#119,#14782,.T.);
#14780=EDGE_CURVE('',#119,#893,#14783,.T.);
#14781=LINE('',#892,#14784);
#14782=LINE('',#378,#14785);
#14783=LINE('',#118,#14786);
#14784=VECTOR('',#14787,1.0);
#14785=VECTOR('',#14788,1.0);
#14786=VECTOR('',#14789,1.0);
#14787=DIRECTION('',(0.7249451600099168,0,0.688806587496226));
#14788=DIRECTION('',(-1,0,0));
#14789=DIRECTION('',(0,0,-1));
#14790=FACE_SURFACE('',(#14795),#14791,.T.);
#14791=PLANE('',#14792);
#14792=AXIS2_PLACEMENT_3D('',#984,#14793,#14794);
#14793=DIRECTION('',(-0,0,1));
#14794=DIRECTION('',(0.9743682036491254,-0.2249591156578826,0));
#14795=FACE_BOUND('',#14796,.T.);
#14796=EDGE_LOOP('',(#14797,#14798,#14799));
#14797=ORIENTED_EDGE('',*,*,#14800,.T.);
#14798=ORIENTED_EDGE('',*,*,#14801,.T.);
#14799=ORIENTED_EDGE('',*,*,#14802,.T.);
#14800=EDGE_CURVE('',#985,#235,#14803,.F.);
#14801=EDGE_CURVE('',#235,#987,#14804,.T.);
#14802=EDGE_CURVE('',#987,#985,#14805,.T.);
#14803=LINE('',#984,#14806);
#14804=LINE('',#234,#14807);
#14805=LINE('',#986,#14808);
#14806=VECTOR('',#14809,1.0);
#14807=VECTOR('',#14810,1.0);
#14808=VECTOR('',#14811,1.0);
#14809=DIRECTION('',(0.9743682036491254,-0.2249591156578826,0));
#14810=DIRECTION('',(-0.9385165707646608,0.3452341906592413,0));
#14811=DIRECTION('',(-0.7519243962219564,-0.6592493476418815,0));
#14812=FACE_SURFACE('',(#14817),#14813,.T.);
#14813=PLANE('',#14814);
#14814=AXIS2_PLACEMENT_3D('',#988,#14815,#14816);
#14815=DIRECTION('',(-0,0,1));
#14816=DIRECTION('',(0.9912213087154864,-0.13221315043655218,0));
#14817=FACE_BOUND('',#14818,.T.);
#14818=EDGE_LOOP('',(#14819,#14820,#14821));
#14819=ORIENTED_EDGE('',*,*,#14822,.T.);
#14820=ORIENTED_EDGE('',*,*,#14823,.T.);
#14821=ORIENTED_EDGE('',*,*,#14824,.T.);
#14822=EDGE_CURVE('',#989,#235,#14825,.F.);
#14823=EDGE_CURVE('',#235,#985,#14826,.T.);
#14824=EDGE_CURVE('',#985,#989,#14827,.T.);
#14825=LINE('',#988,#14828);
#14826=LINE('',#234,#14829);
#14827=LINE('',#984,#14830);
#14828=VECTOR('',#14831,1.0);
#14829=VECTOR('',#14832,1.0);
#14830=VECTOR('',#14833,1.0);
#14831=DIRECTION('',(0.9912213087154864,-0.13221315043655218,0));
#14832=DIRECTION('',(-0.9743682036491254,0.2249591156578826,0));
#14833=DIRECTION('',(-0.8319062087663801,-0.5549162637875629,0));
#14834=FACE_SURFACE('',(#14839),#14835,.T.);
#14835=PLANE('',#14836);
#14836=AXIS2_PLACEMENT_3D('',#990,#14837,#14838);
#14837=DIRECTION('',(0,0,1));
#14838=DIRECTION('',(-0.6592474139634943,-0.7519260915691417,0));
#14839=FACE_BOUND('',#14840,.T.);
#14840=EDGE_LOOP('',(#14841,#14842,#14843));
#14841=ORIENTED_EDGE('',*,*,#14844,.T.);
#14842=ORIENTED_EDGE('',*,*,#14845,.T.);
#14843=ORIENTED_EDGE('',*,*,#14846,.T.);
#14844=EDGE_CURVE('',#991,#987,#14847,.F.);
#14845=EDGE_CURVE('',#987,#235,#14848,.T.);
#14846=EDGE_CURVE('',#235,#991,#14849,.T.);
#14847=LINE('',#990,#14850);
#14848=LINE('',#986,#14851);
#14849=LINE('',#234,#14852);
#14850=VECTOR('',#14853,1.0);
#14851=VECTOR('',#14854,1.0);
#14852=VECTOR('',#14855,1.0);
#14853=DIRECTION('',(-0.6592474139634943,-0.7519260915691417,0));
#14854=DIRECTION('',(0.9385165707646608,-0.3452341906592413,0));
#14855=DIRECTION('',(-0.8757393175381973,0.482784266228439,0));
#14856=FACE_SURFACE('',(#14861),#14857,.T.);
#14857=PLANE('',#14858);
#14858=AXIS2_PLACEMENT_3D('',#234,#14859,#14860);
#14859=DIRECTION('',(0,0,1));
#14860=DIRECTION('',(-0.9912213087154864,0.13221315043655218,0));
#14861=FACE_BOUND('',#14862,.T.);
#14862=EDGE_LOOP('',(#14863,#14864,#14865));
#14863=ORIENTED_EDGE('',*,*,#14866,.T.);
#14864=ORIENTED_EDGE('',*,*,#14867,.T.);
#14865=ORIENTED_EDGE('',*,*,#14868,.T.);
#14866=EDGE_CURVE('',#235,#989,#14869,.F.);
#14867=EDGE_CURVE('',#989,#167,#14870,.T.);
#14868=EDGE_CURVE('',#167,#235,#14871,.T.);
#14869=LINE('',#234,#14872);
#14870=LINE('',#988,#14873);
#14871=LINE('',#166,#14874);
#14872=VECTOR('',#14875,1.0);
#14873=VECTOR('',#14876,1.0);
#14874=VECTOR('',#14877,1.0);
#14875=DIRECTION('',(-0.9912213087154864,0.13221315043655218,0));
#14876=DIRECTION('',(-0.8968918569094566,-0.44224992595760443,0));
#14877=DIRECTION('',(0.9977136889513742,-0.06758250423771198,0));
#14878=FACE_SURFACE('',(#14883),#14879,.T.);
#14879=PLANE('',#14880);
#14880=AXIS2_PLACEMENT_3D('',#46,#14881,#14882);
#14881=DIRECTION('',(0,-0,1));
#14882=DIRECTION('',(0.9250002551402292,0.379966482719872,0));
#14883=FACE_BOUND('',#14884,.T.);
#14884=EDGE_LOOP('',(#14885,#14886,#14887));
#14885=ORIENTED_EDGE('',*,*,#14888,.T.);
#14886=ORIENTED_EDGE('',*,*,#14889,.T.);
#14887=ORIENTED_EDGE('',*,*,#14890,.T.);
#14888=EDGE_CURVE('',#47,#255,#14891,.F.);
#14889=EDGE_CURVE('',#255,#43,#14892,.T.);
#14890=EDGE_CURVE('',#43,#47,#14893,.T.);
#14891=LINE('',#46,#14894);
#14892=LINE('',#254,#14895);
#14893=LINE('',#42,#14896);
#14894=VECTOR('',#14897,1.0);
#14895=VECTOR('',#14898,1.0);
#14896=VECTOR('',#14899,1.0);
#14897=DIRECTION('',(0.9250002551402292,0.379966482719872,0));
#14898=DIRECTION('',(-0.9690964901704727,-0.24668196678977325,0));
#14899=DIRECTION('',(0.7519243962219564,-0.6592493476418815,0));
#14900=FACE_SURFACE('',(#14905),#14901,.T.);
#14901=PLANE('',#14902);
#14902=AXIS2_PLACEMENT_3D('',#50,#14903,#14904);
#14903=DIRECTION('',(0,-0,1));
#14904=DIRECTION('',(0.8481975120770116,0.5296800737297638,0));
#14905=FACE_BOUND('',#14906,.T.);
#14906=EDGE_LOOP('',(#14907,#14908,#14909));
#14907=ORIENTED_EDGE('',*,*,#14910,.T.);
#14908=ORIENTED_EDGE('',*,*,#14911,.T.);
#14909=ORIENTED_EDGE('',*,*,#14912,.T.);
#14910=EDGE_CURVE('',#51,#255,#14913,.F.);
#14911=EDGE_CURVE('',#255,#47,#14914,.T.);
#14912=EDGE_CURVE('',#47,#51,#14915,.T.);
#14913=LINE('',#50,#14916);
#14914=LINE('',#254,#14917);
#14915=LINE('',#46,#14918);
#14916=VECTOR('',#14919,1.0);
#14917=VECTOR('',#14920,1.0);
#14918=VECTOR('',#14921,1.0);
#14919=DIRECTION('',(0.8481975120770116,0.5296800737297638,0));
#14920=DIRECTION('',(-0.9250002551402292,-0.379966482719872,0));
#14921=DIRECTION('',(0.6592474139634943,-0.7519260915691417,0));
#14922=FACE_SURFACE('',(#14927),#14923,.T.);
#14923=PLANE('',#14924);
#14924=AXIS2_PLACEMENT_3D('',#54,#14925,#14926);
#14925=DIRECTION('',(0,-0,1));
#14926=DIRECTION('',(0.7421435335551781,0.6702409832308335,0));
#14927=FACE_BOUND('',#14928,.T.);
#14928=EDGE_LOOP('',(#14929,#14930,#14931));
#14929=ORIENTED_EDGE('',*,*,#14932,.T.);
#14930=ORIENTED_EDGE('',*,*,#14933,.T.);
#14931=ORIENTED_EDGE('',*,*,#14934,.T.);
#14932=EDGE_CURVE('',#55,#255,#14935,.F.);
#14933=EDGE_CURVE('',#255,#51,#14936,.T.);
#14934=EDGE_CURVE('',#51,#55,#14937,.T.);
#14935=LINE('',#54,#14938);
#14936=LINE('',#254,#14939);
#14937=LINE('',#50,#14940);
#14938=VECTOR('',#14941,1.0);
#14939=VECTOR('',#14942,1.0);
#14940=VECTOR('',#14943,1.0);
#14941=DIRECTION('',(0.7421435335551781,0.6702409832308335,0));
#14942=DIRECTION('',(-0.8481975120770116,-0.5296800737297638,0));
#14943=DIRECTION('',(0.5549259330159142,-0.8318997589051321,0));
#14944=FACE_SURFACE('',(#14949),#14945,.T.);
#14945=PLANE('',#14946);
#14946=AXIS2_PLACEMENT_3D('',#36,#14947,#14948);
#14947=DIRECTION('',(-0,0,1));
#14948=DIRECTION('',(0.8319062087663801,-0.5549162637875629,0));
#14949=FACE_BOUND('',#14950,.T.);
#14950=EDGE_LOOP('',(#14951,#14952,#14953));
#14951=ORIENTED_EDGE('',*,*,#14954,.T.);
#14952=ORIENTED_EDGE('',*,*,#14955,.T.);
#14953=ORIENTED_EDGE('',*,*,#14956,.T.);
#14954=EDGE_CURVE('',#37,#43,#14957,.F.);
#14955=EDGE_CURVE('',#43,#255,#14958,.T.);
#14956=EDGE_CURVE('',#255,#37,#14959,.T.);
#14957=LINE('',#36,#14960);
#14958=LINE('',#42,#14961);
#14959=LINE('',#254,#14962);
#14960=VECTOR('',#14963,1.0);
#14961=VECTOR('',#14964,1.0);
#14962=VECTOR('',#14965,1.0);
#14963=DIRECTION('',(0.8319062087663801,-0.5549162637875629,0));
#14964=DIRECTION('',(0.9690964901704727,0.24668196678977325,0));
#14965=DIRECTION('',(-0.989588389990394,-0.1439264339731237,0));
#14966=FACE_SURFACE('',(#14971),#14967,.T.);
#14967=PLANE('',#14968);
#14968=AXIS2_PLACEMENT_3D('',#58,#14969,#14970);
#14969=DIRECTION('',(0,-0,1));
#14970=DIRECTION('',(0.6260995311716827,0.7797431481369999,0));
#14971=FACE_BOUND('',#14972,.T.);
#14972=EDGE_LOOP('',(#14973,#14974,#14975));
#14973=ORIENTED_EDGE('',*,*,#14976,.T.);
#14974=ORIENTED_EDGE('',*,*,#14977,.T.);
#14975=ORIENTED_EDGE('',*,*,#14978,.T.);
#14976=EDGE_CURVE('',#59,#255,#14979,.F.);
#14977=EDGE_CURVE('',#255,#55,#14980,.T.);
#14978=EDGE_CURVE('',#55,#59,#14981,.T.);
#14979=LINE('',#58,#14982);
#14980=LINE('',#254,#14983);
#14981=LINE('',#54,#14984);
#14982=VECTOR('',#14985,1.0);
#14983=VECTOR('',#14986,1.0);
#14984=VECTOR('',#14987,1.0);
#14985=DIRECTION('',(0.6260995311716827,0.7797431481369999,0));
#14986=DIRECTION('',(-0.7421435335551781,-0.6702409832308335,0));
#14987=DIRECTION('',(0.44223533172836677,-0.8968990530550812,0));
#14988=FACE_SURFACE('',(#14993),#14989,.T.);
#14989=PLANE('',#14990);
#14990=AXIS2_PLACEMENT_3D('',#62,#14991,#14992);
#14991=DIRECTION('',(-0,-0,1));
#14992=DIRECTION('',(0.9999981415013234,-0.0019279506993749981,0));
#14993=FACE_BOUND('',#14994,.T.);
#14994=EDGE_LOOP('',(#14995,#14996,#14997));
#14995=ORIENTED_EDGE('',*,*,#14998,.T.);
#14996=ORIENTED_EDGE('',*,*,#14999,.T.);
#14997=ORIENTED_EDGE('',*,*,#15000,.T.);
#14998=EDGE_CURVE('',#63,#417,#15001,.F.);
#14999=EDGE_CURVE('',#417,#59,#15002,.T.);
#15000=EDGE_CURVE('',#59,#63,#15003,.T.);
#15001=LINE('',#62,#15004);
#15002=LINE('',#416,#15005);
#15003=LINE('',#58,#15006);
#15004=VECTOR('',#15007,1.0);
#15005=VECTOR('',#15008,1.0);
#15006=VECTOR('',#15009,1.0);
#15007=DIRECTION('',(0.9999981415013234,-0.0019279506993749981,0));
#15008=DIRECTION('',(-0.9995579529609503,0.029730433439734662,0));
#15009=DIRECTION('',(0.32195480484519057,-0.9467550388759994,0));
#15010=FACE_SURFACE('',(#15015),#15011,.T.);
#15011=PLANE('',#15012);
#15012=AXIS2_PLACEMENT_3D('',#66,#15013,#15014);
#15013=DIRECTION('',(0,-0,1));
#15014=DIRECTION('',(0.9996269501273549,0.027312278906799055,0));
#15015=FACE_BOUND('',#15016,.T.);
#15016=EDGE_LOOP('',(#15017,#15018,#15019));
#15017=ORIENTED_EDGE('',*,*,#15020,.T.);
#15018=ORIENTED_EDGE('',*,*,#15021,.T.);
#15019=ORIENTED_EDGE('',*,*,#15022,.T.);
#15020=EDGE_CURVE('',#67,#417,#15023,.F.);
#15021=EDGE_CURVE('',#417,#63,#15024,.T.);
#15022=EDGE_CURVE('',#63,#67,#15025,.T.);
#15023=LINE('',#66,#15026);
#15024=LINE('',#416,#15027);
#15025=LINE('',#62,#15028);
#15026=VECTOR('',#15029,1.0);
#15027=VECTOR('',#15030,1.0);
#15028=VECTOR('',#15031,1.0);
#15029=DIRECTION('',(0.9996269501273549,0.027312278906799055,0));
#15030=DIRECTION('',(-0.9999981415013234,0.0019279506993749981,0));
#15031=DIRECTION('',(0.19501325280893347,-0.9808006072739143,0));
#15032=FACE_SURFACE('',(#15037),#15033,.T.);
#15033=PLANE('',#15034);
#15034=AXIS2_PLACEMENT_3D('',#70,#15035,#15036);
#15035=DIRECTION('',(0,-0,1));
#15036=DIRECTION('',(0.9983659812196367,0.05714339457322992,0));
#15037=FACE_BOUND('',#15038,.T.);
#15038=EDGE_LOOP('',(#15039,#15040,#15041));
#15039=ORIENTED_EDGE('',*,*,#15042,.T.);
#15040=ORIENTED_EDGE('',*,*,#15043,.T.);
#15041=ORIENTED_EDGE('',*,*,#15044,.T.);
#15042=EDGE_CURVE('',#71,#417,#15045,.F.);
#15043=EDGE_CURVE('',#417,#67,#15046,.T.);
#15044=EDGE_CURVE('',#67,#71,#15047,.T.);
#15045=LINE('',#70,#15048);
#15046=LINE('',#416,#15049);
#15047=LINE('',#66,#15050);
#15048=VECTOR('',#15051,1.0);
#15049=VECTOR('',#15052,1.0);
#15050=VECTOR('',#15053,1.0);
#15051=DIRECTION('',(0.9983659812196367,0.05714339457322992,0));
#15052=DIRECTION('',(-0.9996269501273549,-0.027312278906799055,0));
#15053=DIRECTION('',(0.06493530625831719,-0.9978894758444636,0));
#15054=FACE_SURFACE('',(#15059),#15055,.T.);
#15055=PLANE('',#15056);
#15056=AXIS2_PLACEMENT_3D('',#710,#15057,#15058);
#15057=DIRECTION('',(-0.4052574648393572,-0.9142025963603347,0));
#15058=DIRECTION('',(0,0,1));
#15059=FACE_BOUND('',#15060,.T.);
#15060=EDGE_LOOP('',(#15061,#15062,#15063));
#15061=ORIENTED_EDGE('',*,*,#15064,.T.);
#15062=ORIENTED_EDGE('',*,*,#15065,.T.);
#15063=ORIENTED_EDGE('',*,*,#15066,.T.);
#15064=EDGE_CURVE('',#711,#837,#15067,.F.);
#15065=EDGE_CURVE('',#837,#713,#15068,.T.);
#15066=EDGE_CURVE('',#713,#711,#15069,.T.);
#15067=LINE('',#710,#15070);
#15068=LINE('',#836,#15071);
#15069=LINE('',#712,#15072);
#15070=VECTOR('',#15073,1.0);
#15071=VECTOR('',#15074,1.0);
#15072=VECTOR('',#15075,1.0);
#15073=DIRECTION('',(0,0,1));
#15074=DIRECTION('',(-0.10034015535313241,0.044479852870566626,-0.9939584477795447));
#15075=DIRECTION('',(0.9142025963603347,-0.4052574648393572,0));
#15076=FACE_SURFACE('',(#15081),#15077,.T.);
#15077=PLANE('',#15078);
#15078=AXIS2_PLACEMENT_3D('',#830,#15079,#15080);
#15079=DIRECTION('',(-0.4052574648393572,-0.9142025963603347,-0));
#15080=DIRECTION('',(0,0,-1));
#15081=FACE_BOUND('',#15082,.T.);
#15082=EDGE_LOOP('',(#15083,#15084,#15085));
#15083=ORIENTED_EDGE('',*,*,#15086,.T.);
#15084=ORIENTED_EDGE('',*,*,#15087,.T.);
#15085=ORIENTED_EDGE('',*,*,#15088,.T.);
#15086=EDGE_CURVE('',#831,#713,#15089,.F.);
#15087=EDGE_CURVE('',#713,#837,#15090,.T.);
#15088=EDGE_CURVE('',#837,#831,#15091,.T.);
#15089=LINE('',#830,#15092);
#15090=LINE('',#712,#15093);
#15091=LINE('',#836,#15094);
#15092=VECTOR('',#15095,1.0);
#15093=VECTOR('',#15096,1.0);
#15094=VECTOR('',#15097,1.0);
#15095=DIRECTION('',(0,0,-1));
#15096=DIRECTION('',(0.10034015535313241,-0.044479852870566626,0.9939584477795447));
#15097=DIRECTION('',(-0.9142025963603347,0.4052574648393572,0));
#15098=FACE_SURFACE('',(#15103),#15099,.T.);
#15099=PLANE('',#15100);
#15100=AXIS2_PLACEMENT_3D('',#82,#15101,#15102);
#15101=DIRECTION('',(0,0,1));
#15102=DIRECTION('',(-0.44223533172836677,-0.8968990530550812,0));
#15103=FACE_BOUND('',#15104,.T.);
#15104=EDGE_LOOP('',(#15105,#15106,#15107));
#15105=ORIENTED_EDGE('',*,*,#15108,.T.);
#15106=ORIENTED_EDGE('',*,*,#15109,.T.);
#15107=ORIENTED_EDGE('',*,*,#15110,.T.);
#15108=EDGE_CURVE('',#83,#87,#15111,.F.);
#15109=EDGE_CURVE('',#87,#235,#15112,.T.);
#15110=EDGE_CURVE('',#235,#83,#15113,.T.);
#15111=LINE('',#82,#15114);
#15112=LINE('',#86,#15115);
#15113=LINE('',#234,#15116);
#15114=VECTOR('',#15117,1.0);
#15115=VECTOR('',#15118,1.0);
#15116=VECTOR('',#15119,1.0);
#15117=DIRECTION('',(-0.44223533172836677,-0.8968990530550812,0));
#15118=DIRECTION('',(0.7865171293170181,-0.6175684620274233,0));
#15119=DIRECTION('',(-0.6839900913393913,0.729491298748334,0));
#15120=FACE_SURFACE('',(#15125),#15121,.T.);
#15121=PLANE('',#15122);
#15122=AXIS2_PLACEMENT_3D('',#234,#15123,#15124);
#15123=DIRECTION('',(0,-0,1));
#15124=DIRECTION('',(0.9516062923220705,0.3073198080388606,0));
#15125=FACE_BOUND('',#15126,.T.);
#15126=EDGE_LOOP('',(#15127,#15128,#15129));
#15127=ORIENTED_EDGE('',*,*,#15130,.T.);
#15128=ORIENTED_EDGE('',*,*,#15131,.T.);
#15129=ORIENTED_EDGE('',*,*,#15132,.T.);
#15130=EDGE_CURVE('',#235,#417,#15133,.F.);
#15131=EDGE_CURVE('',#417,#83,#15134,.T.);
#15132=EDGE_CURVE('',#83,#235,#15135,.T.);
#15133=LINE('',#234,#15136);
#15134=LINE('',#416,#15137);
#15135=LINE('',#82,#15138);
#15136=VECTOR('',#15139,1.0);
#15137=VECTOR('',#15140,1.0);
#15138=VECTOR('',#15141,1.0);
#15139=DIRECTION('',(0.9516062923220705,0.3073198080388606,0));
#15140=DIRECTION('',(-0.9900321784794109,-0.14084134895445888,0));
#15141=DIRECTION('',(0.6839900913393913,-0.729491298748334,0));
#15142=FACE_SURFACE('',(#15147),#15143,.T.);
#15143=PLANE('',#15144);
#15144=AXIS2_PLACEMENT_3D('',#834,#15145,#15146);
#15145=DIRECTION('',(-0.3594971797233134,-0.9331461717067608,-0));
#15146=DIRECTION('',(-0.9331461717067608,0.3594971797233134,0));
#15147=FACE_BOUND('',#15148,.T.);
#15148=EDGE_LOOP('',(#15149,#15150,#15151));
#15149=ORIENTED_EDGE('',*,*,#15152,.T.);
#15150=ORIENTED_EDGE('',*,*,#15153,.T.);
#15151=ORIENTED_EDGE('',*,*,#15154,.T.);
#15152=EDGE_CURVE('',#835,#837,#15155,.F.);
#15153=EDGE_CURVE('',#837,#709,#15156,.T.);
#15154=EDGE_CURVE('',#709,#835,#15157,.T.);
#15155=LINE('',#834,#15158);
#15156=LINE('',#836,#15159);
#15157=LINE('',#708,#15160);
#15158=VECTOR('',#15161,1.0);
#15159=VECTOR('',#15162,1.0);
#15160=VECTOR('',#15163,1.0);
#15161=DIRECTION('',(-0.9331461717067608,0.3594971797233134,0));
#15162=DIRECTION('',(0.10242736124545074,-0.039460428184462285,-0.9939574992301194));
#15163=DIRECTION('',(0,0,1));
#15164=FACE_SURFACE('',(#15169),#15165,.T.);
#15165=PLANE('',#15166);
#15166=AXIS2_PLACEMENT_3D('',#710,#15167,#15168);
#15167=DIRECTION('',(-0.3594971797233134,-0.9331461717067608,0));
#15168=DIRECTION('',(0.9331461717067608,-0.3594971797233134,0));
#15169=FACE_BOUND('',#15170,.T.);
#15170=EDGE_LOOP('',(#15171,#15172,#15173));
#15171=ORIENTED_EDGE('',*,*,#15174,.T.);
#15172=ORIENTED_EDGE('',*,*,#15175,.T.);
#15173=ORIENTED_EDGE('',*,*,#15176,.T.);
#15174=EDGE_CURVE('',#711,#709,#15177,.F.);
#15175=EDGE_CURVE('',#709,#837,#15178,.T.);
#15176=EDGE_CURVE('',#837,#711,#15179,.T.);
#15177=LINE('',#710,#15180);
#15178=LINE('',#708,#15181);
#15179=LINE('',#836,#15182);
#15180=VECTOR('',#15183,1.0);
#15181=VECTOR('',#15184,1.0);
#15182=VECTOR('',#15185,1.0);
#15183=DIRECTION('',(0.9331461717067608,-0.3594971797233134,0));
#15184=DIRECTION('',(-0.10242736124545074,0.039460428184462285,0.9939574992301194));
#15185=DIRECTION('',(0,0,-1));
#15186=FACE_SURFACE('',(#15191),#15187,.T.);
#15187=PLANE('',#15188);
#15188=AXIS2_PLACEMENT_3D('',#74,#15189,#15190);
#15189=DIRECTION('',(-0,0,1));
#15190=DIRECTION('',(-0.19501325280893347,-0.9808006072739143,0));
#15191=FACE_BOUND('',#15192,.T.);
#15192=EDGE_LOOP('',(#15193,#15194,#15195));
#15193=ORIENTED_EDGE('',*,*,#15196,.T.);
#15194=ORIENTED_EDGE('',*,*,#15197,.T.);
#15195=ORIENTED_EDGE('',*,*,#15198,.T.);
#15196=EDGE_CURVE('',#75,#79,#15199,.F.);
#15197=EDGE_CURVE('',#79,#417,#15200,.T.);
#15198=EDGE_CURVE('',#417,#75,#15201,.T.);
#15199=LINE('',#74,#15202);
#15200=LINE('',#78,#15203);
#15201=LINE('',#416,#15204);
#15202=VECTOR('',#15205,1.0);
#15203=VECTOR('',#15206,1.0);
#15204=VECTOR('',#15207,1.0);
#15205=DIRECTION('',(-0.19501325280893347,-0.9808006072739143,0));
#15206=DIRECTION('',(0.993393737175198,0.11475575341172886,0));
#15207=DIRECTION('',(-0.9962429231313068,-0.08660276041090809,0));
#15208=FACE_SURFACE('',(#15213),#15209,.T.);
#15209=PLANE('',#15210);
#15210=AXIS2_PLACEMENT_3D('',#78,#15211,#15212);
#15211=DIRECTION('',(-0,0,1));
#15212=DIRECTION('',(-0.32195480484519057,-0.9467550388759994,0));
#15213=FACE_BOUND('',#15214,.T.);
#15214=EDGE_LOOP('',(#15215,#15216,#15217));
#15215=ORIENTED_EDGE('',*,*,#15218,.T.);
#15216=ORIENTED_EDGE('',*,*,#15219,.T.);
#15217=ORIENTED_EDGE('',*,*,#15220,.T.);
#15218=EDGE_CURVE('',#79,#83,#15221,.F.);
#15219=EDGE_CURVE('',#83,#417,#15222,.T.);
#15220=EDGE_CURVE('',#417,#79,#15223,.T.);
#15221=LINE('',#78,#15224);
#15222=LINE('',#82,#15225);
#15223=LINE('',#416,#15226);
#15224=VECTOR('',#15227,1.0);
#15225=VECTOR('',#15228,1.0);
#15226=VECTOR('',#15229,1.0);
#15227=DIRECTION('',(-0.32195480484519057,-0.9467550388759994,0));
#15228=DIRECTION('',(0.9900321784794109,0.14084134895445888,0));
#15229=DIRECTION('',(-0.993393737175198,-0.11475575341172886,0));
#15230=FACE_SURFACE('',(#15235),#15231,.T.);
#15231=PLANE('',#15232);
#15232=AXIS2_PLACEMENT_3D('',#86,#15233,#15234);
#15233=DIRECTION('',(0,0,1));
#15234=DIRECTION('',(-0.5549259330159142,-0.8318997589051321,0));
#15235=FACE_BOUND('',#15236,.T.);
#15236=EDGE_LOOP('',(#15237,#15238,#15239));
#15237=ORIENTED_EDGE('',*,*,#15240,.T.);
#15238=ORIENTED_EDGE('',*,*,#15241,.T.);
#15239=ORIENTED_EDGE('',*,*,#15242,.T.);
#15240=EDGE_CURVE('',#87,#991,#15243,.F.);
#15241=EDGE_CURVE('',#991,#235,#15244,.T.);
#15242=EDGE_CURVE('',#235,#87,#15245,.T.);
#15243=LINE('',#86,#15246);
#15244=LINE('',#990,#15247);
#15245=LINE('',#234,#15248);
#15246=VECTOR('',#15249,1.0);
#15247=VECTOR('',#15250,1.0);
#15248=VECTOR('',#15251,1.0);
#15249=DIRECTION('',(-0.5549259330159142,-0.8318997589051321,0));
#15250=DIRECTION('',(0.8757393175381973,-0.482784266228439,0));
#15251=DIRECTION('',(-0.7865171293170181,0.6175684620274233,0));
#15252=FACE_SURFACE('',(#15257),#15253,.T.);
#15253=PLANE('',#15254);
#15254=AXIS2_PLACEMENT_3D('',#838,#15255,#15256);
#15255=DIRECTION('',(-0.3137788568677503,-0.949496092136649,0));
#15256=DIRECTION('',(-0.949496092136649,0.31377885686775026,0));
#15257=FACE_BOUND('',#15258,.T.);
#15258=EDGE_LOOP('',(#15259,#15260,#15261));
#15259=ORIENTED_EDGE('',*,*,#15262,.T.);
#15260=ORIENTED_EDGE('',*,*,#15263,.T.);
#15261=ORIENTED_EDGE('',*,*,#15264,.T.);
#15262=EDGE_CURVE('',#839,#835,#15265,.F.);
#15263=EDGE_CURVE('',#835,#709,#15266,.T.);
#15264=EDGE_CURVE('',#709,#839,#15267,.T.);
#15265=LINE('',#838,#15268);
#15266=LINE('',#834,#15269);
#15267=LINE('',#708,#15270);
#15268=VECTOR('',#15271,1.0);
#15269=VECTOR('',#15272,1.0);
#15270=VECTOR('',#15273,1.0);
#15271=DIRECTION('',(-0.949496092136649,0.31377885686775026,0));
#15272=DIRECTION('',(0,0,-1));
#15273=DIRECTION('',(0.1042165169707162,-0.0344403097944542,0.9939581392854301));
#15274=FACE_SURFACE('',(#15279),#15275,.T.);
#15275=PLANE('',#15276);
#15276=AXIS2_PLACEMENT_3D('',#152,#15277,#15278);
#15277=DIRECTION('',(0,0,1));
#15278=DIRECTION('',(-0.998956616478447,-0.0456692280855823,0));
#15279=FACE_BOUND('',#15280,.T.);
#15280=EDGE_LOOP('',(#15281,#15282,#15283));
#15281=ORIENTED_EDGE('',*,*,#15284,.T.);
#15282=ORIENTED_EDGE('',*,*,#15285,.T.);
#15283=ORIENTED_EDGE('',*,*,#15286,.T.);
#15284=EDGE_CURVE('',#153,#241,#15287,.F.);
#15285=EDGE_CURVE('',#241,#149,#15288,.T.);
#15286=EDGE_CURVE('',#149,#153,#15289,.T.);
#15287=LINE('',#152,#15290);
#15288=LINE('',#240,#15291);
#15289=LINE('',#148,#15292);
#15290=VECTOR('',#15293,1.0);
#15291=VECTOR('',#15294,1.0);
#15292=VECTOR('',#15295,1.0);
#15293=DIRECTION('',(-0.998956616478447,-0.0456692280855823,0));
#15294=DIRECTION('',(0.9999546856662919,0.009519801154824488,0));
#15295=DIRECTION('',(-0.980798794165731,0.1950223714424785,0));
#15296=FACE_SURFACE('',(#15301),#15297,.T.);
#15297=PLANE('',#15298);
#15298=AXIS2_PLACEMENT_3D('',#150,#15299,#15300);
#15299=DIRECTION('',(0,0,1));
#15300=DIRECTION('',(-0.9978898757953395,0.06492915974477163,0));
#15301=FACE_BOUND('',#15302,.T.);
#15302=EDGE_LOOP('',(#15303,#15304,#15305));
#15303=ORIENTED_EDGE('',*,*,#15306,.T.);
#15304=ORIENTED_EDGE('',*,*,#15307,.T.);
#15305=ORIENTED_EDGE('',*,*,#15308,.T.);
#15306=EDGE_CURVE('',#151,#149,#15309,.F.);
#15307=EDGE_CURVE('',#149,#241,#15310,.T.);
#15308=EDGE_CURVE('',#241,#151,#15311,.T.);
#15309=LINE('',#150,#15312);
#15310=LINE('',#148,#15313);
#15311=LINE('',#240,#15314);
#15312=VECTOR('',#15315,1.0);
#15313=VECTOR('',#15316,1.0);
#15314=VECTOR('',#15317,1.0);
#15315=DIRECTION('',(-0.9978898757953395,0.06492915974477163,0));
#15316=DIRECTION('',(-0.9999546856662919,-0.009519801154824488,0));
#15317=DIRECTION('',(1,0,0));
#15318=FACE_SURFACE('',(#15323),#15319,.T.);
#15319=PLANE('',#15320);
#15320=AXIS2_PLACEMENT_3D('',#714,#15321,#15322);
#15321=DIRECTION('',(0.32144985998375936,0.9469266009128804,-0));
#15322=DIRECTION('',(0,0,1));
#15323=FACE_BOUND('',#15324,.T.);
#15324=EDGE_LOOP('',(#15325,#15326,#15327));
#15325=ORIENTED_EDGE('',*,*,#15328,.T.);
#15326=ORIENTED_EDGE('',*,*,#15329,.T.);
#15327=ORIENTED_EDGE('',*,*,#15330,.T.);
#15328=EDGE_CURVE('',#715,#949,#15331,.F.);
#15329=EDGE_CURVE('',#949,#707,#15332,.T.);
#15330=EDGE_CURVE('',#707,#715,#15333,.T.);
#15331=LINE('',#714,#15334);
#15332=LINE('',#948,#15335);
#15333=LINE('',#706,#15336);
#15334=VECTOR('',#15337,1.0);
#15335=VECTOR('',#15338,1.0);
#15336=VECTOR('',#15339,1.0);
#15337=DIRECTION('',(0,0,1));
#15338=DIRECTION('',(0.2687469530896009,-0.09123058783904849,-0.9588806260674984));
#15339=DIRECTION('',(-0.9469266009128804,0.32144985998375936,0));
#15340=FACE_SURFACE('',(#15345),#15341,.T.);
#15341=PLANE('',#15342);
#15342=AXIS2_PLACEMENT_3D('',#154,#15343,#15344);
#15343=DIRECTION('',(0,0,1));
#15344=DIRECTION('',(-0.9924602135890094,-0.12256722417864357,0));
#15345=FACE_BOUND('',#15346,.T.);
#15346=EDGE_LOOP('',(#15347,#15348,#15349));
#15347=ORIENTED_EDGE('',*,*,#15350,.T.);
#15348=ORIENTED_EDGE('',*,*,#15351,.T.);
#15349=ORIENTED_EDGE('',*,*,#15352,.T.);
#15350=EDGE_CURVE('',#155,#241,#15353,.F.);
#15351=EDGE_CURVE('',#241,#153,#15354,.T.);
#15352=EDGE_CURVE('',#153,#155,#15355,.T.);
#15353=LINE('',#154,#15356);
#15354=LINE('',#240,#15357);
#15355=LINE('',#152,#15358);
#15356=VECTOR('',#15359,1.0);
#15357=VECTOR('',#15360,1.0);
#15358=VECTOR('',#15361,1.0);
#15359=DIRECTION('',(-0.9924602135890094,-0.12256722417864357,0));
#15360=DIRECTION('',(0.998956616478447,0.0456692280855823,0));
#15361=DIRECTION('',(-0.9467581937280892,0.3219455273935731,0));
#15362=FACE_SURFACE('',(#15367),#15363,.T.);
#15363=PLANE('',#15364);
#15364=AXIS2_PLACEMENT_3D('',#716,#15365,#15366);
#15365=DIRECTION('',(0.44230139127578105,0.8968664779528268,-0));
#15366=DIRECTION('',(0,0,1));
#15367=FACE_BOUND('',#15368,.T.);
#15368=EDGE_LOOP('',(#15369,#15370,#15371));
#15369=ORIENTED_EDGE('',*,*,#15372,.T.);
#15370=ORIENTED_EDGE('',*,*,#15373,.T.);
#15371=ORIENTED_EDGE('',*,*,#15374,.T.);
#15372=EDGE_CURVE('',#717,#993,#15375,.F.);
#15373=EDGE_CURVE('',#993,#949,#15376,.T.);
#15374=EDGE_CURVE('',#949,#717,#15377,.T.);
#15375=LINE('',#716,#15378);
#15376=LINE('',#992,#15379);
#15377=LINE('',#948,#15380);
#15378=VECTOR('',#15381,1.0);
#15379=VECTOR('',#15382,1.0);
#15380=VECTOR('',#15383,1.0);
#15381=DIRECTION('',(0,0,1));
#15382=DIRECTION('',(0.8968664779528267,-0.44230139127578105,0));
#15383=DIRECTION('',(-0.2545654656924534,0.12554227682089988,-0.9588720250416156));
#15384=FACE_SURFACE('',(#15389),#15385,.T.);
#15385=PLANE('',#15386);
#15386=AXIS2_PLACEMENT_3D('',#716,#15387,#15388);
#15387=DIRECTION('',(0.44230139127578105,0.8968664779528268,0));
#15388=DIRECTION('',(0.2545654656924534,-0.12554227682089988,0.9588720250416156));
#15389=FACE_BOUND('',#15390,.T.);
#15390=EDGE_LOOP('',(#15391,#15392,#15393));
#15391=ORIENTED_EDGE('',*,*,#15394,.T.);
#15392=ORIENTED_EDGE('',*,*,#15395,.T.);
#15393=ORIENTED_EDGE('',*,*,#15396,.T.);
#15394=EDGE_CURVE('',#717,#949,#15397,.F.);
#15395=EDGE_CURVE('',#949,#715,#15398,.T.);
#15396=EDGE_CURVE('',#715,#717,#15399,.T.);
#15397=LINE('',#716,#15400);
#15398=LINE('',#948,#15401);
#15399=LINE('',#714,#15402);
#15400=VECTOR('',#15403,1.0);
#15401=VECTOR('',#15404,1.0);
#15402=VECTOR('',#15405,1.0);
#15403=DIRECTION('',(0.2545654656924534,-0.12554227682089988,0.9588720250416156));
#15404=DIRECTION('',(0,0,-1));
#15405=DIRECTION('',(-0.8968664779528267,0.44230139127578105,0));
#15406=FACE_SURFACE('',(#15411),#15407,.T.);
#15407=PLANE('',#15408);
#15408=AXIS2_PLACEMENT_3D('',#156,#15409,#15410);
#15409=DIRECTION('',(0,0,1));
#15410=DIRECTION('',(-0.96564347422506,-0.2598705075351103,0));
#15411=FACE_BOUND('',#15412,.T.);
#15412=EDGE_LOOP('',(#15413,#15414,#15415));
#15413=ORIENTED_EDGE('',*,*,#15416,.T.);
#15414=ORIENTED_EDGE('',*,*,#15417,.T.);
#15415=ORIENTED_EDGE('',*,*,#15418,.T.);
#15416=EDGE_CURVE('',#157,#241,#15419,.F.);
#15417=EDGE_CURVE('',#241,#155,#15420,.T.);
#15418=EDGE_CURVE('',#155,#157,#15421,.T.);
#15419=LINE('',#156,#15422);
#15420=LINE('',#240,#15423);
#15421=LINE('',#154,#15424);
#15422=VECTOR('',#15425,1.0);
#15423=VECTOR('',#15426,1.0);
#15424=VECTOR('',#15427,1.0);
#15425=DIRECTION('',(-0.96564347422506,-0.2598705075351103,0));
#15426=DIRECTION('',(0.9924602135890094,0.12256722417864357,0));
#15427=DIRECTION('',(-0.8968918569094566,0.44224992595760443,0));
#15428=FACE_SURFACE('',(#15433),#15429,.T.);
#15429=PLANE('',#15430);
#15430=AXIS2_PLACEMENT_3D('',#158,#15431,#15432);
#15431=DIRECTION('',(0,0,1));
#15432=DIRECTION('',(-0.8829424730249912,-0.46948119166641017,0));
#15433=FACE_BOUND('',#15434,.T.);
#15434=EDGE_LOOP('',(#15435,#15436,#15437));
#15435=ORIENTED_EDGE('',*,*,#15438,.T.);
#15436=ORIENTED_EDGE('',*,*,#15439,.T.);
#15437=ORIENTED_EDGE('',*,*,#15440,.T.);
#15438=EDGE_CURVE('',#159,#241,#15441,.F.);
#15439=EDGE_CURVE('',#241,#157,#15442,.T.);
#15440=EDGE_CURVE('',#157,#159,#15443,.T.);
#15441=LINE('',#158,#15444);
#15442=LINE('',#240,#15445);
#15443=LINE('',#156,#15446);
#15444=VECTOR('',#15447,1.0);
#15445=VECTOR('',#15448,1.0);
#15446=VECTOR('',#15449,1.0);
#15447=DIRECTION('',(-0.8829424730249912,-0.46948119166641017,0));
#15448=DIRECTION('',(0.96564347422506,0.2598705075351103,0));
#15449=DIRECTION('',(-0.831906769736938,0.5549154228041003,0));
#15450=FACE_SURFACE('',(#15455),#15451,.T.);
#15451=PLANE('',#15452);
#15452=AXIS2_PLACEMENT_3D('',#724,#15453,#15454);
#15453=DIRECTION('',(0.5555612860625667,0.8314755903984836,-0));
#15454=DIRECTION('',(0,0,1));
#15455=FACE_BOUND('',#15456,.T.);
#15456=EDGE_LOOP('',(#15457,#15458,#15459));
#15457=ORIENTED_EDGE('',*,*,#15460,.T.);
#15458=ORIENTED_EDGE('',*,*,#15461,.T.);
#15459=ORIENTED_EDGE('',*,*,#15462,.T.);
#15460=EDGE_CURVE('',#725,#887,#15463,.F.);
#15461=EDGE_CURVE('',#887,#993,#15464,.T.);
#15462=EDGE_CURVE('',#993,#725,#15465,.T.);
#15463=LINE('',#724,#15466);
#15464=LINE('',#886,#15467);
#15465=LINE('',#992,#15468);
#15466=VECTOR('',#15469,1.0);
#15467=VECTOR('',#15470,1.0);
#15468=VECTOR('',#15471,1.0);
#15469=DIRECTION('',(0,0,1));
#15470=DIRECTION('',(0.8314755903984836,-0.5555612860625667,0));
#15471=DIRECTION('',(-0.2359974159927296,0.1576847588195928,-0.9588747240806597));
#15472=FACE_SURFACE('',(#15477),#15473,.T.);
#15473=PLANE('',#15474);
#15474=AXIS2_PLACEMENT_3D('',#724,#15475,#15476);
#15475=DIRECTION('',(0.5555612860625667,0.8314755903984836,0));
#15476=DIRECTION('',(0.2359974159927296,-0.1576847588195928,0.9588747240806597));
#15477=FACE_BOUND('',#15478,.T.);
#15478=EDGE_LOOP('',(#15479,#15480,#15481));
#15479=ORIENTED_EDGE('',*,*,#15482,.T.);
#15480=ORIENTED_EDGE('',*,*,#15483,.T.);
#15481=ORIENTED_EDGE('',*,*,#15484,.T.);
#15482=EDGE_CURVE('',#725,#993,#15485,.F.);
#15483=EDGE_CURVE('',#993,#717,#15486,.T.);
#15484=EDGE_CURVE('',#717,#725,#15487,.T.);
#15485=LINE('',#724,#15488);
#15486=LINE('',#992,#15489);
#15487=LINE('',#716,#15490);
#15488=VECTOR('',#15491,1.0);
#15489=VECTOR('',#15492,1.0);
#15490=VECTOR('',#15493,1.0);
#15491=DIRECTION('',(0.2359974159927296,-0.1576847588195928,0.9588747240806597));
#15492=DIRECTION('',(0,0,-1));
#15493=DIRECTION('',(-0.8314755903984836,0.5555612860625667,0));
#15494=FACE_SURFACE('',(#15499),#15495,.T.);
#15495=PLANE('',#15496);
#15496=AXIS2_PLACEMENT_3D('',#160,#15497,#15498);
#15497=DIRECTION('',(0,0,1));
#15498=DIRECTION('',(-0.703607049282271,-0.7105892767276295,0));
#15499=FACE_BOUND('',#15500,.T.);
#15500=EDGE_LOOP('',(#15501,#15502,#15503));
#15501=ORIENTED_EDGE('',*,*,#15504,.T.);
#15502=ORIENTED_EDGE('',*,*,#15505,.T.);
#15503=ORIENTED_EDGE('',*,*,#15506,.T.);
#15504=EDGE_CURVE('',#161,#241,#15507,.F.);
#15505=EDGE_CURVE('',#241,#159,#15508,.T.);
#15506=EDGE_CURVE('',#159,#161,#15509,.T.);
#15507=LINE('',#160,#15510);
#15508=LINE('',#240,#15511);
#15509=LINE('',#158,#15512);
#15510=VECTOR('',#15513,1.0);
#15511=VECTOR('',#15514,1.0);
#15512=VECTOR('',#15515,1.0);
#15513=DIRECTION('',(-0.703607049282271,-0.7105892767276295,0));
#15514=DIRECTION('',(0.8829424730249912,0.46948119166641017,0));
#15515=DIRECTION('',(-0.751923604214129,0.659250250986402,0));
#15516=FACE_SURFACE('',(#15521),#15517,.T.);
#15517=PLANE('',#15518);
#15518=AXIS2_PLACEMENT_3D('',#724,#15519,#15520);
#15519=DIRECTION('',(0.6593725543328769,0.7518163569599542,-0));
#15520=DIRECTION('',(-0.21339132322678842,0.18715259460099076,0.958873322971099));
#15521=FACE_BOUND('',#15522,.T.);
#15522=EDGE_LOOP('',(#15523,#15524,#15525));
#15523=ORIENTED_EDGE('',*,*,#15526,.T.);
#15524=ORIENTED_EDGE('',*,*,#15527,.T.);
#15525=ORIENTED_EDGE('',*,*,#15528,.T.);
#15526=EDGE_CURVE('',#725,#889,#15529,.F.);
#15527=EDGE_CURVE('',#889,#887,#15530,.T.);
#15528=EDGE_CURVE('',#887,#725,#15531,.T.);
#15529=LINE('',#724,#15532);
#15530=LINE('',#888,#15533);
#15531=LINE('',#886,#15534);
#15532=VECTOR('',#15535,1.0);
#15533=VECTOR('',#15536,1.0);
#15534=VECTOR('',#15537,1.0);
#15535=DIRECTION('',(-0.21339132322678842,0.18715259460099076,0.958873322971099));
#15536=DIRECTION('',(0.7518163569599541,-0.6593725543328769,0));
#15537=DIRECTION('',(0,0,-1));
#15538=FACE_SURFACE('',(#15543),#15539,.T.);
#15539=PLANE('',#15540);
#15540=AXIS2_PLACEMENT_3D('',#162,#15541,#15542);
#15541=DIRECTION('',(0,0,1));
#15542=DIRECTION('',(-0.46167393759402153,-0.8870497028613625,0));
#15543=FACE_BOUND('',#15544,.T.);
#15544=EDGE_LOOP('',(#15545,#15546,#15547));
#15545=ORIENTED_EDGE('',*,*,#15548,.T.);
#15546=ORIENTED_EDGE('',*,*,#15549,.T.);
#15547=ORIENTED_EDGE('',*,*,#15550,.T.);
#15548=EDGE_CURVE('',#163,#241,#15551,.F.);
#15549=EDGE_CURVE('',#241,#161,#15552,.T.);
#15550=EDGE_CURVE('',#161,#163,#15553,.T.);
#15551=LINE('',#162,#15554);
#15552=LINE('',#240,#15555);
#15553=LINE('',#160,#15556);
#15554=VECTOR('',#15557,1.0);
#15555=VECTOR('',#15558,1.0);
#15556=VECTOR('',#15559,1.0);
#15557=DIRECTION('',(-0.46167393759402153,-0.8870497028613625,0));
#15558=DIRECTION('',(0.703607049282271,0.7105892767276295,0));
#15559=DIRECTION('',(-0.6592463836243898,0.7519269949125139,0));
#15560=FACE_SURFACE('',(#15565),#15561,.T.);
#15561=PLANE('',#15562);
#15562=AXIS2_PLACEMENT_3D('',#240,#15563,#15564);
#15563=DIRECTION('',(0,0,1));
#15564=DIRECTION('',(0.46167393759402153,0.8870497028613625,0));
#15565=FACE_BOUND('',#15566,.T.);
#15566=EDGE_LOOP('',(#15567,#15568,#15569));
#15567=ORIENTED_EDGE('',*,*,#15570,.T.);
#15568=ORIENTED_EDGE('',*,*,#15571,.T.);
#15569=ORIENTED_EDGE('',*,*,#15572,.T.);
#15570=EDGE_CURVE('',#241,#163,#15573,.F.);
#15571=EDGE_CURVE('',#163,#165,#15574,.T.);
#15572=EDGE_CURVE('',#165,#241,#15575,.T.);
#15573=LINE('',#240,#15576);
#15574=LINE('',#162,#15577);
#15575=LINE('',#164,#15578);
#15576=VECTOR('',#15579,1.0);
#15577=VECTOR('',#15580,1.0);
#15578=VECTOR('',#15581,1.0);
#15579=DIRECTION('',(0.46167393759402153,0.8870497028613625,0));
#15580=DIRECTION('',(-0.5549271937711396,0.8318989179060686,0));
#15581=DIRECTION('',(-0.253279160800705,-0.9673932327156785,0));
#15582=FACE_SURFACE('',(#15587),#15583,.T.);
#15583=PLANE('',#15584);
#15584=AXIS2_PLACEMENT_3D('',#176,#15585,#15586);
#15585=DIRECTION('',(0,0,1));
#15586=DIRECTION('',(-0.9759702837841439,-0.21790366029577798,0));
#15587=FACE_BOUND('',#15588,.T.);
#15588=EDGE_LOOP('',(#15589,#15590,#15591));
#15589=ORIENTED_EDGE('',*,*,#15592,.T.);
#15590=ORIENTED_EDGE('',*,*,#15593,.T.);
#15591=ORIENTED_EDGE('',*,*,#15594,.T.);
#15592=EDGE_CURVE('',#177,#821,#15595,.F.);
#15593=EDGE_CURVE('',#821,#165,#15596,.T.);
#15594=EDGE_CURVE('',#165,#177,#15597,.T.);
#15595=LINE('',#176,#15598);
#15596=LINE('',#820,#15599);
#15597=LINE('',#164,#15600);
#15598=VECTOR('',#15601,1.0);
#15599=VECTOR('',#15602,1.0);
#15600=VECTOR('',#15603,1.0);
#15601=DIRECTION('',(-0.9759702837841439,-0.21790366029577798,0));
#15602=DIRECTION('',(0.981680989248995,0.19053197985407702,0));
#15603=DIRECTION('',(-0.4422367972416186,0.896898330450824,0));
#15604=FACE_SURFACE('',(#15609),#15605,.T.);
#15605=PLANE('',#15606);
#15606=AXIS2_PLACEMENT_3D('',#992,#15607,#15608);
#15607=DIRECTION('',(0,0,-1));
#15608=DIRECTION('',(0.4444716889648964,0.8957928988938751,0));
#15609=FACE_BOUND('',#15610,.T.);
#15610=EDGE_LOOP('',(#15611,#15612,#15613));
#15611=ORIENTED_EDGE('',*,*,#15614,.T.);
#15612=ORIENTED_EDGE('',*,*,#15615,.T.);
#15613=ORIENTED_EDGE('',*,*,#15616,.T.);
#15614=EDGE_CURVE('',#993,#119,#15617,.F.);
#15615=EDGE_CURVE('',#119,#949,#15618,.T.);
#15616=EDGE_CURVE('',#949,#993,#15619,.T.);
#15617=LINE('',#992,#15620);
#15618=LINE('',#118,#15621);
#15619=LINE('',#948,#15622);
#15620=VECTOR('',#15623,1.0);
#15621=VECTOR('',#15624,1.0);
#15622=VECTOR('',#15625,1.0);
#15623=DIRECTION('',(0.4444716889648964,0.8957928988938751,0));
#15624=DIRECTION('',(-0.26041170333633945,-0.9654976668876349,0));
#15625=DIRECTION('',(-0.8968664779528267,0.44230139127578105,0));
#15626=FACE_SURFACE('',(#15631),#15627,.T.);
#15627=PLANE('',#15628);
#15628=AXIS2_PLACEMENT_3D('',#886,#15629,#15630);
#15629=DIRECTION('',(0,0,-1));
#15630=DIRECTION('',(0.6139332517948533,0.7893579431035056,0));
#15631=FACE_BOUND('',#15632,.T.);
#15632=EDGE_LOOP('',(#15633,#15634,#15635));
#15633=ORIENTED_EDGE('',*,*,#15636,.T.);
#15634=ORIENTED_EDGE('',*,*,#15637,.T.);
#15635=ORIENTED_EDGE('',*,*,#15638,.T.);
#15636=EDGE_CURVE('',#887,#119,#15639,.F.);
#15637=EDGE_CURVE('',#119,#993,#15640,.T.);
#15638=EDGE_CURVE('',#993,#887,#15641,.T.);
#15639=LINE('',#886,#15642);
#15640=LINE('',#118,#15643);
#15641=LINE('',#992,#15644);
#15642=VECTOR('',#15645,1.0);
#15643=VECTOR('',#15646,1.0);
#15644=VECTOR('',#15647,1.0);
#15645=DIRECTION('',(0.6139332517948533,0.7893579431035056,0));
#15646=DIRECTION('',(-0.4444716889648964,-0.8957928988938751,0));
#15647=DIRECTION('',(-0.8314755903984836,0.5555612860625667,0));
#15648=FACE_SURFACE('',(#15653),#15649,.T.);
#15649=PLANE('',#15650);
#15650=AXIS2_PLACEMENT_3D('',#234,#15651,#15652);
#15651=DIRECTION('',(0,0,1));
#15652=DIRECTION('',(-0.9977136889513742,0.06758250423771198,0));
#15653=FACE_BOUND('',#15654,.T.);
#15654=EDGE_LOOP('',(#15655,#15656,#15657));
#15655=ORIENTED_EDGE('',*,*,#15658,.T.);
#15656=ORIENTED_EDGE('',*,*,#15659,.T.);
#15657=ORIENTED_EDGE('',*,*,#15660,.T.);
#15658=EDGE_CURVE('',#235,#167,#15661,.F.);
#15659=EDGE_CURVE('',#167,#169,#15662,.T.);
#15660=EDGE_CURVE('',#169,#235,#15663,.T.);
#15661=LINE('',#234,#15664);
#15662=LINE('',#166,#15665);
#15663=LINE('',#168,#15666);
#15664=VECTOR('',#15667,1.0);
#15665=VECTOR('',#15668,1.0);
#15666=VECTOR('',#15669,1.0);
#15667=DIRECTION('',(-0.9977136889513742,0.06758250423771198,0));
#15668=DIRECTION('',(-0.9467581937280892,-0.3219455273935731,0));
#15669=DIRECTION('',(0.9996321669638016,-0.02712067055318195,0));
#15670=FACE_SURFACE('',(#15675),#15671,.T.);
#15671=PLANE('',#15672);
#15672=AXIS2_PLACEMENT_3D('',#234,#15673,#15674);
#15673=DIRECTION('',(0,0,1));
#15674=DIRECTION('',(-0.9996321669638016,0.02712067055318195,0));
#15675=FACE_BOUND('',#15676,.T.);
#15676=EDGE_LOOP('',(#15677,#15678,#15679));
#15677=ORIENTED_EDGE('',*,*,#15680,.T.);
#15678=ORIENTED_EDGE('',*,*,#15681,.T.);
#15679=ORIENTED_EDGE('',*,*,#15682,.T.);
#15680=EDGE_CURVE('',#235,#169,#15683,.F.);
#15681=EDGE_CURVE('',#169,#171,#15684,.T.);
#15682=EDGE_CURVE('',#171,#235,#15685,.T.);
#15683=LINE('',#234,#15686);
#15684=LINE('',#168,#15687);
#15685=LINE('',#170,#15688);
#15686=VECTOR('',#15689,1.0);
#15687=VECTOR('',#15690,1.0);
#15688=VECTOR('',#15691,1.0);
#15689=DIRECTION('',(-0.9996321669638016,0.02712067055318195,0));
#15690=DIRECTION('',(-0.980798794165731,-0.1950223714424785,0));
#15691=DIRECTION('',(0.9999819314171123,-0.00601139245946356,0));
#15692=FACE_SURFACE('',(#15697),#15693,.T.);
#15693=PLANE('',#15694);
#15694=AXIS2_PLACEMENT_3D('',#234,#15695,#15696);
#15695=DIRECTION('',(0,0,1));
#15696=DIRECTION('',(-0.9999819314171123,0.00601139245946356,0));
#15697=FACE_BOUND('',#15698,.T.);
#15698=EDGE_LOOP('',(#15699,#15700,#15701));
#15699=ORIENTED_EDGE('',*,*,#15702,.T.);
#15700=ORIENTED_EDGE('',*,*,#15703,.T.);
#15701=ORIENTED_EDGE('',*,*,#15704,.T.);
#15702=EDGE_CURVE('',#235,#171,#15705,.F.);
#15703=EDGE_CURVE('',#171,#173,#15706,.T.);
#15704=EDGE_CURVE('',#173,#235,#15707,.T.);
#15705=LINE('',#234,#15708);
#15706=LINE('',#170,#15709);
#15707=LINE('',#172,#15710);
#15708=VECTOR('',#15711,1.0);
#15709=VECTOR('',#15712,1.0);
#15710=VECTOR('',#15713,1.0);
#15711=DIRECTION('',(-0.9999819314171123,0.00601139245946356,0));
#15712=DIRECTION('',(-0.9978898757953395,-0.06492915974477163,0));
#15713=DIRECTION('',(1,0,0));
#15714=FACE_SURFACE('',(#15719),#15715,.T.);
#15715=PLANE('',#15716);
#15716=AXIS2_PLACEMENT_3D('',#748,#15717,#15718);
#15717=DIRECTION('',(-0.8702438621798989,-0.4926211732540666,0));
#15718=DIRECTION('',(0.4926211732540667,-0.8702438621798988,0));
#15719=FACE_BOUND('',#15720,.T.);
#15720=EDGE_LOOP('',(#15721,#15722,#15723));
#15721=ORIENTED_EDGE('',*,*,#15724,.T.);
#15722=ORIENTED_EDGE('',*,*,#15725,.T.);
#15723=ORIENTED_EDGE('',*,*,#15726,.T.);
#15724=EDGE_CURVE('',#749,#747,#15727,.F.);
#15725=EDGE_CURVE('',#747,#847,#15728,.T.);
#15726=EDGE_CURVE('',#847,#749,#15729,.T.);
#15727=LINE('',#748,#15730);
#15728=LINE('',#746,#15731);
#15729=LINE('',#846,#15732);
#15730=VECTOR('',#15733,1.0);
#15731=VECTOR('',#15734,1.0);
#15732=VECTOR('',#15735,1.0);
#15733=DIRECTION('',(0.4926211732540667,-0.8702438621798988,0));
#15734=DIRECTION('',(0,0,1));
#15735=DIRECTION('',(-0.05407080649569211,0.09551921442021498,-0.9939579606610384));
#15736=FACE_SURFACE('',(#15741),#15737,.T.);
#15737=PLANE('',#15738);
#15738=AXIS2_PLACEMENT_3D('',#748,#15739,#15740);
#15739=DIRECTION('',(-0.8702438621798989,-0.4926211732540666,0));
#15740=DIRECTION('',(0.05407080649569211,-0.09551921442021498,0.9939579606610384));
#15741=FACE_BOUND('',#15742,.T.);
#15742=EDGE_LOOP('',(#15743,#15744,#15745));
#15743=ORIENTED_EDGE('',*,*,#15746,.T.);
#15744=ORIENTED_EDGE('',*,*,#15747,.T.);
#15745=ORIENTED_EDGE('',*,*,#15748,.T.);
#15746=EDGE_CURVE('',#749,#847,#15749,.F.);
#15747=EDGE_CURVE('',#847,#849,#15750,.T.);
#15748=EDGE_CURVE('',#849,#749,#15751,.T.);
#15749=LINE('',#748,#15752);
#15750=LINE('',#846,#15753);
#15751=LINE('',#848,#15754);
#15752=VECTOR('',#15755,1.0);
#15753=VECTOR('',#15756,1.0);
#15754=VECTOR('',#15757,1.0);
#15755=DIRECTION('',(0.05407080649569211,-0.09551921442021498,0.9939579606610384));
#15756=DIRECTION('',(-0.4926211732540667,0.8702438621798988,0));
#15757=DIRECTION('',(0,0,-1));
#15758=FACE_SURFACE('',(#15763),#15759,.T.);
#15759=PLANE('',#15760);
#15760=AXIS2_PLACEMENT_3D('',#746,#15761,#15762);
#15761=DIRECTION('',(-0.8447783760009723,-0.5351163382304448,0));
#15762=DIRECTION('',(0.5351163382304448,-0.8447783760009723,0));
#15763=FACE_BOUND('',#15764,.T.);
#15764=EDGE_LOOP('',(#15765,#15766,#15767));
#15765=ORIENTED_EDGE('',*,*,#15768,.T.);
#15766=ORIENTED_EDGE('',*,*,#15769,.T.);
#15767=ORIENTED_EDGE('',*,*,#15770,.T.);
#15768=EDGE_CURVE('',#747,#745,#15771,.F.);
#15769=EDGE_CURVE('',#745,#847,#15772,.T.);
#15770=EDGE_CURVE('',#847,#747,#15773,.T.);
#15771=LINE('',#746,#15774);
#15772=LINE('',#744,#15775);
#15773=LINE('',#846,#15776);
#15774=VECTOR('',#15777,1.0);
#15775=VECTOR('',#15778,1.0);
#15776=VECTOR('',#15779,1.0);
#15777=DIRECTION('',(0.5351163382304448,-0.8447783760009723,0));
#15778=DIRECTION('',(-0.05874315737906347,0.09273674815453696,0.993956305379095));
#15779=DIRECTION('',(0,0,-1));
#15780=FACE_SURFACE('',(#15785),#15781,.T.);
#15781=PLANE('',#15782);
#15782=AXIS2_PLACEMENT_3D('',#180,#15783,#15784);
#15783=DIRECTION('',(0,0,1));
#15784=DIRECTION('',(-0.9692692921069167,-0.24600211254897125,0));
#15785=FACE_BOUND('',#15786,.T.);
#15786=EDGE_LOOP('',(#15787,#15788,#15789));
#15787=ORIENTED_EDGE('',*,*,#15790,.T.);
#15788=ORIENTED_EDGE('',*,*,#15791,.T.);
#15789=ORIENTED_EDGE('',*,*,#15792,.T.);
#15790=EDGE_CURVE('',#181,#821,#15793,.F.);
#15791=EDGE_CURVE('',#821,#177,#15794,.T.);
#15792=EDGE_CURVE('',#177,#181,#15795,.T.);
#15793=LINE('',#180,#15796);
#15794=LINE('',#820,#15797);
#15795=LINE('',#176,#15798);
#15796=VECTOR('',#15799,1.0);
#15797=VECTOR('',#15800,1.0);
#15798=VECTOR('',#15801,1.0);
#15799=DIRECTION('',(-0.9692692921069167,-0.24600211254897125,0));
#15800=DIRECTION('',(0.9759702837841439,0.21790366029577798,0));
#15801=DIRECTION('',(-0.3219531715267602,0.9467555943029122,0));
#15802=FACE_SURFACE('',(#15807),#15803,.T.);
#15803=PLANE('',#15804);
#15804=AXIS2_PLACEMENT_3D('',#846,#15805,#15806);
#15805=DIRECTION('',(-0.8447783760009723,-0.5351163382304448,0));
#15806=DIRECTION('',(0.05874315737906347,-0.09273674815453696,-0.993956305379095));
#15807=FACE_BOUND('',#15808,.T.);
#15808=EDGE_LOOP('',(#15809,#15810,#15811));
#15809=ORIENTED_EDGE('',*,*,#15812,.T.);
#15810=ORIENTED_EDGE('',*,*,#15813,.T.);
#15811=ORIENTED_EDGE('',*,*,#15814,.T.);
#15812=EDGE_CURVE('',#847,#745,#15815,.F.);
#15813=EDGE_CURVE('',#745,#851,#15816,.T.);
#15814=EDGE_CURVE('',#851,#847,#15817,.T.);
#15815=LINE('',#846,#15818);
#15816=LINE('',#744,#15819);
#15817=LINE('',#850,#15820);
#15818=VECTOR('',#15821,1.0);
#15819=VECTOR('',#15822,1.0);
#15820=VECTOR('',#15823,1.0);
#15821=DIRECTION('',(0.05874315737906347,-0.09273674815453696,-0.993956305379095));
#15822=DIRECTION('',(0,0,1));
#15823=DIRECTION('',(-0.5351163382304448,0.8447783760009723,0));
#15824=FACE_SURFACE('',(#15829),#15825,.T.);
#15825=PLANE('',#15826);
#15826=AXIS2_PLACEMENT_3D('',#184,#15827,#15828);
#15827=DIRECTION('',(0,0,1));
#15828=DIRECTION('',(-0.9767038689321297,-0.21459159446028905,0));
#15829=FACE_BOUND('',#15830,.T.);
#15830=EDGE_LOOP('',(#15831,#15832,#15833));
#15831=ORIENTED_EDGE('',*,*,#15834,.T.);
#15832=ORIENTED_EDGE('',*,*,#15835,.T.);
#15833=ORIENTED_EDGE('',*,*,#15836,.T.);
#15834=EDGE_CURVE('',#185,#819,#15837,.F.);
#15835=EDGE_CURVE('',#819,#181,#15838,.T.);
#15836=EDGE_CURVE('',#181,#185,#15839,.T.);
#15837=LINE('',#184,#15840);
#15838=LINE('',#818,#15841);
#15839=LINE('',#180,#15842);
#15840=VECTOR('',#15843,1.0);
#15841=VECTOR('',#15844,1.0);
#15842=VECTOR('',#15845,1.0);
#15843=DIRECTION('',(-0.9767038689321297,-0.21459159446028905,0));
#15844=DIRECTION('',(0.982520704555234,0.1861533376555108,0));
#15845=DIRECTION('',(-0.1950114988286058,0.9808009560173871,0));
#15846=FACE_SURFACE('',(#15851),#15847,.T.);
#15847=PLANE('',#15848);
#15848=AXIS2_PLACEMENT_3D('',#186,#15849,#15850);
#15849=DIRECTION('',(0,0,1));
#15850=DIRECTION('',(-0.9981642894848705,-0.06056443838725479,0));
#15851=FACE_BOUND('',#15852,.T.);
#15852=EDGE_LOOP('',(#15853,#15854,#15855));
#15853=ORIENTED_EDGE('',*,*,#15856,.T.);
#15854=ORIENTED_EDGE('',*,*,#15857,.T.);
#15855=ORIENTED_EDGE('',*,*,#15858,.T.);
#15856=EDGE_CURVE('',#187,#813,#15859,.F.);
#15857=EDGE_CURVE('',#813,#185,#15860,.T.);
#15858=EDGE_CURVE('',#185,#187,#15861,.T.);
#15859=LINE('',#186,#15862);
#15860=LINE('',#812,#15863);
#15861=LINE('',#184,#15864);
#15862=VECTOR('',#15865,1.0);
#15863=VECTOR('',#15866,1.0);
#15864=VECTOR('',#15867,1.0);
#15865=DIRECTION('',(-0.9981642894848705,-0.06056443838725479,0));
#15866=DIRECTION('',(0.9995813887322275,0.0289317697376336,0));
#15867=DIRECTION('',(-0.06588558846872812,0.9978271840514917,0));
#15868=FACE_SURFACE('',(#15873),#15869,.T.);
#15869=PLANE('',#15870);
#15870=AXIS2_PLACEMENT_3D('',#852,#15871,#15872);
#15871=DIRECTION('',(-0.8174176531816031,-0.5760454671873398,-0));
#15872=DIRECTION('',(-0.5760454671873397,0.817417653181603,0));
#15873=FACE_BOUND('',#15874,.T.);
#15874=EDGE_LOOP('',(#15875,#15876,#15877));
#15875=ORIENTED_EDGE('',*,*,#15878,.T.);
#15876=ORIENTED_EDGE('',*,*,#15879,.T.);
#15877=ORIENTED_EDGE('',*,*,#15880,.T.);
#15878=EDGE_CURVE('',#853,#851,#15881,.F.);
#15879=EDGE_CURVE('',#851,#743,#15882,.T.);
#15880=EDGE_CURVE('',#743,#853,#15883,.T.);
#15881=LINE('',#852,#15884);
#15882=LINE('',#850,#15885);
#15883=LINE('',#742,#15886);
#15884=VECTOR('',#15887,1.0);
#15885=VECTOR('',#15888,1.0);
#15886=VECTOR('',#15889,1.0);
#15887=DIRECTION('',(-0.5760454671873397,0.817417653181603,0));
#15888=DIRECTION('',(0.06321602485964765,-0.08970454178999353,-0.993960174948268));
#15889=DIRECTION('',(0,0,1));
#15890=FACE_SURFACE('',(#15895),#15891,.T.);
#15891=PLANE('',#15892);
#15892=AXIS2_PLACEMENT_3D('',#744,#15893,#15894);
#15893=DIRECTION('',(-0.8174176531816031,-0.5760454671873398,0));
#15894=DIRECTION('',(0.5760454671873397,-0.817417653181603,0));
#15895=FACE_BOUND('',#15896,.T.);
#15896=EDGE_LOOP('',(#15897,#15898,#15899));
#15897=ORIENTED_EDGE('',*,*,#15900,.T.);
#15898=ORIENTED_EDGE('',*,*,#15901,.T.);
#15899=ORIENTED_EDGE('',*,*,#15902,.T.);
#15900=EDGE_CURVE('',#745,#743,#15903,.F.);
#15901=EDGE_CURVE('',#743,#851,#15904,.T.);
#15902=EDGE_CURVE('',#851,#745,#15905,.T.);
#15903=LINE('',#744,#15906);
#15904=LINE('',#742,#15907);
#15905=LINE('',#850,#15908);
#15906=VECTOR('',#15909,1.0);
#15907=VECTOR('',#15910,1.0);
#15908=VECTOR('',#15911,1.0);
#15909=DIRECTION('',(0.5760454671873397,-0.817417653181603,0));
#15910=DIRECTION('',(-0.06321602485964765,0.08970454178999353,0.993960174948268));
#15911=DIRECTION('',(0,0,-1));
#15912=FACE_SURFACE('',(#15917),#15913,.T.);
#15913=PLANE('',#15914);
#15914=AXIS2_PLACEMENT_3D('',#742,#15915,#15916);
#15915=DIRECTION('',(-0.7884509594472301,-0.615097621964792,0));
#15916=DIRECTION('',(0.615097621964792,-0.7884509594472301,0));
#15917=FACE_BOUND('',#15918,.T.);
#15918=EDGE_LOOP('',(#15919,#15920,#15921));
#15919=ORIENTED_EDGE('',*,*,#15922,.T.);
#15920=ORIENTED_EDGE('',*,*,#15923,.T.);
#15921=ORIENTED_EDGE('',*,*,#15924,.T.);
#15922=EDGE_CURVE('',#743,#741,#15925,.F.);
#15923=EDGE_CURVE('',#741,#855,#15926,.T.);
#15924=EDGE_CURVE('',#855,#743,#15927,.T.);
#15925=LINE('',#742,#15928);
#15926=LINE('',#740,#15929);
#15927=LINE('',#854,#15930);
#15928=VECTOR('',#15931,1.0);
#15929=VECTOR('',#15932,1.0);
#15930=VECTOR('',#15933,1.0);
#15931=DIRECTION('',(0.615097621964792,-0.7884509594472301,0));
#15932=DIRECTION('',(0,0,1));
#15933=DIRECTION('',(-0.0675390063320177,0.08657356562766876,-0.9939534699160697));
#15934=FACE_SURFACE('',(#15939),#15935,.T.);
#15935=PLANE('',#15936);
#15936=AXIS2_PLACEMENT_3D('',#742,#15937,#15938);
#15937=DIRECTION('',(-0.7884509594472301,-0.615097621964792,0));
#15938=DIRECTION('',(0.0675390063320177,-0.08657356562766876,0.9939534699160697));
#15939=FACE_BOUND('',#15940,.T.);
#15940=EDGE_LOOP('',(#15941,#15942,#15943));
#15941=ORIENTED_EDGE('',*,*,#15944,.T.);
#15942=ORIENTED_EDGE('',*,*,#15945,.T.);
#15943=ORIENTED_EDGE('',*,*,#15946,.T.);
#15944=EDGE_CURVE('',#743,#855,#15947,.F.);
#15945=EDGE_CURVE('',#855,#853,#15948,.T.);
#15946=EDGE_CURVE('',#853,#743,#15949,.T.);
#15947=LINE('',#742,#15950);
#15948=LINE('',#854,#15951);
#15949=LINE('',#852,#15952);
#15950=VECTOR('',#15953,1.0);
#15951=VECTOR('',#15954,1.0);
#15952=VECTOR('',#15955,1.0);
#15953=DIRECTION('',(0.0675390063320177,-0.08657356562766876,0.9939534699160697));
#15954=DIRECTION('',(-0.615097621964792,0.7884509594472301,0));
#15955=DIRECTION('',(0,0,-1));
#15956=FACE_SURFACE('',(#15961),#15957,.T.);
#15957=PLANE('',#15958);
#15958=AXIS2_PLACEMENT_3D('',#200,#15959,#15960);
#15959=DIRECTION('',(0,0,1));
#15960=DIRECTION('',(-0.9888357839115505,-0.149009370363173,0));
#15961=FACE_BOUND('',#15962,.T.);
#15962=EDGE_LOOP('',(#15963,#15964,#15965));
#15963=ORIENTED_EDGE('',*,*,#15966,.T.);
#15964=ORIENTED_EDGE('',*,*,#15967,.T.);
#15965=ORIENTED_EDGE('',*,*,#15968,.T.);
#15966=EDGE_CURVE('',#201,#813,#15969,.F.);
#15967=EDGE_CURVE('',#813,#197,#15970,.T.);
#15968=EDGE_CURVE('',#197,#201,#15971,.T.);
#15969=LINE('',#200,#15972);
#15970=LINE('',#812,#15973);
#15971=LINE('',#196,#15974);
#15972=VECTOR('',#15975,1.0);
#15973=VECTOR('',#15976,1.0);
#15974=VECTOR('',#15977,1.0);
#15975=DIRECTION('',(-0.9888357839115505,-0.149009370363173,0));
#15976=DIRECTION('',(0.9925886734300593,0.12152253033226042,0));
#15977=DIRECTION('',(0.3219531715267602,0.9467555943029122,0));
#15978=FACE_SURFACE('',(#15983),#15979,.T.);
#15979=PLANE('',#15980);
#15980=AXIS2_PLACEMENT_3D('',#196,#15981,#15982);
#15981=DIRECTION('',(0,0,1));
#15982=DIRECTION('',(-0.9925886734300593,-0.12152253033226042,0));
#15983=FACE_BOUND('',#15984,.T.);
#15984=EDGE_LOOP('',(#15985,#15986,#15987));
#15985=ORIENTED_EDGE('',*,*,#15988,.T.);
#15986=ORIENTED_EDGE('',*,*,#15989,.T.);
#15987=ORIENTED_EDGE('',*,*,#15990,.T.);
#15988=EDGE_CURVE('',#197,#813,#15991,.F.);
#15989=EDGE_CURVE('',#813,#191,#15992,.T.);
#15990=EDGE_CURVE('',#191,#197,#15993,.T.);
#15991=LINE('',#196,#15994);
#15992=LINE('',#812,#15995);
#15993=LINE('',#190,#15996);
#15994=VECTOR('',#15997,1.0);
#15995=VECTOR('',#15998,1.0);
#15996=VECTOR('',#15999,1.0);
#15997=DIRECTION('',(-0.9925886734300593,-0.12152253033226042,0));
#15998=DIRECTION('',(0.9957806286059164,0.09176567818746897,0));
#15999=DIRECTION('',(0.1950114988286058,0.9808009560173871,0));
#16000=FACE_SURFACE('',(#16005),#16001,.T.);
#16001=PLANE('',#16002);
#16002=AXIS2_PLACEMENT_3D('',#740,#16003,#16004);
#16003=DIRECTION('',(-0.7572700524690185,-0.6531018815112767,0));
#16004=DIRECTION('',(0.6531018815112768,-0.7572700524690186,0));
#16005=FACE_BOUND('',#16006,.T.);
#16006=EDGE_LOOP('',(#16007,#16008,#16009));
#16007=ORIENTED_EDGE('',*,*,#16010,.T.);
#16008=ORIENTED_EDGE('',*,*,#16011,.T.);
#16009=ORIENTED_EDGE('',*,*,#16012,.T.);
#16010=EDGE_CURVE('',#741,#739,#16013,.F.);
#16011=EDGE_CURVE('',#739,#857,#16014,.T.);
#16012=EDGE_CURVE('',#857,#741,#16015,.T.);
#16013=LINE('',#740,#16016);
#16014=LINE('',#738,#16017);
#16015=LINE('',#856,#16018);
#16016=VECTOR('',#16019,1.0);
#16017=VECTOR('',#16020,1.0);
#16018=VECTOR('',#16021,1.0);
#16019=DIRECTION('',(0.6531018815112768,-0.7572700524690186,0));
#16020=DIRECTION('',(0,0,1));
#16021=DIRECTION('',(-0.07166468814651399,0.08309503262692632,-0.9939614620424642));
#16022=FACE_SURFACE('',(#16027),#16023,.T.);
#16023=PLANE('',#16024);
#16024=AXIS2_PLACEMENT_3D('',#740,#16025,#16026);
#16025=DIRECTION('',(-0.7572700524690185,-0.6531018815112767,0));
#16026=DIRECTION('',(0.07166468814651399,-0.08309503262692632,0.9939614620424642));
#16027=FACE_BOUND('',#16028,.T.);
#16028=EDGE_LOOP('',(#16029,#16030,#16031));
#16029=ORIENTED_EDGE('',*,*,#16032,.T.);
#16030=ORIENTED_EDGE('',*,*,#16033,.T.);
#16031=ORIENTED_EDGE('',*,*,#16034,.T.);
#16032=EDGE_CURVE('',#741,#857,#16035,.F.);
#16033=EDGE_CURVE('',#857,#855,#16036,.T.);
#16034=EDGE_CURVE('',#855,#741,#16037,.T.);
#16035=LINE('',#740,#16038);
#16036=LINE('',#856,#16039);
#16037=LINE('',#854,#16040);
#16038=VECTOR('',#16041,1.0);
#16039=VECTOR('',#16042,1.0);
#16040=VECTOR('',#16043,1.0);
#16041=DIRECTION('',(0.07166468814651399,-0.08309503262692632,0.9939614620424642));
#16042=DIRECTION('',(-0.6531018815112768,0.7572700524690186,0));
#16043=DIRECTION('',(0,0,-1));
#16044=FACE_SURFACE('',(#16049),#16045,.T.);
#16045=PLANE('',#16046);
#16046=AXIS2_PLACEMENT_3D('',#202,#16047,#16048);
#16047=DIRECTION('',(0,0,1));
#16048=DIRECTION('',(-0.9848280232781594,-0.17353318001475382,0));
#16049=FACE_BOUND('',#16050,.T.);
#16050=EDGE_LOOP('',(#16051,#16052,#16053));
#16051=ORIENTED_EDGE('',*,*,#16054,.T.);
#16052=ORIENTED_EDGE('',*,*,#16055,.T.);
#16053=ORIENTED_EDGE('',*,*,#16056,.T.);
#16054=EDGE_CURVE('',#203,#813,#16057,.F.);
#16055=EDGE_CURVE('',#813,#201,#16058,.T.);
#16056=EDGE_CURVE('',#201,#203,#16059,.T.);
#16057=LINE('',#202,#16060);
#16058=LINE('',#812,#16061);
#16059=LINE('',#200,#16062);
#16060=VECTOR('',#16063,1.0);
#16061=VECTOR('',#16064,1.0);
#16062=VECTOR('',#16065,1.0);
#16063=DIRECTION('',(-0.9848280232781594,-0.17353318001475382,0));
#16064=DIRECTION('',(0.9888357839115505,0.149009370363173,0));
#16065=DIRECTION('',(0.4422367972416186,0.896898330450824,0));
#16066=FACE_SURFACE('',(#16071),#16067,.T.);
#16067=PLANE('',#16068);
#16068=AXIS2_PLACEMENT_3D('',#848,#16069,#16070);
#16069=DIRECTION('',(0,-0,1));
#16070=DIRECTION('',(0.9578237210735039,0.28735643258661625,0));
#16071=FACE_BOUND('',#16072,.T.);
#16072=EDGE_LOOP('',(#16073,#16074,#16075));
#16073=ORIENTED_EDGE('',*,*,#16076,.T.);
#16074=ORIENTED_EDGE('',*,*,#16077,.T.);
#16075=ORIENTED_EDGE('',*,*,#16078,.T.);
#16076=EDGE_CURVE('',#849,#239,#16079,.F.);
#16077=EDGE_CURVE('',#239,#827,#16080,.T.);
#16078=EDGE_CURVE('',#827,#849,#16081,.T.);
#16079=LINE('',#848,#16082);
#16080=LINE('',#238,#16083);
#16081=LINE('',#826,#16084);
#16082=VECTOR('',#16085,1.0);
#16083=VECTOR('',#16086,1.0);
#16084=VECTOR('',#16087,1.0);
#16085=DIRECTION('',(0.9578237210735039,0.28735643258661625,0));
#16086=DIRECTION('',(-0.9749011898959601,-0.2226379795529982,0));
#16087=DIRECTION('',(0.44992729427150396,-0.8930651879171663,0));
#16088=FACE_SURFACE('',(#16093),#16089,.T.);
#16089=PLANE('',#16090);
#16090=AXIS2_PLACEMENT_3D('',#738,#16091,#16092);
#16091=DIRECTION('',(-0.7243250933459506,-0.6894585985752733,0));
#16092=DIRECTION('',(0.6894585985752734,-0.7243250933459507,0));
#16093=FACE_BOUND('',#16094,.T.);
#16094=EDGE_LOOP('',(#16095,#16096,#16097));
#16095=ORIENTED_EDGE('',*,*,#16098,.T.);
#16096=ORIENTED_EDGE('',*,*,#16099,.T.);
#16097=ORIENTED_EDGE('',*,*,#16100,.T.);
#16098=EDGE_CURVE('',#739,#735,#16101,.F.);
#16099=EDGE_CURVE('',#735,#857,#16102,.T.);
#16100=EDGE_CURVE('',#857,#739,#16103,.T.);
#16101=LINE('',#738,#16104);
#16102=LINE('',#734,#16105);
#16103=LINE('',#856,#16106);
#16104=VECTOR('',#16107,1.0);
#16105=VECTOR('',#16108,1.0);
#16106=VECTOR('',#16109,1.0);
#16107=DIRECTION('',(0.6894585985752734,-0.7243250933459507,0));
#16108=DIRECTION('',(-0.07568911045808897,0.07951677172656478,0.9939558549413795));
#16109=DIRECTION('',(0,0,-1));
#16110=FACE_SURFACE('',(#16115),#16111,.T.);
#16111=PLANE('',#16112);
#16112=AXIS2_PLACEMENT_3D('',#206,#16113,#16114);
#16113=DIRECTION('',(0,0,1));
#16114=DIRECTION('',(-0.7866744529657247,0.6173680466715764,0));
#16115=FACE_BOUND('',#16116,.T.);
#16116=EDGE_LOOP('',(#16117,#16118,#16119));
#16117=ORIENTED_EDGE('',*,*,#16120,.T.);
#16118=ORIENTED_EDGE('',*,*,#16121,.T.);
#16119=ORIENTED_EDGE('',*,*,#16122,.T.);
#16120=EDGE_CURVE('',#207,#253,#16123,.F.);
#16121=EDGE_CURVE('',#253,#205,#16124,.T.);
#16122=EDGE_CURVE('',#205,#207,#16125,.T.);
#16123=LINE('',#206,#16126);
#16124=LINE('',#252,#16127);
#16125=LINE('',#204,#16128);
#16126=VECTOR('',#16129,1.0);
#16127=VECTOR('',#16130,1.0);
#16128=VECTOR('',#16131,1.0);
#16129=DIRECTION('',(-0.7866744529657247,0.6173680466715764,0));
#16130=DIRECTION('',(0.5912174835231844,-0.8065121742270933,0));
#16131=DIRECTION('',(0.6592463836243898,0.7519269949125139,0));
#16132=FACE_SURFACE('',(#16137),#16133,.T.);
#16133=PLANE('',#16134);
#16134=AXIS2_PLACEMENT_3D('',#734,#16135,#16136);
#16135=DIRECTION('',(-0.7243250933459506,-0.6894585985752733,0));
#16136=DIRECTION('',(0,0,1));
#16137=FACE_BOUND('',#16138,.T.);
#16138=EDGE_LOOP('',(#16139,#16140,#16141));
#16139=ORIENTED_EDGE('',*,*,#16142,.T.);
#16140=ORIENTED_EDGE('',*,*,#16143,.T.);
#16141=ORIENTED_EDGE('',*,*,#16144,.T.);
#16142=EDGE_CURVE('',#735,#861,#16145,.F.);
#16143=EDGE_CURVE('',#861,#857,#16146,.T.);
#16144=EDGE_CURVE('',#857,#735,#16147,.T.);
#16145=LINE('',#734,#16148);
#16146=LINE('',#860,#16149);
#16147=LINE('',#856,#16150);
#16148=VECTOR('',#16151,1.0);
#16149=VECTOR('',#16152,1.0);
#16150=VECTOR('',#16153,1.0);
#16151=DIRECTION('',(0,0,1));
#16152=DIRECTION('',(-0.6894585985752734,0.7243250933459507,0));
#16153=DIRECTION('',(0.07568911045808897,-0.07951677172656478,-0.9939558549413795));
#16154=FACE_SURFACE('',(#16159),#16155,.T.);
#16155=PLANE('',#16156);
#16156=AXIS2_PLACEMENT_3D('',#730,#16157,#16158);
#16157=DIRECTION('',(-0.6894595482066155,-0.7243241894253774,0));
#16158=DIRECTION('',(0,0,1));
#16159=FACE_BOUND('',#16160,.T.);
#16160=EDGE_LOOP('',(#16161,#16162,#16163));
#16161=ORIENTED_EDGE('',*,*,#16164,.T.);
#16162=ORIENTED_EDGE('',*,*,#16165,.T.);
#16163=ORIENTED_EDGE('',*,*,#16166,.T.);
#16164=EDGE_CURVE('',#731,#859,#16167,.F.);
#16165=EDGE_CURVE('',#859,#861,#16168,.T.);
#16166=EDGE_CURVE('',#861,#731,#16169,.T.);
#16167=LINE('',#730,#16170);
#16168=LINE('',#858,#16171);
#16169=LINE('',#860,#16172);
#16170=VECTOR('',#16173,1.0);
#16171=VECTOR('',#16174,1.0);
#16172=VECTOR('',#16175,1.0);
#16173=DIRECTION('',(0,0,1));
#16174=DIRECTION('',(-0.7243241894253772,0.6894595482066154,0));
#16175=DIRECTION('',(0.07951695782785288,-0.07568948630895352,-0.9939558114323243));
#16176=FACE_SURFACE('',(#16181),#16177,.T.);
#16177=PLANE('',#16178);
#16178=AXIS2_PLACEMENT_3D('',#730,#16179,#16180);
#16179=DIRECTION('',(-0.6894595482066155,-0.7243241894253774,0));
#16180=DIRECTION('',(-0.07951695782785288,0.07568948630895352,0.9939558114323243));
#16181=FACE_BOUND('',#16182,.T.);
#16182=EDGE_LOOP('',(#16183,#16184,#16185));
#16183=ORIENTED_EDGE('',*,*,#16186,.T.);
#16184=ORIENTED_EDGE('',*,*,#16187,.T.);
#16185=ORIENTED_EDGE('',*,*,#16188,.T.);
#16186=EDGE_CURVE('',#731,#861,#16189,.F.);
#16187=EDGE_CURVE('',#861,#735,#16190,.T.);
#16188=EDGE_CURVE('',#735,#731,#16191,.T.);
#16189=LINE('',#730,#16192);
#16190=LINE('',#860,#16193);
#16191=LINE('',#734,#16194);
#16192=VECTOR('',#16195,1.0);
#16193=VECTOR('',#16196,1.0);
#16194=VECTOR('',#16197,1.0);
#16195=DIRECTION('',(-0.07951695782785288,0.07568948630895352,0.9939558114323243));
#16196=DIRECTION('',(0,0,-1));
#16197=DIRECTION('',(0.7243241894253772,-0.6894595482066154,0));
#16198=FACE_SURFACE('',(#16203),#16199,.T.);
#16199=PLANE('',#16200);
#16200=AXIS2_PLACEMENT_3D('',#204,#16201,#16202);
#16201=DIRECTION('',(0,0,1));
#16202=DIRECTION('',(-0.5912174835231844,0.8065121742270933,0));
#16203=FACE_BOUND('',#16204,.T.);
#16204=EDGE_LOOP('',(#16205,#16206,#16207));
#16205=ORIENTED_EDGE('',*,*,#16208,.T.);
#16206=ORIENTED_EDGE('',*,*,#16209,.T.);
#16207=ORIENTED_EDGE('',*,*,#16210,.T.);
#16208=EDGE_CURVE('',#205,#253,#16211,.F.);
#16209=EDGE_CURVE('',#253,#203,#16212,.T.);
#16210=EDGE_CURVE('',#203,#205,#16213,.T.);
#16211=LINE('',#204,#16214);
#16212=LINE('',#252,#16215);
#16213=LINE('',#202,#16216);
#16214=VECTOR('',#16217,1.0);
#16215=VECTOR('',#16218,1.0);
#16216=VECTOR('',#16219,1.0);
#16217=DIRECTION('',(-0.5912174835231844,0.8065121742270933,0));
#16218=DIRECTION('',(0.39355878831803687,-0.9192994507436839,0));
#16219=DIRECTION('',(0.5549271937711396,0.8318989179060686,0));
#16220=FACE_SURFACE('',(#16225),#16221,.T.);
#16221=PLANE('',#16222);
#16222=AXIS2_PLACEMENT_3D('',#208,#16223,#16224);
#16223=DIRECTION('',(0,0,1));
#16224=DIRECTION('',(-0.9160120687051301,0.401150707324003,0));
#16225=FACE_BOUND('',#16226,.T.);
#16226=EDGE_LOOP('',(#16227,#16228,#16229));
#16227=ORIENTED_EDGE('',*,*,#16230,.T.);
#16228=ORIENTED_EDGE('',*,*,#16231,.T.);
#16229=ORIENTED_EDGE('',*,*,#16232,.T.);
#16230=EDGE_CURVE('',#209,#253,#16233,.F.);
#16231=EDGE_CURVE('',#253,#207,#16234,.T.);
#16232=EDGE_CURVE('',#207,#209,#16235,.T.);
#16233=LINE('',#208,#16236);
#16234=LINE('',#252,#16237);
#16235=LINE('',#206,#16238);
#16236=VECTOR('',#16239,1.0);
#16237=VECTOR('',#16240,1.0);
#16238=VECTOR('',#16241,1.0);
#16239=DIRECTION('',(-0.9160120687051301,0.401150707324003,0));
#16240=DIRECTION('',(0.7866744529657247,-0.6173680466715764,0));
#16241=DIRECTION('',(0.751923604214129,0.659250250986402,0));
#16242=FACE_SURFACE('',(#16247),#16243,.T.);
#16243=PLANE('',#16244);
#16244=AXIS2_PLACEMENT_3D('',#210,#16245,#16246);
#16245=DIRECTION('',(0,0,1));
#16246=DIRECTION('',(-0.9744368294356941,0.22466166882517358,0));
#16247=FACE_BOUND('',#16248,.T.);
#16248=EDGE_LOOP('',(#16249,#16250,#16251));
#16249=ORIENTED_EDGE('',*,*,#16252,.T.);
#16250=ORIENTED_EDGE('',*,*,#16253,.T.);
#16251=ORIENTED_EDGE('',*,*,#16254,.T.);
#16252=EDGE_CURVE('',#211,#253,#16255,.F.);
#16253=EDGE_CURVE('',#253,#209,#16256,.T.);
#16254=EDGE_CURVE('',#209,#211,#16257,.T.);
#16255=LINE('',#210,#16258);
#16256=LINE('',#252,#16259);
#16257=LINE('',#208,#16260);
#16258=VECTOR('',#16261,1.0);
#16259=VECTOR('',#16262,1.0);
#16260=VECTOR('',#16263,1.0);
#16261=DIRECTION('',(-0.9744368294356941,0.22466166882517358,0));
#16262=DIRECTION('',(0.9160120687051301,-0.401150707324003,0));
#16263=DIRECTION('',(0.831906769736938,0.5549154228041003,0));
#16264=FACE_SURFACE('',(#16269),#16265,.T.);
#16265=PLANE('',#16266);
#16266=AXIS2_PLACEMENT_3D('',#728,#16267,#16268);
#16267=DIRECTION('',(-0.65310102702182,-0.757270789416206,0));
#16268=DIRECTION('',(0,0,1));
#16269=FACE_BOUND('',#16270,.T.);
#16270=EDGE_LOOP('',(#16271,#16272,#16273));
#16271=ORIENTED_EDGE('',*,*,#16274,.T.);
#16272=ORIENTED_EDGE('',*,*,#16275,.T.);
#16273=ORIENTED_EDGE('',*,*,#16276,.T.);
#16274=EDGE_CURVE('',#729,#863,#16277,.F.);
#16275=EDGE_CURVE('',#863,#731,#16278,.T.);
#16276=EDGE_CURVE('',#731,#729,#16279,.T.);
#16277=LINE('',#728,#16280);
#16278=LINE('',#862,#16281);
#16279=LINE('',#730,#16282);
#16280=VECTOR('',#16283,1.0);
#16281=VECTOR('',#16284,1.0);
#16282=VECTOR('',#16285,1.0);
#16283=DIRECTION('',(0,0,1));
#16284=DIRECTION('',(-0.08309522090099497,0.07166468701754922,-0.9939614463841601));
#16285=DIRECTION('',(0.7572707894162061,-0.6531010270218202,0));
#16286=FACE_SURFACE('',(#16291),#16287,.T.);
#16287=PLANE('',#16288);
#16288=AXIS2_PLACEMENT_3D('',#214,#16289,#16290);
#16289=DIRECTION('',(0,0,1));
#16290=DIRECTION('',(-0.9991568614827779,0.04105564701578767,0));
#16291=FACE_BOUND('',#16292,.T.);
#16292=EDGE_LOOP('',(#16293,#16294,#16295));
#16293=ORIENTED_EDGE('',*,*,#16296,.T.);
#16294=ORIENTED_EDGE('',*,*,#16297,.T.);
#16295=ORIENTED_EDGE('',*,*,#16298,.T.);
#16296=EDGE_CURVE('',#215,#253,#16299,.F.);
#16297=EDGE_CURVE('',#253,#213,#16300,.T.);
#16298=EDGE_CURVE('',#213,#215,#16301,.T.);
#16299=LINE('',#214,#16302);
#16300=LINE('',#252,#16303);
#16301=LINE('',#212,#16304);
#16302=VECTOR('',#16305,1.0);
#16303=VECTOR('',#16306,1.0);
#16304=VECTOR('',#16307,1.0);
#16305=DIRECTION('',(-0.9991568614827779,0.04105564701578767,0));
#16306=DIRECTION('',(0.9941354047437985,-0.10814248487474268,0));
#16307=DIRECTION('',(0.9467581937280892,0.3219455273935731,0));
#16308=FACE_SURFACE('',(#16313),#16309,.T.);
#16309=PLANE('',#16310);
#16310=AXIS2_PLACEMENT_3D('',#888,#16311,#16312);
#16311=DIRECTION('',(0.6593725543328769,0.7518163569599542,0));
#16312=DIRECTION('',(0.21339132322678842,-0.18715259460099076,-0.958873322971099));
#16313=FACE_BOUND('',#16314,.T.);
#16314=EDGE_LOOP('',(#16315,#16316,#16317));
#16315=ORIENTED_EDGE('',*,*,#16318,.T.);
#16316=ORIENTED_EDGE('',*,*,#16319,.T.);
#16317=ORIENTED_EDGE('',*,*,#16320,.T.);
#16318=EDGE_CURVE('',#889,#725,#16321,.F.);
#16319=EDGE_CURVE('',#725,#733,#16322,.T.);
#16320=EDGE_CURVE('',#733,#889,#16323,.T.);
#16321=LINE('',#888,#16324);
#16322=LINE('',#724,#16325);
#16323=LINE('',#732,#16326);
#16324=VECTOR('',#16327,1.0);
#16325=VECTOR('',#16328,1.0);
#16326=VECTOR('',#16329,1.0);
#16327=DIRECTION('',(0.21339132322678842,-0.18715259460099076,-0.958873322971099));
#16328=DIRECTION('',(-0.7518163569599541,0.6593725543328769,0));
#16329=DIRECTION('',(0,0,1));
#16330=FACE_SURFACE('',(#16335),#16331,.T.);
#16331=PLANE('',#16332);
#16332=AXIS2_PLACEMENT_3D('',#220,#16333,#16334);
#16333=DIRECTION('',(0,0,1));
#16334=DIRECTION('',(-1,0,0));
#16335=FACE_BOUND('',#16336,.T.);
#16336=EDGE_LOOP('',(#16337,#16338,#16339));
#16337=ORIENTED_EDGE('',*,*,#16340,.T.);
#16338=ORIENTED_EDGE('',*,*,#16341,.T.);
#16339=ORIENTED_EDGE('',*,*,#16342,.T.);
#16340=EDGE_CURVE('',#221,#253,#16343,.F.);
#16341=EDGE_CURVE('',#253,#217,#16344,.T.);
#16342=EDGE_CURVE('',#217,#221,#16345,.T.);
#16343=LINE('',#220,#16346);
#16344=LINE('',#252,#16347);
#16345=LINE('',#216,#16348);
#16346=VECTOR('',#16349,1.0);
#16347=VECTOR('',#16350,1.0);
#16348=VECTOR('',#16351,1.0);
#16349=DIRECTION('',(-1,0,0));
#16350=DIRECTION('',(0.9999622711351032,-0.008686558946244132,0));
#16351=DIRECTION('',(0.9978276078658741,0.06587916955052969,0));
#16352=FACE_SURFACE('',(#16357),#16353,.T.);
#16353=PLANE('',#16354);
#16354=AXIS2_PLACEMENT_3D('',#214,#16355,#16356);
#16355=DIRECTION('',(0,-0,1));
#16356=DIRECTION('',(0.980798794165731,0.1950223714424785,0));
#16357=FACE_BOUND('',#16358,.T.);
#16358=EDGE_LOOP('',(#16359,#16360,#16361));
#16359=ORIENTED_EDGE('',*,*,#16362,.T.);
#16360=ORIENTED_EDGE('',*,*,#16363,.T.);
#16361=ORIENTED_EDGE('',*,*,#16364,.T.);
#16362=EDGE_CURVE('',#215,#217,#16365,.F.);
#16363=EDGE_CURVE('',#217,#253,#16366,.T.);
#16364=EDGE_CURVE('',#253,#215,#16367,.T.);
#16365=LINE('',#214,#16368);
#16366=LINE('',#216,#16369);
#16367=LINE('',#252,#16370);
#16368=VECTOR('',#16371,1.0);
#16369=VECTOR('',#16372,1.0);
#16370=VECTOR('',#16373,1.0);
#16371=DIRECTION('',(0.980798794165731,0.1950223714424785,0));
#16372=DIRECTION('',(-0.9999622711351032,0.008686558946244132,0));
#16373=DIRECTION('',(0.9991568614827779,-0.04105564701578767,0));
#16374=FACE_SURFACE('',(#16379),#16375,.T.);
#16375=PLANE('',#16376);
#16376=AXIS2_PLACEMENT_3D('',#736,#16377,#16378);
#16377=DIRECTION('',(0.7518166518061671,0.659372218149176,-0));
#16378=DIRECTION('',(0,0,1));
#16379=FACE_BOUND('',#16380,.T.);
#16380=EDGE_LOOP('',(#16381,#16382,#16383));
#16381=ORIENTED_EDGE('',*,*,#16384,.T.);
#16382=ORIENTED_EDGE('',*,*,#16385,.T.);
#16383=ORIENTED_EDGE('',*,*,#16386,.T.);
#16384=EDGE_CURVE('',#737,#943,#16387,.F.);
#16385=EDGE_CURVE('',#943,#889,#16388,.T.);
#16386=EDGE_CURVE('',#889,#737,#16389,.T.);
#16387=LINE('',#736,#16390);
#16388=LINE('',#942,#16391);
#16389=LINE('',#888,#16392);
#16390=VECTOR('',#16393,1.0);
#16391=VECTOR('',#16394,1.0);
#16392=VECTOR('',#16395,1.0);
#16393=DIRECTION('',(0,0,1));
#16394=DIRECTION('',(0.6593722181491761,-0.7518166518061671,0));
#16395=DIRECTION('',(-0.1871525869137246,0.21339150694775894,-0.9588732835855139));
#16396=FACE_SURFACE('',(#16401),#16397,.T.);
#16397=PLANE('',#16398);
#16398=AXIS2_PLACEMENT_3D('',#736,#16399,#16400);
#16399=DIRECTION('',(0.7518166518061671,0.659372218149176,0));
#16400=DIRECTION('',(0.1871525869137246,-0.21339150694775894,0.9588732835855139));
#16401=FACE_BOUND('',#16402,.T.);
#16402=EDGE_LOOP('',(#16403,#16404,#16405));
#16403=ORIENTED_EDGE('',*,*,#16406,.T.);
#16404=ORIENTED_EDGE('',*,*,#16407,.T.);
#16405=ORIENTED_EDGE('',*,*,#16408,.T.);
#16406=EDGE_CURVE('',#737,#889,#16409,.F.);
#16407=EDGE_CURVE('',#889,#733,#16410,.T.);
#16408=EDGE_CURVE('',#733,#737,#16411,.T.);
#16409=LINE('',#736,#16412);
#16410=LINE('',#888,#16413);
#16411=LINE('',#732,#16414);
#16412=VECTOR('',#16415,1.0);
#16413=VECTOR('',#16416,1.0);
#16414=VECTOR('',#16417,1.0);
#16415=DIRECTION('',(0.1871525869137246,-0.21339150694775894,0.9588732835855139));
#16416=DIRECTION('',(0,0,-1));
#16417=DIRECTION('',(-0.6593722181491761,0.7518166518061671,0));
#16418=FACE_SURFACE('',(#16423),#16419,.T.);
#16419=PLANE('',#16420);
#16420=AXIS2_PLACEMENT_3D('',#700,#16421,#16422);
#16421=DIRECTION('',(0.8314750663992764,0.5555620703002672,-0));
#16422=DIRECTION('',(0,0,1));
#16423=FACE_BOUND('',#16424,.T.);
#16424=EDGE_LOOP('',(#16425,#16426,#16427));
#16425=ORIENTED_EDGE('',*,*,#16428,.T.);
#16426=ORIENTED_EDGE('',*,*,#16429,.T.);
#16427=ORIENTED_EDGE('',*,*,#16430,.T.);
#16428=EDGE_CURVE('',#701,#945,#16431,.F.);
#16429=EDGE_CURVE('',#945,#943,#16432,.T.);
#16430=EDGE_CURVE('',#943,#701,#16433,.T.);
#16431=LINE('',#700,#16434);
#16432=LINE('',#944,#16435);
#16433=LINE('',#942,#16436);
#16434=VECTOR('',#16437,1.0);
#16435=VECTOR('',#16438,1.0);
#16436=VECTOR('',#16439,1.0);
#16437=DIRECTION('',(0,0,1));
#16438=DIRECTION('',(0.5555620703002672,-0.8314750663992763,0));
#16439=DIRECTION('',(-0.15768459977142496,0.2359966960923499,-0.9588749274167202));
#16440=FACE_SURFACE('',(#16445),#16441,.T.);
#16441=PLANE('',#16442);
#16442=AXIS2_PLACEMENT_3D('',#700,#16443,#16444);
#16443=DIRECTION('',(0.8314750663992764,0.5555620703002672,0));
#16444=DIRECTION('',(0.15768459977142496,-0.2359966960923499,0.9588749274167202));
#16445=FACE_BOUND('',#16446,.T.);
#16446=EDGE_LOOP('',(#16447,#16448,#16449));
#16447=ORIENTED_EDGE('',*,*,#16450,.T.);
#16448=ORIENTED_EDGE('',*,*,#16451,.T.);
#16449=ORIENTED_EDGE('',*,*,#16452,.T.);
#16450=EDGE_CURVE('',#701,#943,#16453,.F.);
#16451=EDGE_CURVE('',#943,#737,#16454,.T.);
#16452=EDGE_CURVE('',#737,#701,#16455,.T.);
#16453=LINE('',#700,#16456);
#16454=LINE('',#942,#16457);
#16455=LINE('',#736,#16458);
#16456=VECTOR('',#16459,1.0);
#16457=VECTOR('',#16460,1.0);
#16458=VECTOR('',#16461,1.0);
#16459=DIRECTION('',(0.15768459977142496,-0.2359966960923499,0.9588749274167202));
#16460=DIRECTION('',(0,0,-1));
#16461=DIRECTION('',(-0.5555620703002672,0.8314750663992763,0));
#16462=FACE_SURFACE('',(#16467),#16463,.T.);
#16463=PLANE('',#16464);
#16464=AXIS2_PLACEMENT_3D('',#226,#16465,#16466);
#16465=DIRECTION('',(0,-0,1));
#16466=DIRECTION('',(0.9995776377329005,0.029061076103856,0));
#16467=FACE_BOUND('',#16468,.T.);
#16468=EDGE_LOOP('',(#16469,#16470,#16471));
#16469=ORIENTED_EDGE('',*,*,#16472,.T.);
#16470=ORIENTED_EDGE('',*,*,#16473,.T.);
#16471=ORIENTED_EDGE('',*,*,#16474,.T.);
#16472=EDGE_CURVE('',#227,#255,#16475,.F.);
#16473=EDGE_CURVE('',#255,#223,#16476,.T.);
#16474=EDGE_CURVE('',#223,#227,#16477,.T.);
#16475=LINE('',#226,#16478);
#16476=LINE('',#254,#16479);
#16477=LINE('',#222,#16480);
#16478=VECTOR('',#16481,1.0);
#16479=VECTOR('',#16482,1.0);
#16480=VECTOR('',#16483,1.0);
#16481=DIRECTION('',(0.9995776377329005,0.029061076103856,0));
#16482=DIRECTION('',(-0.9999795261735941,-0.006399002549963427,0));
#16483=DIRECTION('',(0.980798794165731,-0.1950223714424785,0));
#16484=FACE_SURFACE('',(#16489),#16485,.T.);
#16485=PLANE('',#16486);
#16486=AXIS2_PLACEMENT_3D('',#224,#16487,#16488);
#16487=DIRECTION('',(-0,0,1));
#16488=DIRECTION('',(0.9978276078658741,-0.06587916955052969,0));
#16489=FACE_BOUND('',#16490,.T.);
#16490=EDGE_LOOP('',(#16491,#16492,#16493));
#16491=ORIENTED_EDGE('',*,*,#16494,.T.);
#16492=ORIENTED_EDGE('',*,*,#16495,.T.);
#16493=ORIENTED_EDGE('',*,*,#16496,.T.);
#16494=EDGE_CURVE('',#225,#223,#16497,.F.);
#16495=EDGE_CURVE('',#223,#255,#16498,.T.);
#16496=EDGE_CURVE('',#255,#225,#16499,.T.);
#16497=LINE('',#224,#16500);
#16498=LINE('',#222,#16501);
#16499=LINE('',#254,#16502);
#16500=VECTOR('',#16503,1.0);
#16501=VECTOR('',#16504,1.0);
#16502=VECTOR('',#16505,1.0);
#16503=DIRECTION('',(0.9978276078658741,-0.06587916955052969,0));
#16504=DIRECTION('',(0.9999795261735941,0.006399002549963427,0));
#16505=DIRECTION('',(-1,0,0));
#16506=FACE_SURFACE('',(#16511),#16507,.T.);
#16507=PLANE('',#16508);
#16508=AXIS2_PLACEMENT_3D('',#228,#16509,#16510);
#16509=DIRECTION('',(-0,0,1));
#16510=DIRECTION('',(0.8968918569094566,-0.44224992595760443,0));
#16511=FACE_BOUND('',#16512,.T.);
#16512=EDGE_LOOP('',(#16513,#16514,#16515));
#16513=ORIENTED_EDGE('',*,*,#16516,.T.);
#16514=ORIENTED_EDGE('',*,*,#16517,.T.);
#16515=ORIENTED_EDGE('',*,*,#16518,.T.);
#16516=EDGE_CURVE('',#229,#37,#16519,.F.);
#16517=EDGE_CURVE('',#37,#255,#16520,.T.);
#16518=EDGE_CURVE('',#255,#229,#16521,.T.);
#16519=LINE('',#228,#16522);
#16520=LINE('',#36,#16523);
#16521=LINE('',#254,#16524);
#16522=VECTOR('',#16525,1.0);
#16523=VECTOR('',#16526,1.0);
#16524=VECTOR('',#16527,1.0);
#16525=DIRECTION('',(0.8968918569094566,-0.44224992595760443,0));
#16526=DIRECTION('',(0.989588389990394,0.1439264339731237,0));
#16527=DIRECTION('',(-0.9973339836834568,-0.0729720836353624,0));
#16528=FACE_SURFACE('',(#16533),#16529,.T.);
#16529=PLANE('',#16530);
#16530=AXIS2_PLACEMENT_3D('',#226,#16531,#16532);
#16531=DIRECTION('',(-0,0,1));
#16532=DIRECTION('',(0.9467581937280892,-0.3219455273935731,0));
#16533=FACE_BOUND('',#16534,.T.);
#16534=EDGE_LOOP('',(#16535,#16536,#16537));
#16535=ORIENTED_EDGE('',*,*,#16538,.T.);
#16536=ORIENTED_EDGE('',*,*,#16539,.T.);
#16537=ORIENTED_EDGE('',*,*,#16540,.T.);
#16538=EDGE_CURVE('',#227,#229,#16541,.F.);
#16539=EDGE_CURVE('',#229,#255,#16542,.T.);
#16540=EDGE_CURVE('',#255,#227,#16543,.T.);
#16541=LINE('',#226,#16544);
#16542=LINE('',#228,#16545);
#16543=LINE('',#254,#16546);
#16544=VECTOR('',#16547,1.0);
#16545=VECTOR('',#16548,1.0);
#16546=VECTOR('',#16549,1.0);
#16547=DIRECTION('',(0.9467581937280892,-0.3219455273935731,0));
#16548=DIRECTION('',(0.9973339836834568,0.0729720836353624,0));
#16549=DIRECTION('',(-0.9995776377329005,-0.029061076103856,0));
#16550=FACE_SURFACE('',(#16555),#16551,.T.);
#16551=PLANE('',#16552);
#16552=AXIS2_PLACEMENT_3D('',#192,#16553,#16554);
#16553=DIRECTION('',(0,0,-1));
#16554=DIRECTION('',(-0.06588558846872812,-0.9978271840514917,0));
#16555=FACE_BOUND('',#16556,.T.);
#16556=EDGE_LOOP('',(#16557,#16558,#16559));
#16557=ORIENTED_EDGE('',*,*,#16560,.T.);
#16558=ORIENTED_EDGE('',*,*,#16561,.T.);
#16559=ORIENTED_EDGE('',*,*,#16562,.T.);
#16560=EDGE_CURVE('',#193,#189,#16563,.F.);
#16561=EDGE_CURVE('',#189,#877,#16564,.T.);
#16562=EDGE_CURVE('',#877,#193,#16565,.T.);
#16563=LINE('',#192,#16566);
#16564=LINE('',#188,#16567);
#16565=LINE('',#876,#16568);
#16566=VECTOR('',#16569,1.0);
#16567=VECTOR('',#16570,1.0);
#16568=VECTOR('',#16571,1.0);
#16569=DIRECTION('',(-0.06588558846872812,-0.9978271840514917,0));
#16570=DIRECTION('',(-0.9981642894848705,-0.06056443838725479,0));
#16571=DIRECTION('',(0.9957806286059164,0.09176567818746897,0));
#16572=FACE_SURFACE('',(#16577),#16573,.T.);
#16573=PLANE('',#16574);
#16574=AXIS2_PLACEMENT_3D('',#194,#16575,#16576);
#16575=DIRECTION('',(0,0,-1));
#16576=DIRECTION('',(-0.1950114988286058,-0.9808009560173871,0));
#16577=FACE_BOUND('',#16578,.T.);
#16578=EDGE_LOOP('',(#16579,#16580,#16581));
#16579=ORIENTED_EDGE('',*,*,#16582,.T.);
#16580=ORIENTED_EDGE('',*,*,#16583,.T.);
#16581=ORIENTED_EDGE('',*,*,#16584,.T.);
#16582=EDGE_CURVE('',#195,#193,#16585,.F.);
#16583=EDGE_CURVE('',#193,#877,#16586,.T.);
#16584=EDGE_CURVE('',#877,#195,#16587,.T.);
#16585=LINE('',#194,#16588);
#16586=LINE('',#192,#16589);
#16587=LINE('',#876,#16590);
#16588=VECTOR('',#16591,1.0);
#16589=VECTOR('',#16592,1.0);
#16590=VECTOR('',#16593,1.0);
#16591=DIRECTION('',(-0.1950114988286058,-0.9808009560173871,0));
#16592=DIRECTION('',(-0.9957806286059164,-0.09176567818746897,0));
#16593=DIRECTION('',(0.9925886734300593,0.12152253033226042,0));
#16594=FACE_SURFACE('',(#16599),#16595,.T.);
#16595=PLANE('',#16596);
#16596=AXIS2_PLACEMENT_3D('',#84,#16597,#16598);
#16597=DIRECTION('',(0,-0,-1));
#16598=DIRECTION('',(0.7865171293170181,-0.6175684620274233,0));
#16599=FACE_BOUND('',#16600,.T.);
#16600=EDGE_LOOP('',(#16601,#16602,#16603));
#16601=ORIENTED_EDGE('',*,*,#16604,.T.);
#16602=ORIENTED_EDGE('',*,*,#16605,.T.);
#16603=ORIENTED_EDGE('',*,*,#16606,.T.);
#16604=EDGE_CURVE('',#85,#113,#16607,.F.);
#16605=EDGE_CURVE('',#113,#995,#16608,.T.);
#16606=EDGE_CURVE('',#995,#85,#16609,.T.);
#16607=LINE('',#84,#16610);
#16608=LINE('',#112,#16611);
#16609=LINE('',#994,#16612);
#16610=VECTOR('',#16613,1.0);
#16611=VECTOR('',#16614,1.0);
#16612=VECTOR('',#16615,1.0);
#16613=DIRECTION('',(0.7865171293170181,-0.6175684620274233,0));
#16614=DIRECTION('',(-0.8757393175381973,0.482784266228439,0));
#16615=DIRECTION('',(0.5549259330159142,0.8318997589051321,0));
#16616=FACE_SURFACE('',(#16621),#16617,.T.);
#16617=PLANE('',#16618);
#16618=AXIS2_PLACEMENT_3D('',#246,#16619,#16620);
#16619=DIRECTION('',(-1,0,0));
#16620=DIRECTION('',(0,-1,0));
#16621=FACE_BOUND('',#16622,.T.);
#16622=EDGE_LOOP('',(#16623,#16624,#16625));
#16623=ORIENTED_EDGE('',*,*,#16626,.T.);
#16624=ORIENTED_EDGE('',*,*,#16627,.T.);
#16625=ORIENTED_EDGE('',*,*,#16628,.T.);
#16626=EDGE_CURVE('',#247,#243,#16629,.F.);
#16627=EDGE_CURVE('',#243,#127,#16630,.T.);
#16628=EDGE_CURVE('',#127,#247,#16631,.T.);
#16629=LINE('',#246,#16632);
#16630=LINE('',#242,#16633);
#16631=LINE('',#126,#16634);
#16632=VECTOR('',#16635,1.0);
#16633=VECTOR('',#16636,1.0);
#16634=VECTOR('',#16637,1.0);
#16635=DIRECTION('',(0,-1,0));
#16636=DIRECTION('',(0,0,1));
#16637=DIRECTION('',(0,0.2059793354884373,-0.9785563414294252));
#16638=FACE_SURFACE('',(#16643),#16639,.T.);
#16639=PLANE('',#16640);
#16640=AXIS2_PLACEMENT_3D('',#246,#16641,#16642);
#16641=DIRECTION('',(-1,0,0));
#16642=DIRECTION('',(0,-0.2059793354884373,0.9785563414294252));
#16643=FACE_BOUND('',#16644,.T.);
#16644=EDGE_LOOP('',(#16645,#16646,#16647));
#16645=ORIENTED_EDGE('',*,*,#16648,.T.);
#16646=ORIENTED_EDGE('',*,*,#16649,.T.);
#16647=ORIENTED_EDGE('',*,*,#16650,.T.);
#16648=EDGE_CURVE('',#247,#127,#16651,.F.);
#16649=EDGE_CURVE('',#127,#881,#16652,.T.);
#16650=EDGE_CURVE('',#881,#247,#16653,.T.);
#16651=LINE('',#246,#16654);
#16652=LINE('',#126,#16655);
#16653=LINE('',#880,#16656);
#16654=VECTOR('',#16657,1.0);
#16655=VECTOR('',#16658,1.0);
#16656=VECTOR('',#16659,1.0);
#16657=DIRECTION('',(0,-0.2059793354884373,0.9785563414294252));
#16658=DIRECTION('',(0,1,0));
#16659=DIRECTION('',(0,0,-1));
#16660=FACE_SURFACE('',(#16665),#16661,.T.);
#16661=PLANE('',#16662);
#16662=AXIS2_PLACEMENT_3D('',#996,#16663,#16664);
#16663=DIRECTION('',(0,-0,-1));
#16664=DIRECTION('',(0.9385165707646608,-0.3452341906592413,0));
#16665=FACE_BOUND('',#16666,.T.);
#16666=EDGE_LOOP('',(#16667,#16668,#16669));
#16667=ORIENTED_EDGE('',*,*,#16670,.T.);
#16668=ORIENTED_EDGE('',*,*,#16671,.T.);
#16669=ORIENTED_EDGE('',*,*,#16672,.T.);
#16670=EDGE_CURVE('',#997,#113,#16673,.F.);
#16671=EDGE_CURVE('',#113,#999,#16674,.T.);
#16672=EDGE_CURVE('',#999,#997,#16675,.T.);
#16673=LINE('',#996,#16676);
#16674=LINE('',#112,#16677);
#16675=LINE('',#998,#16678);
#16676=VECTOR('',#16679,1.0);
#16677=VECTOR('',#16680,1.0);
#16678=VECTOR('',#16681,1.0);
#16679=DIRECTION('',(0.9385165707646608,-0.3452341906592413,0));
#16680=DIRECTION('',(-0.9743682036491254,0.2249591156578826,0));
#16681=DIRECTION('',(0.7519243962219564,0.6592493476418815,0));
#16682=FACE_SURFACE('',(#16687),#16683,.T.);
#16683=PLANE('',#16684);
#16684=AXIS2_PLACEMENT_3D('',#1000,#16685,#16686);
#16685=DIRECTION('',(0,0,-1));
#16686=DIRECTION('',(0.8319062087663801,0.5549162637875629,0));
#16687=FACE_BOUND('',#16688,.T.);
#16688=EDGE_LOOP('',(#16689,#16690,#16691));
#16689=ORIENTED_EDGE('',*,*,#16692,.T.);
#16690=ORIENTED_EDGE('',*,*,#16693,.T.);
#16691=ORIENTED_EDGE('',*,*,#16694,.T.);
#16692=EDGE_CURVE('',#1001,#999,#16695,.F.);
#16693=EDGE_CURVE('',#999,#113,#16696,.T.);
#16694=EDGE_CURVE('',#113,#1001,#16697,.T.);
#16695=LINE('',#1000,#16698);
#16696=LINE('',#998,#16699);
#16697=LINE('',#112,#16700);
#16698=VECTOR('',#16701,1.0);
#16699=VECTOR('',#16702,1.0);
#16700=VECTOR('',#16703,1.0);
#16701=DIRECTION('',(0.8319062087663801,0.5549162637875629,0));
#16702=DIRECTION('',(0.9743682036491254,-0.2249591156578826,0));
#16703=DIRECTION('',(-0.9912213087154864,0.13221315043655218,0));
#16704=FACE_SURFACE('',(#16709),#16705,.T.);
#16705=PLANE('',#16706);
#16706=AXIS2_PLACEMENT_3D('',#110,#16707,#16708);
#16707=DIRECTION('',(0,0,-1));
#16708=DIRECTION('',(0.8968918569094566,0.44224992595760443,0));
#16709=FACE_BOUND('',#16710,.T.);
#16710=EDGE_LOOP('',(#16711,#16712,#16713));
#16711=ORIENTED_EDGE('',*,*,#16714,.T.);
#16712=ORIENTED_EDGE('',*,*,#16715,.T.);
#16713=ORIENTED_EDGE('',*,*,#16716,.T.);
#16714=EDGE_CURVE('',#111,#1001,#16717,.F.);
#16715=EDGE_CURVE('',#1001,#113,#16718,.T.);
#16716=EDGE_CURVE('',#113,#111,#16719,.T.);
#16717=LINE('',#110,#16720);
#16718=LINE('',#1000,#16721);
#16719=LINE('',#112,#16722);
#16720=VECTOR('',#16723,1.0);
#16721=VECTOR('',#16724,1.0);
#16722=VECTOR('',#16725,1.0);
#16723=DIRECTION('',(0.8968918569094566,0.44224992595760443,0));
#16724=DIRECTION('',(0.9912213087154864,-0.13221315043655218,0));
#16725=DIRECTION('',(-0.9977136889513742,0.06758250423771198,0));
#16726=FACE_SURFACE('',(#16731),#16727,.T.);
#16727=PLANE('',#16728);
#16728=AXIS2_PLACEMENT_3D('',#450,#16729,#16730);
#16729=DIRECTION('',(0,0,-1));
#16730=DIRECTION('',(-0.5555612860625667,0.8314755903984836,0));
#16731=FACE_BOUND('',#16732,.T.);
#16732=EDGE_LOOP('',(#16733,#16734,#16735));
#16733=ORIENTED_EDGE('',*,*,#16736,.T.);
#16734=ORIENTED_EDGE('',*,*,#16737,.T.);
#16735=ORIENTED_EDGE('',*,*,#16738,.T.);
#16736=EDGE_CURVE('',#451,#259,#16739,.F.);
#16737=EDGE_CURVE('',#259,#445,#16740,.T.);
#16738=EDGE_CURVE('',#445,#451,#16741,.T.);
#16739=LINE('',#450,#16742);
#16740=LINE('',#258,#16743);
#16741=LINE('',#444,#16744);
#16742=VECTOR('',#16745,1.0);
#16743=VECTOR('',#16746,1.0);
#16744=VECTOR('',#16747,1.0);
#16745=DIRECTION('',(-0.5555612860625667,0.8314755903984836,0));
#16746=DIRECTION('',(0.9418837212769515,-0.3359390652982798,0));
#16747=DIRECTION('',(-0.049937671235845214,-0.9987523361632455,0));
#16748=FACE_SURFACE('',(#16753),#16749,.T.);
#16749=PLANE('',#16750);
#16750=AXIS2_PLACEMENT_3D('',#448,#16751,#16752);
#16751=DIRECTION('',(0,-0,-1));
#16752=DIRECTION('',(0.5760446014654047,-0.8174182632670763,0));
#16753=FACE_BOUND('',#16754,.T.);
#16754=EDGE_LOOP('',(#16755,#16756,#16757));
#16755=ORIENTED_EDGE('',*,*,#16758,.T.);
#16756=ORIENTED_EDGE('',*,*,#16759,.T.);
#16757=ORIENTED_EDGE('',*,*,#16760,.T.);
#16758=EDGE_CURVE('',#449,#445,#16761,.F.);
#16759=EDGE_CURVE('',#445,#259,#16762,.T.);
#16760=EDGE_CURVE('',#259,#449,#16763,.T.);
#16761=LINE('',#448,#16764);
#16762=LINE('',#444,#16765);
#16763=LINE('',#258,#16766);
#16764=VECTOR('',#16767,1.0);
#16765=VECTOR('',#16768,1.0);
#16766=VECTOR('',#16769,1.0);
#16767=DIRECTION('',(0.5760446014654047,-0.8174182632670763,0));
#16768=DIRECTION('',(-0.9418837212769515,0.3359390652982798,0));
#16769=DIRECTION('',(0.9552490987923451,0.29580256803552674,0));
#16770=FACE_SURFACE('',(#16775),#16771,.T.);
#16771=PLANE('',#16772);
#16772=AXIS2_PLACEMENT_3D('',#142,#16773,#16774);
#16773=DIRECTION('',(0,0,-1));
#16774=DIRECTION('',(-0.989588389990394,-0.1439264339731237,0));
#16775=FACE_BOUND('',#16776,.T.);
#16776=EDGE_LOOP('',(#16777,#16778,#16779));
#16777=ORIENTED_EDGE('',*,*,#16780,.T.);
#16778=ORIENTED_EDGE('',*,*,#16781,.T.);
#16779=ORIENTED_EDGE('',*,*,#16782,.T.);
#16780=EDGE_CURVE('',#143,#35,#16783,.F.);
#16781=EDGE_CURVE('',#35,#39,#16784,.T.);
#16782=EDGE_CURVE('',#39,#143,#16785,.T.);
#16783=LINE('',#142,#16786);
#16784=LINE('',#34,#16787);
#16785=LINE('',#38,#16788);
#16786=VECTOR('',#16789,1.0);
#16787=VECTOR('',#16790,1.0);
#16788=VECTOR('',#16791,1.0);
#16789=DIRECTION('',(-0.989588389990394,-0.1439264339731237,0));
#16790=DIRECTION('',(-0.8968918569094566,0.44224992595760443,0));
#16791=DIRECTION('',(0.9973339836834568,0.0729720836353624,0));
#16792=FACE_SURFACE('',(#16797),#16793,.T.);
#16793=PLANE('',#16794);
#16794=AXIS2_PLACEMENT_3D('',#444,#16795,#16796);
#16795=DIRECTION('',(0,-0,-1));
#16796=DIRECTION('',(0.535116996074325,-0.8447779592960453,0));
#16797=FACE_BOUND('',#16798,.T.);
#16798=EDGE_LOOP('',(#16799,#16800,#16801));
#16799=ORIENTED_EDGE('',*,*,#16802,.T.);
#16800=ORIENTED_EDGE('',*,*,#16803,.T.);
#16801=ORIENTED_EDGE('',*,*,#16804,.T.);
#16802=EDGE_CURVE('',#445,#439,#16805,.F.);
#16803=EDGE_CURVE('',#439,#451,#16806,.T.);
#16804=EDGE_CURVE('',#451,#445,#16807,.T.);
#16805=LINE('',#444,#16808);
#16806=LINE('',#438,#16809);
#16807=LINE('',#450,#16810);
#16808=VECTOR('',#16811,1.0);
#16809=VECTOR('',#16812,1.0);
#16810=VECTOR('',#16813,1.0);
#16811=DIRECTION('',(0.535116996074325,-0.8447779592960453,0));
#16812=DIRECTION('',(-0.6388860460717385,-0.7693013844617859,0));
#16813=DIRECTION('',(0.049937671235845214,0.9987523361632455,0));
#16814=FACE_SURFACE('',(#16819),#16815,.T.);
#16815=PLANE('',#16816);
#16816=AXIS2_PLACEMENT_3D('',#438,#16817,#16818);
#16817=DIRECTION('',(0,-0,-1));
#16818=DIRECTION('',(0.49262477042796066,-0.8702418259086373,0));
#16819=FACE_BOUND('',#16820,.T.);
#16820=EDGE_LOOP('',(#16821,#16822,#16823));
#16821=ORIENTED_EDGE('',*,*,#16824,.T.);
#16822=ORIENTED_EDGE('',*,*,#16825,.T.);
#16823=ORIENTED_EDGE('',*,*,#16826,.T.);
#16824=EDGE_CURVE('',#439,#435,#16827,.F.);
#16825=EDGE_CURVE('',#435,#451,#16828,.T.);
#16826=EDGE_CURVE('',#451,#439,#16829,.T.);
#16827=LINE('',#438,#16830);
#16828=LINE('',#434,#16831);
#16829=LINE('',#450,#16832);
#16830=VECTOR('',#16833,1.0);
#16831=VECTOR('',#16834,1.0);
#16832=VECTOR('',#16835,1.0);
#16833=DIRECTION('',(0.49262477042796066,-0.8702418259086373,0));
#16834=DIRECTION('',(-0.9931342217875533,0.11698041508915491,0));
#16835=DIRECTION('',(0.6388860460717385,0.7693013844617859,0));
#16836=FACE_SURFACE('',(#16841),#16837,.T.);
#16837=PLANE('',#16838);
#16838=AXIS2_PLACEMENT_3D('',#434,#16839,#16840);
#16839=DIRECTION('',(-0,-0,-1));
#16840=DIRECTION('',(0.44992346525101157,-0.8930671169719115,0));
#16841=FACE_BOUND('',#16842,.T.);
#16842=EDGE_LOOP('',(#16843,#16844,#16845));
#16843=ORIENTED_EDGE('',*,*,#16846,.T.);
#16844=ORIENTED_EDGE('',*,*,#16847,.T.);
#16845=ORIENTED_EDGE('',*,*,#16848,.T.);
#16846=EDGE_CURVE('',#435,#433,#16849,.F.);
#16847=EDGE_CURVE('',#433,#451,#16850,.T.);
#16848=EDGE_CURVE('',#451,#435,#16851,.T.);
#16849=LINE('',#434,#16852);
#16850=LINE('',#432,#16853);
#16851=LINE('',#450,#16854);
#16852=VECTOR('',#16855,1.0);
#16853=VECTOR('',#16856,1.0);
#16854=VECTOR('',#16857,1.0);
#16855=DIRECTION('',(0.44992346525101157,-0.8930671169719115,0));
#16856=DIRECTION('',(-0.8355825190750878,0.5493649550309254,0));
#16857=DIRECTION('',(0.9931342217875533,-0.11698041508915491,0));
#16858=FACE_SURFACE('',(#16863),#16859,.T.);
#16859=PLANE('',#16860);
#16860=AXIS2_PLACEMENT_3D('',#452,#16861,#16862);
#16861=DIRECTION('',(0,0,-1));
#16862=DIRECTION('',(-0.4422993606293671,0.8968674793897106,0));
#16863=FACE_BOUND('',#16864,.T.);
#16864=EDGE_LOOP('',(#16865,#16866,#16867));
#16865=ORIENTED_EDGE('',*,*,#16868,.T.);
#16866=ORIENTED_EDGE('',*,*,#16869,.T.);
#16867=ORIENTED_EDGE('',*,*,#16870,.T.);
#16868=EDGE_CURVE('',#453,#451,#16871,.F.);
#16869=EDGE_CURVE('',#451,#433,#16872,.T.);
#16870=EDGE_CURVE('',#433,#453,#16873,.T.);
#16871=LINE('',#452,#16874);
#16872=LINE('',#450,#16875);
#16873=LINE('',#432,#16876);
#16874=VECTOR('',#16877,1.0);
#16875=VECTOR('',#16878,1.0);
#16876=VECTOR('',#16879,1.0);
#16877=DIRECTION('',(-0.4422993606293671,0.8968674793897106,0));
#16878=DIRECTION('',(0.8355825190750878,-0.5493649550309254,0));
#16879=DIRECTION('',(-0.3232556434393402,-0.9463116764494763,0));
#16880=FACE_SURFACE('',(#16885),#16881,.T.);
#16881=PLANE('',#16882);
#16882=AXIS2_PLACEMENT_3D('',#40,#16883,#16884);
#16883=DIRECTION('',(0,0,-1));
#16884=DIRECTION('',(-0.8319062087663801,0.5549162637875629,0));
#16885=FACE_BOUND('',#16886,.T.);
#16886=EDGE_LOOP('',(#16887,#16888,#16889));
#16887=ORIENTED_EDGE('',*,*,#16890,.T.);
#16888=ORIENTED_EDGE('',*,*,#16891,.T.);
#16889=ORIENTED_EDGE('',*,*,#16892,.T.);
#16890=EDGE_CURVE('',#41,#35,#16893,.F.);
#16891=EDGE_CURVE('',#35,#143,#16894,.T.);
#16892=EDGE_CURVE('',#143,#41,#16895,.T.);
#16893=LINE('',#40,#16896);
#16894=LINE('',#34,#16897);
#16895=LINE('',#142,#16898);
#16896=VECTOR('',#16899,1.0);
#16897=VECTOR('',#16900,1.0);
#16898=VECTOR('',#16901,1.0);
#16899=DIRECTION('',(-0.8319062087663801,0.5549162637875629,0));
#16900=DIRECTION('',(0.989588389990394,0.1439264339731237,0));
#16901=DIRECTION('',(-0.9690964901704727,-0.24668196678977325,0));
#16902=FACE_SURFACE('',(#16907),#16903,.T.);
#16903=PLANE('',#16904);
#16904=AXIS2_PLACEMENT_3D('',#44,#16905,#16906);
#16905=DIRECTION('',(0,0,-1));
#16906=DIRECTION('',(-0.7519243962219564,0.6592493476418815,0));
#16907=FACE_BOUND('',#16908,.T.);
#16908=EDGE_LOOP('',(#16909,#16910,#16911));
#16909=ORIENTED_EDGE('',*,*,#16912,.T.);
#16910=ORIENTED_EDGE('',*,*,#16913,.T.);
#16911=ORIENTED_EDGE('',*,*,#16914,.T.);
#16912=EDGE_CURVE('',#45,#41,#16915,.F.);
#16913=EDGE_CURVE('',#41,#143,#16916,.T.);
#16914=EDGE_CURVE('',#143,#45,#16917,.T.);
#16915=LINE('',#44,#16918);
#16916=LINE('',#40,#16919);
#16917=LINE('',#142,#16920);
#16918=VECTOR('',#16921,1.0);
#16919=VECTOR('',#16922,1.0);
#16920=VECTOR('',#16923,1.0);
#16921=DIRECTION('',(-0.7519243962219564,0.6592493476418815,0));
#16922=DIRECTION('',(0.9690964901704727,0.24668196678977325,0));
#16923=DIRECTION('',(-0.9250002551402292,-0.379966482719872,0));
#16924=FACE_SURFACE('',(#16929),#16925,.T.);
#16925=PLANE('',#16926);
#16926=AXIS2_PLACEMENT_3D('',#48,#16927,#16928);
#16927=DIRECTION('',(0,0,-1));
#16928=DIRECTION('',(-0.6592474139634943,0.7519260915691417,0));
#16929=FACE_BOUND('',#16930,.T.);
#16930=EDGE_LOOP('',(#16931,#16932,#16933));
#16931=ORIENTED_EDGE('',*,*,#16934,.T.);
#16932=ORIENTED_EDGE('',*,*,#16935,.T.);
#16933=ORIENTED_EDGE('',*,*,#16936,.T.);
#16934=EDGE_CURVE('',#49,#45,#16937,.F.);
#16935=EDGE_CURVE('',#45,#143,#16938,.T.);
#16936=EDGE_CURVE('',#143,#49,#16939,.T.);
#16937=LINE('',#48,#16940);
#16938=LINE('',#44,#16941);
#16939=LINE('',#142,#16942);
#16940=VECTOR('',#16943,1.0);
#16941=VECTOR('',#16944,1.0);
#16942=VECTOR('',#16945,1.0);
#16943=DIRECTION('',(-0.6592474139634943,0.7519260915691417,0));
#16944=DIRECTION('',(0.9250002551402292,0.379966482719872,0));
#16945=DIRECTION('',(-0.8481975120770116,-0.5296800737297638,0));
#16946=FACE_SURFACE('',(#16951),#16947,.T.);
#16947=PLANE('',#16948);
#16948=AXIS2_PLACEMENT_3D('',#52,#16949,#16950);
#16949=DIRECTION('',(0,0,-1));
#16950=DIRECTION('',(-0.5549259330159142,0.8318997589051321,0));
#16951=FACE_BOUND('',#16952,.T.);
#16952=EDGE_LOOP('',(#16953,#16954,#16955));
#16953=ORIENTED_EDGE('',*,*,#16956,.T.);
#16954=ORIENTED_EDGE('',*,*,#16957,.T.);
#16955=ORIENTED_EDGE('',*,*,#16958,.T.);
#16956=EDGE_CURVE('',#53,#49,#16959,.F.);
#16957=EDGE_CURVE('',#49,#143,#16960,.T.);
#16958=EDGE_CURVE('',#143,#53,#16961,.T.);
#16959=LINE('',#52,#16962);
#16960=LINE('',#48,#16963);
#16961=LINE('',#142,#16964);
#16962=VECTOR('',#16965,1.0);
#16963=VECTOR('',#16966,1.0);
#16964=VECTOR('',#16967,1.0);
#16965=DIRECTION('',(-0.5549259330159142,0.8318997589051321,0));
#16966=DIRECTION('',(0.8481975120770116,0.5296800737297638,0));
#16967=DIRECTION('',(-0.7421435335551781,-0.6702409832308335,0));
#16968=FACE_SURFACE('',(#16973),#16969,.T.);
#16969=PLANE('',#16970);
#16970=AXIS2_PLACEMENT_3D('',#56,#16971,#16972);
#16971=DIRECTION('',(0,0,-1));
#16972=DIRECTION('',(-0.44223533172836677,0.8968990530550812,0));
#16973=FACE_BOUND('',#16974,.T.);
#16974=EDGE_LOOP('',(#16975,#16976,#16977));
#16975=ORIENTED_EDGE('',*,*,#16978,.T.);
#16976=ORIENTED_EDGE('',*,*,#16979,.T.);
#16977=ORIENTED_EDGE('',*,*,#16980,.T.);
#16978=EDGE_CURVE('',#57,#53,#16981,.F.);
#16979=EDGE_CURVE('',#53,#143,#16982,.T.);
#16980=EDGE_CURVE('',#143,#57,#16983,.T.);
#16981=LINE('',#56,#16984);
#16982=LINE('',#52,#16985);
#16983=LINE('',#142,#16986);
#16984=VECTOR('',#16987,1.0);
#16985=VECTOR('',#16988,1.0);
#16986=VECTOR('',#16989,1.0);
#16987=DIRECTION('',(-0.44223533172836677,0.8968990530550812,0));
#16988=DIRECTION('',(0.7421435335551781,0.6702409832308335,0));
#16989=DIRECTION('',(-0.6260995311716827,-0.7797431481369999,0));
#16990=FACE_SURFACE('',(#16995),#16991,.T.);
#16991=PLANE('',#16992);
#16992=AXIS2_PLACEMENT_3D('',#432,#16993,#16994);
#16993=DIRECTION('',(0,-0,-1));
#16994=DIRECTION('',(0.4052588600359615,-0.9142019778814487,0));
#16995=FACE_BOUND('',#16996,.T.);
#16996=EDGE_LOOP('',(#16997,#16998,#16999));
#16997=ORIENTED_EDGE('',*,*,#17000,.T.);
#16998=ORIENTED_EDGE('',*,*,#17001,.T.);
#16999=ORIENTED_EDGE('',*,*,#17002,.T.);
#17000=EDGE_CURVE('',#433,#429,#17003,.F.);
#17001=EDGE_CURVE('',#429,#453,#17004,.T.);
#17002=EDGE_CURVE('',#453,#433,#17005,.T.);
#17003=LINE('',#432,#17006);
#17004=LINE('',#428,#17007);
#17005=LINE('',#452,#17008);
#17006=VECTOR('',#17009,1.0);
#17007=VECTOR('',#17010,1.0);
#17008=VECTOR('',#17011,1.0);
#17009=DIRECTION('',(0.4052588600359615,-0.9142019778814487,0));
#17010=DIRECTION('',(-0.9238128982878211,-0.3828442620140154,0));
#17011=DIRECTION('',(0.3232556434393402,0.9463116764494763,0));
#17012=FACE_SURFACE('',(#17017),#17013,.T.);
#17013=PLANE('',#17014);
#17014=AXIS2_PLACEMENT_3D('',#428,#17015,#17016);
#17015=DIRECTION('',(0,-0,-1));
#17016=DIRECTION('',(0.35949434441361816,-0.933147264012826,0));
#17017=FACE_BOUND('',#17018,.T.);
#17018=EDGE_LOOP('',(#17019,#17020,#17021));
#17019=ORIENTED_EDGE('',*,*,#17022,.T.);
#17020=ORIENTED_EDGE('',*,*,#17023,.T.);
#17021=ORIENTED_EDGE('',*,*,#17024,.T.);
#17022=EDGE_CURVE('',#429,#427,#17025,.F.);
#17023=EDGE_CURVE('',#427,#453,#17026,.T.);
#17024=EDGE_CURVE('',#453,#429,#17027,.T.);
#17025=LINE('',#428,#17028);
#17026=LINE('',#426,#17029);
#17027=LINE('',#452,#17030);
#17028=VECTOR('',#17031,1.0);
#17029=VECTOR('',#17032,1.0);
#17030=VECTOR('',#17033,1.0);
#17031=DIRECTION('',(0.35949434441361816,-0.933147264012826,0));
#17032=DIRECTION('',(-0.8976689796093569,0.4406704018278242,0));
#17033=DIRECTION('',(0.9238128982878211,0.3828442620140154,0));
#17034=FACE_SURFACE('',(#17039),#17035,.T.);
#17035=PLANE('',#17036);
#17036=AXIS2_PLACEMENT_3D('',#60,#17037,#17038);
#17037=DIRECTION('',(0,0,-1));
#17038=DIRECTION('',(-0.32195480484519057,0.9467550388759994,0));
#17039=FACE_BOUND('',#17040,.T.);
#17040=EDGE_LOOP('',(#17041,#17042,#17043));
#17041=ORIENTED_EDGE('',*,*,#17044,.T.);
#17042=ORIENTED_EDGE('',*,*,#17045,.T.);
#17043=ORIENTED_EDGE('',*,*,#17046,.T.);
#17044=EDGE_CURVE('',#61,#57,#17047,.F.);
#17045=EDGE_CURVE('',#57,#143,#17048,.T.);
#17046=EDGE_CURVE('',#143,#61,#17049,.T.);
#17047=LINE('',#60,#17050);
#17048=LINE('',#56,#17051);
#17049=LINE('',#142,#17052);
#17050=VECTOR('',#17053,1.0);
#17051=VECTOR('',#17054,1.0);
#17052=VECTOR('',#17055,1.0);
#17053=DIRECTION('',(-0.32195480484519057,0.9467550388759994,0));
#17054=DIRECTION('',(0.6260995311716827,0.7797431481369999,0));
#17055=DIRECTION('',(-0.5219445334463214,-0.8529794276566709,0));
#17056=FACE_SURFACE('',(#17061),#17057,.T.);
#17057=PLANE('',#17058);
#17058=AXIS2_PLACEMENT_3D('',#142,#17059,#17060);
#17059=DIRECTION('',(0,-0,-1));
#17060=DIRECTION('',(0.994998869473481,0.09988618396202051,0));
#17061=FACE_BOUND('',#17062,.T.);
#17062=EDGE_LOOP('',(#17063,#17064,#17065));
#17063=ORIENTED_EDGE('',*,*,#17066,.T.);
#17064=ORIENTED_EDGE('',*,*,#17067,.T.);
#17065=ORIENTED_EDGE('',*,*,#17068,.T.);
#17066=EDGE_CURVE('',#143,#455,#17069,.F.);
#17067=EDGE_CURVE('',#455,#61,#17070,.T.);
#17068=EDGE_CURVE('',#61,#143,#17071,.T.);
#17069=LINE('',#142,#17072);
#17070=LINE('',#454,#17073);
#17071=LINE('',#60,#17074);
#17072=VECTOR('',#17075,1.0);
#17073=VECTOR('',#17076,1.0);
#17074=VECTOR('',#17077,1.0);
#17075=DIRECTION('',(0.994998869473481,0.09988618396202051,0));
#17076=DIRECTION('',(-0.9677602789919885,-0.2518730680429106,0));
#17077=DIRECTION('',(0.5219445334463214,0.8529794276566709,0));
#17078=FACE_SURFACE('',(#17083),#17079,.T.);
#17079=PLANE('',#17080);
#17080=AXIS2_PLACEMENT_3D('',#64,#17081,#17082);
#17081=DIRECTION('',(0,0,-1));
#17082=DIRECTION('',(-0.19501325280893347,0.9808006072739143,0));
#17083=FACE_BOUND('',#17084,.T.);
#17084=EDGE_LOOP('',(#17085,#17086,#17087));
#17085=ORIENTED_EDGE('',*,*,#17088,.T.);
#17086=ORIENTED_EDGE('',*,*,#17089,.T.);
#17087=ORIENTED_EDGE('',*,*,#17090,.T.);
#17088=EDGE_CURVE('',#65,#61,#17091,.F.);
#17089=EDGE_CURVE('',#61,#455,#17092,.T.);
#17090=EDGE_CURVE('',#455,#65,#17093,.T.);
#17091=LINE('',#64,#17094);
#17092=LINE('',#60,#17095);
#17093=LINE('',#454,#17096);
#17094=VECTOR('',#17097,1.0);
#17095=VECTOR('',#17098,1.0);
#17096=VECTOR('',#17099,1.0);
#17097=DIRECTION('',(-0.19501325280893347,0.9808006072739143,0));
#17098=DIRECTION('',(0.9677602789919885,0.2518730680429106,0));
#17099=DIRECTION('',(-0.9600561743423242,-0.27980733033139227,0));
#17100=FACE_SURFACE('',(#17105),#17101,.T.);
#17101=PLANE('',#17102);
#17102=AXIS2_PLACEMENT_3D('',#422,#17103,#17104);
#17103=DIRECTION('',(-0,0,-1));
#17104=DIRECTION('',(-0.6193843011210249,-0.7850879489107061,0));
#17105=FACE_BOUND('',#17106,.T.);
#17106=EDGE_LOOP('',(#17107,#17108,#17109));
#17107=ORIENTED_EDGE('',*,*,#17110,.T.);
#17108=ORIENTED_EDGE('',*,*,#17111,.T.);
#17109=ORIENTED_EDGE('',*,*,#17112,.T.);
#17110=EDGE_CURVE('',#423,#543,#17113,.F.);
#17111=EDGE_CURVE('',#543,#427,#17114,.T.);
#17112=EDGE_CURVE('',#427,#423,#17115,.T.);
#17113=LINE('',#422,#17116);
#17114=LINE('',#542,#17117);
#17115=LINE('',#426,#17118);
#17116=VECTOR('',#17119,1.0);
#17117=VECTOR('',#17120,1.0);
#17118=VECTOR('',#17121,1.0);
#17119=DIRECTION('',(-0.6193843011210249,-0.7850879489107061,0));
#17120=DIRECTION('',(0.2021879527300489,0.9793467372543964,0));
#17121=DIRECTION('',(0.313779523533502,-0.9494958718241426,0));
#17122=FACE_SURFACE('',(#17127),#17123,.T.);
#17123=PLANE('',#17124);
#17124=AXIS2_PLACEMENT_3D('',#76,#17125,#17126);
#17125=DIRECTION('',(0,-0,-1));
#17126=DIRECTION('',(0.5864727781063456,-0.8099689380094925,0));
#17127=FACE_BOUND('',#17128,.T.);
#17128=EDGE_LOOP('',(#17129,#17130,#17131));
#17129=ORIENTED_EDGE('',*,*,#17132,.T.);
#17130=ORIENTED_EDGE('',*,*,#17133,.T.);
#17131=ORIENTED_EDGE('',*,*,#17134,.T.);
#17132=EDGE_CURVE('',#77,#113,#17135,.F.);
#17133=EDGE_CURVE('',#113,#81,#17136,.T.);
#17134=EDGE_CURVE('',#81,#77,#17137,.T.);
#17135=LINE('',#76,#17138);
#17136=LINE('',#112,#17139);
#17137=LINE('',#80,#17140);
#17138=VECTOR('',#17141,1.0);
#17139=VECTOR('',#17142,1.0);
#17140=VECTOR('',#17143,1.0);
#17141=DIRECTION('',(0.5864727781063456,-0.8099689380094925,0));
#17142=DIRECTION('',(-0.6839900913393913,0.729491298748334,0));
#17143=DIRECTION('',(0.32195480484519057,0.9467550388759994,0));
#17144=FACE_SURFACE('',(#17149),#17145,.T.);
#17145=PLANE('',#17146);
#17146=AXIS2_PLACEMENT_3D('',#422,#17147,#17148);
#17147=DIRECTION('',(0,-0,-1));
#17148=DIRECTION('',(0.26664166330346195,-0.9637957373794321,0));
#17149=FACE_BOUND('',#17150,.T.);
#17150=EDGE_LOOP('',(#17151,#17152,#17153));
#17151=ORIENTED_EDGE('',*,*,#17154,.T.);
#17152=ORIENTED_EDGE('',*,*,#17155,.T.);
#17153=ORIENTED_EDGE('',*,*,#17156,.T.);
#17154=EDGE_CURVE('',#423,#517,#17157,.F.);
#17155=EDGE_CURVE('',#517,#543,#17158,.T.);
#17156=EDGE_CURVE('',#543,#423,#17159,.T.);
#17157=LINE('',#422,#17160);
#17158=LINE('',#516,#17161);
#17159=LINE('',#542,#17162);
#17160=VECTOR('',#17163,1.0);
#17161=VECTOR('',#17164,1.0);
#17162=VECTOR('',#17165,1.0);
#17163=DIRECTION('',(0.26664166330346195,-0.9637957373794321,0));
#17164=DIRECTION('',(-0.9957294941071682,0.09231887437075334,0));
#17165=DIRECTION('',(0.6193843011210249,0.7850879489107061,0));
#17166=FACE_SURFACE('',(#17171),#17167,.T.);
#17167=PLANE('',#17168);
#17168=AXIS2_PLACEMENT_3D('',#112,#17169,#17170);
#17169=DIRECTION('',(0,0,-1));
#17170=DIRECTION('',(-0.7865171293170181,0.6175684620274233,0));
#17171=FACE_BOUND('',#17172,.T.);
#17172=EDGE_LOOP('',(#17173,#17174,#17175));
#17173=ORIENTED_EDGE('',*,*,#17176,.T.);
#17174=ORIENTED_EDGE('',*,*,#17177,.T.);
#17175=ORIENTED_EDGE('',*,*,#17178,.T.);
#17176=EDGE_CURVE('',#113,#85,#17179,.F.);
#17177=EDGE_CURVE('',#85,#81,#17180,.T.);
#17178=EDGE_CURVE('',#81,#113,#17181,.T.);
#17179=LINE('',#112,#17182);
#17180=LINE('',#84,#17183);
#17181=LINE('',#80,#17184);
#17182=VECTOR('',#17185,1.0);
#17183=VECTOR('',#17186,1.0);
#17184=VECTOR('',#17187,1.0);
#17185=DIRECTION('',(-0.7865171293170181,0.6175684620274233,0));
#17186=DIRECTION('',(0.44223533172836677,0.8968990530550812,0));
#17187=DIRECTION('',(0.6839900913393913,-0.729491298748334,0));
#17188=FACE_SURFACE('',(#17193),#17189,.T.);
#17189=PLANE('',#17190);
#17190=AXIS2_PLACEMENT_3D('',#516,#17191,#17192);
#17191=DIRECTION('',(-0,-0,-1));
#17192=DIRECTION('',(0.21913531139723524,-0.9756944784607714,0));
#17193=FACE_BOUND('',#17194,.T.);
#17194=EDGE_LOOP('',(#17195,#17196,#17197));
#17195=ORIENTED_EDGE('',*,*,#17198,.T.);
#17196=ORIENTED_EDGE('',*,*,#17199,.T.);
#17197=ORIENTED_EDGE('',*,*,#17200,.T.);
#17198=EDGE_CURVE('',#517,#513,#17201,.F.);
#17199=EDGE_CURVE('',#513,#543,#17202,.T.);
#17200=EDGE_CURVE('',#543,#517,#17203,.T.);
#17201=LINE('',#516,#17204);
#17202=LINE('',#512,#17205);
#17203=LINE('',#542,#17206);
#17204=VECTOR('',#17207,1.0);
#17205=VECTOR('',#17208,1.0);
#17206=VECTOR('',#17209,1.0);
#17207=DIRECTION('',(0.21913531139723524,-0.9756944784607714,0));
#17208=DIRECTION('',(-0.7414752857871793,0.670980178967174,0));
#17209=DIRECTION('',(0.9957294941071682,-0.09231887437075334,0));
#17210=FACE_SURFACE('',(#17215),#17211,.T.);
#17211=PLANE('',#17212);
#17212=AXIS2_PLACEMENT_3D('',#996,#17213,#17214);
#17213=DIRECTION('',(0,0,-1));
#17214=DIRECTION('',(0.6592474139634943,0.7519260915691417,0));
#17215=FACE_BOUND('',#17216,.T.);
#17216=EDGE_LOOP('',(#17217,#17218,#17219));
#17217=ORIENTED_EDGE('',*,*,#17220,.T.);
#17218=ORIENTED_EDGE('',*,*,#17221,.T.);
#17219=ORIENTED_EDGE('',*,*,#17222,.T.);
#17220=EDGE_CURVE('',#997,#995,#17223,.F.);
#17221=EDGE_CURVE('',#995,#113,#17224,.T.);
#17222=EDGE_CURVE('',#113,#997,#17225,.T.);
#17223=LINE('',#996,#17226);
#17224=LINE('',#994,#17227);
#17225=LINE('',#112,#17228);
#17226=VECTOR('',#17229,1.0);
#17227=VECTOR('',#17230,1.0);
#17228=VECTOR('',#17231,1.0);
#17229=DIRECTION('',(0.6592474139634943,0.7519260915691417,0));
#17230=DIRECTION('',(0.8757393175381973,-0.482784266228439,0));
#17231=DIRECTION('',(-0.9385165707646608,0.3452341906592413,0));
#17232=FACE_SURFACE('',(#17237),#17233,.T.);
#17233=PLANE('',#17234);
#17234=AXIS2_PLACEMENT_3D('',#72,#17235,#17236);
#17235=DIRECTION('',(0,-0,-1));
#17236=DIRECTION('',(0.943313470259229,0.3319031437445131,0));
#17237=FACE_BOUND('',#17238,.T.);
#17238=EDGE_LOOP('',(#17239,#17240,#17241));
#17239=ORIENTED_EDGE('',*,*,#17242,.T.);
#17240=ORIENTED_EDGE('',*,*,#17243,.T.);
#17241=ORIENTED_EDGE('',*,*,#17244,.T.);
#17242=EDGE_CURVE('',#73,#455,#17245,.F.);
#17243=EDGE_CURVE('',#455,#77,#17246,.T.);
#17244=EDGE_CURVE('',#77,#73,#17247,.T.);
#17245=LINE('',#72,#17248);
#17246=LINE('',#454,#17249);
#17247=LINE('',#76,#17250);
#17248=VECTOR('',#17251,1.0);
#17249=VECTOR('',#17252,1.0);
#17250=VECTOR('',#17253,1.0);
#17251=DIRECTION('',(0.943313470259229,0.3319031437445131,0));
#17252=DIRECTION('',(-0.9350122339758957,-0.3546154569606415,0));
#17253=DIRECTION('',(0.19501325280893347,0.9808006072739143,0));
#17254=FACE_SURFACE('',(#17259),#17255,.T.);
#17255=PLANE('',#17256);
#17256=AXIS2_PLACEMENT_3D('',#68,#17257,#17258);
#17257=DIRECTION('',(0,0,-1));
#17258=DIRECTION('',(-0.06493530625831719,0.9978894758444636,0));
#17259=FACE_BOUND('',#17260,.T.);
#17260=EDGE_LOOP('',(#17261,#17262,#17263));
#17261=ORIENTED_EDGE('',*,*,#17264,.T.);
#17262=ORIENTED_EDGE('',*,*,#17265,.T.);
#17263=ORIENTED_EDGE('',*,*,#17266,.T.);
#17264=EDGE_CURVE('',#69,#65,#17267,.F.);
#17265=EDGE_CURVE('',#65,#455,#17268,.T.);
#17266=EDGE_CURVE('',#455,#69,#17269,.T.);
#17267=LINE('',#68,#17270);
#17268=LINE('',#64,#17271);
#17269=LINE('',#454,#17272);
#17270=VECTOR('',#17273,1.0);
#17271=VECTOR('',#17274,1.0);
#17272=VECTOR('',#17275,1.0);
#17273=DIRECTION('',(-0.06493530625831719,0.9978894758444636,0));
#17274=DIRECTION('',(0.9600561743423242,0.27980733033139227,0));
#17275=DIRECTION('',(-0.9517916629228146,-0.30674522064837995,0));
#17276=FACE_SURFACE('',(#17281),#17277,.T.);
#17277=PLANE('',#17278);
#17278=AXIS2_PLACEMENT_3D('',#68,#17279,#17280);
#17279=DIRECTION('',(0,-0,-1));
#17280=DIRECTION('',(0.9517916629228146,0.30674522064837995,0));
#17281=FACE_BOUND('',#17282,.T.);
#17282=EDGE_LOOP('',(#17283,#17284,#17285));
#17283=ORIENTED_EDGE('',*,*,#17286,.T.);
#17284=ORIENTED_EDGE('',*,*,#17287,.T.);
#17285=ORIENTED_EDGE('',*,*,#17288,.T.);
#17286=EDGE_CURVE('',#69,#455,#17289,.F.);
#17287=EDGE_CURVE('',#455,#73,#17290,.T.);
#17288=EDGE_CURVE('',#73,#69,#17291,.T.);
#17289=LINE('',#68,#17292);
#17290=LINE('',#454,#17293);
#17291=LINE('',#72,#17294);
#17292=VECTOR('',#17295,1.0);
#17293=VECTOR('',#17296,1.0);
#17294=VECTOR('',#17297,1.0);
#17295=DIRECTION('',(0.9517916629228146,0.30674522064837995,0));
#17296=DIRECTION('',(-0.943313470259229,-0.3319031437445131,0));
#17297=DIRECTION('',(0.06493530625831719,0.9978894758444636,0));
#17298=FACE_SURFACE('',(#17303),#17299,.T.);
#17299=PLANE('',#17300);
#17300=AXIS2_PLACEMENT_3D('',#994,#17301,#17302);
#17301=DIRECTION('',(-0.8318997589051321,0.5549259330159142,0));
#17302=DIRECTION('',(0,0,1));
#17303=FACE_BOUND('',#17304,.T.);
#17304=EDGE_LOOP('',(#17305,#17306,#17307));
#17305=ORIENTED_EDGE('',*,*,#17308,.T.);
#17306=ORIENTED_EDGE('',*,*,#17309,.T.);
#17307=ORIENTED_EDGE('',*,*,#17310,.T.);
#17308=EDGE_CURVE('',#995,#991,#17311,.F.);
#17309=EDGE_CURVE('',#991,#85,#17312,.T.);
#17310=EDGE_CURVE('',#85,#995,#17313,.T.);
#17311=LINE('',#994,#17314);
#17312=LINE('',#990,#17315);
#17313=LINE('',#84,#17316);
#17314=VECTOR('',#17317,1.0);
#17315=VECTOR('',#17318,1.0);
#17316=VECTOR('',#17319,1.0);
#17317=DIRECTION('',(0,0,1));
#17318=DIRECTION('',(0.4018676926043211,0.6024473117923451,-0.6896082903758161));
#17319=DIRECTION('',(-0.5549259330159142,-0.8318997589051321,0));
#17320=FACE_SURFACE('',(#17325),#17321,.T.);
#17321=PLANE('',#17322);
#17322=AXIS2_PLACEMENT_3D('',#86,#17323,#17324);
#17323=DIRECTION('',(-0.8318997589051321,0.5549259330159142,0));
#17324=DIRECTION('',(0,0,-1));
#17325=FACE_BOUND('',#17326,.T.);
#17326=EDGE_LOOP('',(#17327,#17328,#17329));
#17327=ORIENTED_EDGE('',*,*,#17330,.T.);
#17328=ORIENTED_EDGE('',*,*,#17331,.T.);
#17329=ORIENTED_EDGE('',*,*,#17332,.T.);
#17330=EDGE_CURVE('',#87,#85,#17333,.F.);
#17331=EDGE_CURVE('',#85,#991,#17334,.T.);
#17332=EDGE_CURVE('',#991,#87,#17335,.T.);
#17333=LINE('',#86,#17336);
#17334=LINE('',#84,#17337);
#17335=LINE('',#990,#17338);
#17336=VECTOR('',#17339,1.0);
#17337=VECTOR('',#17340,1.0);
#17338=VECTOR('',#17341,1.0);
#17339=DIRECTION('',(0,0,-1));
#17340=DIRECTION('',(-0.4018676926043211,-0.6024473117923451,0.6896082903758161));
#17341=DIRECTION('',(0.5549259330159142,0.8318997589051321,0));
#17342=FACE_SURFACE('',(#17347),#17343,.T.);
#17343=PLANE('',#17344);
#17344=AXIS2_PLACEMENT_3D('',#990,#17345,#17346);
#17345=DIRECTION('',(-0.7519260915691418,0.6592474139634943,0));
#17346=DIRECTION('',(0,0,-1));
#17347=FACE_BOUND('',#17348,.T.);
#17348=EDGE_LOOP('',(#17349,#17350,#17351));
#17349=ORIENTED_EDGE('',*,*,#17352,.T.);
#17350=ORIENTED_EDGE('',*,*,#17353,.T.);
#17351=ORIENTED_EDGE('',*,*,#17354,.T.);
#17352=EDGE_CURVE('',#991,#995,#17355,.F.);
#17353=EDGE_CURVE('',#995,#997,#17356,.T.);
#17354=EDGE_CURVE('',#997,#991,#17357,.T.);
#17355=LINE('',#990,#17358);
#17356=LINE('',#994,#17359);
#17357=LINE('',#996,#17360);
#17358=VECTOR('',#17361,1.0);
#17359=VECTOR('',#17362,1.0);
#17360=VECTOR('',#17363,1.0);
#17361=DIRECTION('',(0,0,-1));
#17362=DIRECTION('',(-0.6592474139634943,-0.7519260915691417,0));
#17363=DIRECTION('',(0.4773424779862165,0.5444484971949853,0.6897245773583108));
#17364=FACE_SURFACE('',(#17369),#17365,.T.);
#17365=PLANE('',#17366);
#17366=AXIS2_PLACEMENT_3D('',#990,#17367,#17368);
#17367=DIRECTION('',(-0.7519260915691418,0.6592474139634943,0));
#17368=DIRECTION('',(-0.4773424779862165,-0.5444484971949853,-0.6897245773583108));
#17369=FACE_BOUND('',#17370,.T.);
#17370=EDGE_LOOP('',(#17371,#17372,#17373));
#17371=ORIENTED_EDGE('',*,*,#17374,.T.);
#17372=ORIENTED_EDGE('',*,*,#17375,.T.);
#17373=ORIENTED_EDGE('',*,*,#17376,.T.);
#17374=EDGE_CURVE('',#991,#997,#17377,.F.);
#17375=EDGE_CURVE('',#997,#987,#17378,.T.);
#17376=EDGE_CURVE('',#987,#991,#17379,.T.);
#17377=LINE('',#990,#17380);
#17378=LINE('',#996,#17381);
#17379=LINE('',#986,#17382);
#17380=VECTOR('',#17383,1.0);
#17381=VECTOR('',#17384,1.0);
#17382=VECTOR('',#17385,1.0);
#17383=DIRECTION('',(-0.4773424779862165,-0.5444484971949853,-0.6897245773583108));
#17384=DIRECTION('',(0,0,1));
#17385=DIRECTION('',(0.6592474139634943,0.7519260915691417,0));
#17386=FACE_SURFACE('',(#17391),#17387,.T.);
#17387=PLANE('',#17388);
#17388=AXIS2_PLACEMENT_3D('',#986,#17389,#17390);
#17389=DIRECTION('',(-0.6592493476418816,0.7519243962219564,0));
#17390=DIRECTION('',(0,0,-1));
#17391=FACE_BOUND('',#17392,.T.);
#17392=EDGE_LOOP('',(#17393,#17394,#17395));
#17393=ORIENTED_EDGE('',*,*,#17396,.T.);
#17394=ORIENTED_EDGE('',*,*,#17397,.T.);
#17395=ORIENTED_EDGE('',*,*,#17398,.T.);
#17396=EDGE_CURVE('',#987,#997,#17399,.F.);
#17397=EDGE_CURVE('',#997,#999,#17400,.T.);
#17398=EDGE_CURVE('',#999,#987,#17401,.T.);
#17399=LINE('',#986,#17402);
#17400=LINE('',#996,#17403);
#17401=LINE('',#998,#17404);
#17402=VECTOR('',#17405,1.0);
#17403=VECTOR('',#17406,1.0);
#17404=VECTOR('',#17407,1.0);
#17405=DIRECTION('',(0,0,-1));
#17406=DIRECTION('',(-0.7519243962219564,-0.6592493476418815,0));
#17407=DIRECTION('',(0.5444472258989422,0.4773438397566772,0.6897246384299301));
#17408=FACE_SURFACE('',(#17413),#17409,.T.);
#17409=PLANE('',#17410);
#17410=AXIS2_PLACEMENT_3D('',#986,#17411,#17412);
#17411=DIRECTION('',(-0.6592493476418816,0.7519243962219564,0));
#17412=DIRECTION('',(-0.5444472258989422,-0.4773438397566772,-0.6897246384299301));
#17413=FACE_BOUND('',#17414,.T.);
#17414=EDGE_LOOP('',(#17415,#17416,#17417));
#17415=ORIENTED_EDGE('',*,*,#17418,.T.);
#17416=ORIENTED_EDGE('',*,*,#17419,.T.);
#17417=ORIENTED_EDGE('',*,*,#17420,.T.);
#17418=EDGE_CURVE('',#987,#999,#17421,.F.);
#17419=EDGE_CURVE('',#999,#985,#17422,.T.);
#17420=EDGE_CURVE('',#985,#987,#17423,.T.);
#17421=LINE('',#986,#17424);
#17422=LINE('',#998,#17425);
#17423=LINE('',#984,#17426);
#17424=VECTOR('',#17427,1.0);
#17425=VECTOR('',#17428,1.0);
#17426=VECTOR('',#17429,1.0);
#17427=DIRECTION('',(-0.5444472258989422,-0.4773438397566772,-0.6897246384299301));
#17428=DIRECTION('',(0,0,1));
#17429=DIRECTION('',(0.7519243962219564,0.6592493476418815,0));
#17430=FACE_SURFACE('',(#17435),#17431,.T.);
#17431=PLANE('',#17432);
#17432=AXIS2_PLACEMENT_3D('',#526,#17433,#17434);
#17433=DIRECTION('',(0,0,-1));
#17434=DIRECTION('',(-0.195193152587066,0.9807648205268796,0));
#17435=FACE_BOUND('',#17436,.T.);
#17436=EDGE_LOOP('',(#17437,#17438,#17439));
#17437=ORIENTED_EDGE('',*,*,#17440,.T.);
#17438=ORIENTED_EDGE('',*,*,#17441,.T.);
#17439=ORIENTED_EDGE('',*,*,#17442,.T.);
#17440=EDGE_CURVE('',#527,#543,#17443,.F.);
#17441=EDGE_CURVE('',#543,#513,#17444,.T.);
#17442=EDGE_CURVE('',#513,#527,#17445,.T.);
#17443=LINE('',#526,#17446);
#17444=LINE('',#542,#17447);
#17445=LINE('',#512,#17448);
#17446=VECTOR('',#17449,1.0);
#17447=VECTOR('',#17450,1.0);
#17448=VECTOR('',#17451,1.0);
#17449=DIRECTION('',(-0.195193152587066,0.9807648205268796,0));
#17450=DIRECTION('',(0.7414752857871793,-0.670980178967174,0));
#17451=DIRECTION('',(-0.4281599231376646,-0.903702982300462,0));
#17452=FACE_SURFACE('',(#17457),#17453,.T.);
#17453=PLANE('',#17454);
#17454=AXIS2_PLACEMENT_3D('',#512,#17455,#17456);
#17455=DIRECTION('',(0,-0,-1));
#17456=DIRECTION('',(0.17114901219602827,-0.985245155087973,0));
#17457=FACE_BOUND('',#17458,.T.);
#17458=EDGE_LOOP('',(#17459,#17460,#17461));
#17459=ORIENTED_EDGE('',*,*,#17462,.T.);
#17460=ORIENTED_EDGE('',*,*,#17463,.T.);
#17461=ORIENTED_EDGE('',*,*,#17464,.T.);
#17462=EDGE_CURVE('',#513,#509,#17465,.F.);
#17463=EDGE_CURVE('',#509,#527,#17466,.T.);
#17464=EDGE_CURVE('',#527,#513,#17467,.T.);
#17465=LINE('',#512,#17468);
#17466=LINE('',#508,#17469);
#17467=LINE('',#526,#17470);
#17468=VECTOR('',#17471,1.0);
#17469=VECTOR('',#17472,1.0);
#17470=VECTOR('',#17473,1.0);
#17471=DIRECTION('',(0.17114901219602827,-0.985245155087973,0));
#17472=DIRECTION('',(-0.8846133241310113,-0.4663252800030064,0));
#17473=DIRECTION('',(0.4281599231376646,0.903702982300462,0));
#17474=FACE_SURFACE('',(#17479),#17475,.T.);
#17475=PLANE('',#17476);
#17476=AXIS2_PLACEMENT_3D('',#508,#17477,#17478);
#17477=DIRECTION('',(0,-0,-1));
#17478=DIRECTION('',(0.1222513983317099,-0.9924991665517617,0));
#17479=FACE_BOUND('',#17480,.T.);
#17480=EDGE_LOOP('',(#17481,#17482,#17483));
#17481=ORIENTED_EDGE('',*,*,#17484,.T.);
#17482=ORIENTED_EDGE('',*,*,#17485,.T.);
#17483=ORIENTED_EDGE('',*,*,#17486,.T.);
#17484=EDGE_CURVE('',#509,#505,#17487,.F.);
#17485=EDGE_CURVE('',#505,#527,#17488,.T.);
#17486=EDGE_CURVE('',#527,#509,#17489,.T.);
#17487=LINE('',#508,#17490);
#17488=LINE('',#504,#17491);
#17489=LINE('',#526,#17492);
#17490=VECTOR('',#17493,1.0);
#17491=VECTOR('',#17494,1.0);
#17492=VECTOR('',#17495,1.0);
#17493=DIRECTION('',(0.1222513983317099,-0.9924991665517617,0));
#17494=DIRECTION('',(-0.8726564388377878,0.4883346595880232,0));
#17495=DIRECTION('',(0.8846133241310113,0.4663252800030064,0));
#17496=FACE_SURFACE('',(#17501),#17497,.T.);
#17497=PLANE('',#17498);
#17498=AXIS2_PLACEMENT_3D('',#524,#17499,#17500);
#17499=DIRECTION('',(0,0,-1));
#17500=DIRECTION('',(-0.06524574169260594,0.9978692264976317,0));
#17501=FACE_BOUND('',#17502,.T.);
#17502=EDGE_LOOP('',(#17503,#17504,#17505));
#17503=ORIENTED_EDGE('',*,*,#17506,.T.);
#17504=ORIENTED_EDGE('',*,*,#17507,.T.);
#17505=ORIENTED_EDGE('',*,*,#17508,.T.);
#17506=EDGE_CURVE('',#525,#527,#17509,.F.);
#17507=EDGE_CURVE('',#527,#505,#17510,.T.);
#17508=EDGE_CURVE('',#505,#525,#17511,.T.);
#17509=LINE('',#524,#17512);
#17510=LINE('',#526,#17513);
#17511=LINE('',#504,#17514);
#17512=VECTOR('',#17515,1.0);
#17513=VECTOR('',#17516,1.0);
#17514=VECTOR('',#17517,1.0);
#17515=DIRECTION('',(-0.06524574169260594,0.9978692264976317,0));
#17516=DIRECTION('',(0.8726564388377878,-0.4883346595880232,0));
#17517=DIRECTION('',(-0.621828826759491,-0.7831531843840737,0));
#17518=FACE_SURFACE('',(#17523),#17519,.T.);
#17519=PLANE('',#17520);
#17520=AXIS2_PLACEMENT_3D('',#504,#17521,#17522);
#17521=DIRECTION('',(0,-0,-1));
#17522=DIRECTION('',(0.07378826192057876,-0.9972739304738394,0));
#17523=FACE_BOUND('',#17524,.T.);
#17524=EDGE_LOOP('',(#17525,#17526,#17527));
#17525=ORIENTED_EDGE('',*,*,#17528,.T.);
#17526=ORIENTED_EDGE('',*,*,#17529,.T.);
#17527=ORIENTED_EDGE('',*,*,#17530,.T.);
#17528=EDGE_CURVE('',#505,#497,#17531,.F.);
#17529=EDGE_CURVE('',#497,#525,#17532,.T.);
#17530=EDGE_CURVE('',#525,#505,#17533,.T.);
#17531=LINE('',#504,#17534);
#17532=LINE('',#496,#17535);
#17533=LINE('',#524,#17536);
#17534=VECTOR('',#17537,1.0);
#17535=VECTOR('',#17538,1.0);
#17536=VECTOR('',#17539,1.0);
#17537=DIRECTION('',(0.07378826192057876,-0.9972739304738394,0));
#17538=DIRECTION('',(-0.9951556366900949,-0.09831204790834058,0));
#17539=DIRECTION('',(0.621828826759491,0.7831531843840737,0));
#17540=FACE_SURFACE('',(#17545),#17541,.T.);
#17541=PLANE('',#17542);
#17542=AXIS2_PLACEMENT_3D('',#502,#17543,#17544);
#17543=DIRECTION('',(0,0,-1));
#17544=DIRECTION('',(-1,0,0));
#17545=FACE_BOUND('',#17546,.T.);
#17546=EDGE_LOOP('',(#17547,#17548,#17549));
#17547=ORIENTED_EDGE('',*,*,#17550,.T.);
#17548=ORIENTED_EDGE('',*,*,#17551,.T.);
#17549=ORIENTED_EDGE('',*,*,#17552,.T.);
#17550=EDGE_CURVE('',#503,#525,#17553,.F.);
#17551=EDGE_CURVE('',#525,#497,#17554,.T.);
#17552=EDGE_CURVE('',#497,#503,#17555,.T.);
#17553=LINE('',#502,#17556);
#17554=LINE('',#524,#17557);
#17555=LINE('',#496,#17558);
#17556=VECTOR('',#17559,1.0);
#17557=VECTOR('',#17560,1.0);
#17558=VECTOR('',#17561,1.0);
#17559=DIRECTION('',(-1,0,0));
#17560=DIRECTION('',(0.9951556366900949,0.09831204790834058,0));
#17561=DIRECTION('',(0.024482758896673344,-0.999700252334072,0));
#17562=FACE_SURFACE('',(#17567),#17563,.T.);
#17563=PLANE('',#17564);
#17564=AXIS2_PLACEMENT_3D('',#1000,#17565,#17566);
#17565=DIRECTION('',(-0.5549162637875629,0.8319062087663801,0));
#17566=DIRECTION('',(0,0,1));
#17567=FACE_BOUND('',#17568,.T.);
#17568=EDGE_LOOP('',(#17569,#17570,#17571));
#17569=ORIENTED_EDGE('',*,*,#17572,.T.);
#17570=ORIENTED_EDGE('',*,*,#17573,.T.);
#17571=ORIENTED_EDGE('',*,*,#17574,.T.);
#17572=EDGE_CURVE('',#1001,#989,#17575,.F.);
#17573=EDGE_CURVE('',#989,#985,#17576,.T.);
#17574=EDGE_CURVE('',#985,#1001,#17577,.T.);
#17575=LINE('',#1000,#17578);
#17576=LINE('',#988,#17579);
#17577=LINE('',#984,#17580);
#17578=VECTOR('',#17581,1.0);
#17579=VECTOR('',#17582,1.0);
#17580=VECTOR('',#17583,1.0);
#17581=DIRECTION('',(0,0,1));
#17582=DIRECTION('',(0.8319062087663801,0.5549162637875629,0));
#17583=DIRECTION('',(-0.6024541531553271,-0.40186213812251675,-0.6896055505065899));
#17584=FACE_SURFACE('',(#17589),#17585,.T.);
#17585=PLANE('',#17586);
#17586=AXIS2_PLACEMENT_3D('',#1000,#17587,#17588);
#17587=DIRECTION('',(-0.5549162637875629,0.8319062087663801,0));
#17588=DIRECTION('',(0.6024541531553271,0.40186213812251675,0.6896055505065899));
#17589=FACE_BOUND('',#17590,.T.);
#17590=EDGE_LOOP('',(#17591,#17592,#17593));
#17591=ORIENTED_EDGE('',*,*,#17594,.T.);
#17592=ORIENTED_EDGE('',*,*,#17595,.T.);
#17593=ORIENTED_EDGE('',*,*,#17596,.T.);
#17594=EDGE_CURVE('',#1001,#985,#17597,.F.);
#17595=EDGE_CURVE('',#985,#999,#17598,.T.);
#17596=EDGE_CURVE('',#999,#1001,#17599,.T.);
#17597=LINE('',#1000,#17600);
#17598=LINE('',#984,#17601);
#17599=LINE('',#998,#17602);
#17600=VECTOR('',#17603,1.0);
#17601=VECTOR('',#17604,1.0);
#17602=VECTOR('',#17605,1.0);
#17603=DIRECTION('',(0.6024541531553271,0.40186213812251675,0.6896055505065899));
#17604=DIRECTION('',(0,0,-1));
#17605=DIRECTION('',(-0.8319062087663801,-0.5549162637875629,0));
#17606=FACE_SURFACE('',(#17611),#17607,.T.);
#17607=PLANE('',#17608);
#17608=AXIS2_PLACEMENT_3D('',#988,#17609,#17610);
#17609=DIRECTION('',(-0.4422499259576045,0.8968918569094567,0));
#17610=DIRECTION('',(0,0,-1));
#17611=FACE_BOUND('',#17612,.T.);
#17612=EDGE_LOOP('',(#17613,#17614,#17615));
#17613=ORIENTED_EDGE('',*,*,#17616,.T.);
#17614=ORIENTED_EDGE('',*,*,#17617,.T.);
#17615=ORIENTED_EDGE('',*,*,#17618,.T.);
#17616=EDGE_CURVE('',#989,#1001,#17619,.F.);
#17617=EDGE_CURVE('',#1001,#167,#17620,.T.);
#17618=EDGE_CURVE('',#167,#989,#17621,.T.);
#17619=LINE('',#988,#17622);
#17620=LINE('',#1000,#17623);
#17621=LINE('',#166,#17624);
#17622=VECTOR('',#17625,1.0);
#17623=VECTOR('',#17626,1.0);
#17624=VECTOR('',#17627,1.0);
#17625=DIRECTION('',(0,0,-1));
#17626=DIRECTION('',(-0.6495024230073556,-0.32026425066905867,0.6896212092525581));
#17627=DIRECTION('',(0.8968918569094566,0.44224992595760443,0));
#17628=FACE_SURFACE('',(#17633),#17629,.T.);
#17629=PLANE('',#17630);
#17630=AXIS2_PLACEMENT_3D('',#110,#17631,#17632);
#17631=DIRECTION('',(-0.4422499259576045,0.8968918569094567,0));
#17632=DIRECTION('',(0,0,1));
#17633=FACE_BOUND('',#17634,.T.);
#17634=EDGE_LOOP('',(#17635,#17636,#17637));
#17635=ORIENTED_EDGE('',*,*,#17638,.T.);
#17636=ORIENTED_EDGE('',*,*,#17639,.T.);
#17637=ORIENTED_EDGE('',*,*,#17640,.T.);
#17638=EDGE_CURVE('',#111,#167,#17641,.F.);
#17639=EDGE_CURVE('',#167,#1001,#17642,.T.);
#17640=EDGE_CURVE('',#1001,#111,#17643,.T.);
#17641=LINE('',#110,#17644);
#17642=LINE('',#166,#17645);
#17643=LINE('',#1000,#17646);
#17644=VECTOR('',#17647,1.0);
#17645=VECTOR('',#17648,1.0);
#17646=VECTOR('',#17649,1.0);
#17647=DIRECTION('',(0,0,1));
#17648=DIRECTION('',(0.6495024230073556,0.32026425066905867,-0.6896212092525581));
#17649=DIRECTION('',(-0.8968918569094566,-0.44224992595760443,0));
#17650=FACE_SURFACE('',(#17655),#17651,.T.);
#17651=PLANE('',#17652);
#17652=AXIS2_PLACEMENT_3D('',#650,#17653,#17654);
#17653=DIRECTION('',(-0.6894559241125263,0.724327639059937,0));
#17654=DIRECTION('',(-0.724327639059937,-0.6894559241125263,0));
#17655=FACE_BOUND('',#17656,.T.);
#17656=EDGE_LOOP('',(#17657,#17658,#17659));
#17657=ORIENTED_EDGE('',*,*,#17660,.T.);
#17658=ORIENTED_EDGE('',*,*,#17661,.T.);
#17659=ORIENTED_EDGE('',*,*,#17662,.T.);
#17660=EDGE_CURVE('',#651,#649,#17663,.F.);
#17661=EDGE_CURVE('',#649,#769,#17664,.T.);
#17662=EDGE_CURVE('',#769,#651,#17665,.T.);
#17663=LINE('',#650,#17666);
#17664=LINE('',#648,#17667);
#17665=LINE('',#768,#17668);
#17666=VECTOR('',#17669,1.0);
#17667=VECTOR('',#17670,1.0);
#17668=VECTOR('',#17671,1.0);
#17669=DIRECTION('',(-0.724327639059937,-0.6894559241125263,0));
#17670=DIRECTION('',(0.07951696239190219,0.07568873232517,0.9939558684825869));
#17671=DIRECTION('',(0,0,-1));
#17672=FACE_SURFACE('',(#17677),#17673,.T.);
#17673=PLANE('',#17674);
#17674=AXIS2_PLACEMENT_3D('',#768,#17675,#17676);
#17675=DIRECTION('',(-0.6894559241125263,0.724327639059937,0));
#17676=DIRECTION('',(-0.07951696239190219,-0.07568873232517,-0.9939558684825869));
#17677=FACE_BOUND('',#17678,.T.);
#17678=EDGE_LOOP('',(#17679,#17680,#17681));
#17679=ORIENTED_EDGE('',*,*,#17682,.T.);
#17680=ORIENTED_EDGE('',*,*,#17683,.T.);
#17681=ORIENTED_EDGE('',*,*,#17684,.T.);
#17682=EDGE_CURVE('',#769,#649,#17685,.F.);
#17683=EDGE_CURVE('',#649,#793,#17686,.T.);
#17684=EDGE_CURVE('',#793,#769,#17687,.T.);
#17685=LINE('',#768,#17688);
#17686=LINE('',#648,#17689);
#17687=LINE('',#792,#17690);
#17688=VECTOR('',#17691,1.0);
#17689=VECTOR('',#17692,1.0);
#17690=VECTOR('',#17693,1.0);
#17691=DIRECTION('',(-0.07951696239190219,-0.07568873232517,-0.9939558684825869));
#17692=DIRECTION('',(0,0,1));
#17693=DIRECTION('',(0.724327639059937,0.6894559241125263,0));
#17694=FACE_SURFACE('',(#17699),#17695,.T.);
#17695=PLANE('',#17696);
#17696=AXIS2_PLACEMENT_3D('',#548,#17697,#17698);
#17697=DIRECTION('',(0,0,-1));
#17698=DIRECTION('',(0.3214506313571714,0.9469263390570968,0));
#17699=FACE_BOUND('',#17700,.T.);
#17700=EDGE_LOOP('',(#17701,#17702,#17703));
#17701=ORIENTED_EDGE('',*,*,#17704,.T.);
#17702=ORIENTED_EDGE('',*,*,#17705,.T.);
#17703=ORIENTED_EDGE('',*,*,#17706,.T.);
#17704=EDGE_CURVE('',#549,#545,#17707,.F.);
#17705=EDGE_CURVE('',#545,#465,#17708,.T.);
#17706=EDGE_CURVE('',#465,#549,#17709,.T.);
#17707=LINE('',#548,#17710);
#17708=LINE('',#544,#17711);
#17709=LINE('',#464,#17712);
#17710=VECTOR('',#17713,1.0);
#17711=VECTOR('',#17714,1.0);
#17712=VECTOR('',#17715,1.0);
#17713=DIRECTION('',(0.3214506313571714,0.9469263390570968,0));
#17714=DIRECTION('',(0.2021879527300489,-0.9793467372543964,0));
#17715=DIRECTION('',(-0.8976689796093569,-0.4406704018278242,0));
#17716=FACE_SURFACE('',(#17721),#17717,.T.);
#17717=PLANE('',#17718);
#17718=AXIS2_PLACEMENT_3D('',#774,#17719,#17720);
#17719=DIRECTION('',(-0.7243250933459506,0.6894585985752733,0));
#17720=DIRECTION('',(0.6894585985752734,0.7243250933459507,0));
#17721=FACE_BOUND('',#17722,.T.);
#17722=EDGE_LOOP('',(#17723,#17724,#17725));
#17723=ORIENTED_EDGE('',*,*,#17726,.T.);
#17724=ORIENTED_EDGE('',*,*,#17727,.T.);
#17725=ORIENTED_EDGE('',*,*,#17728,.T.);
#17726=EDGE_CURVE('',#775,#793,#17729,.F.);
#17727=EDGE_CURVE('',#793,#645,#17730,.T.);
#17728=EDGE_CURVE('',#645,#775,#17731,.T.);
#17729=LINE('',#774,#17732);
#17730=LINE('',#792,#17733);
#17731=LINE('',#644,#17734);
#17732=VECTOR('',#17735,1.0);
#17733=VECTOR('',#17736,1.0);
#17734=VECTOR('',#17737,1.0);
#17735=DIRECTION('',(0.6894585985752734,0.7243250933459507,0));
#17736=DIRECTION('',(-0.07568911045808897,-0.07951677172656478,-0.9939558549413795));
#17737=DIRECTION('',(0,0,1));
#17738=FACE_SURFACE('',(#17743),#17739,.T.);
#17739=PLANE('',#17740);
#17740=AXIS2_PLACEMENT_3D('',#648,#17741,#17742);
#17741=DIRECTION('',(-0.7243250933459506,0.6894585985752733,0));
#17742=DIRECTION('',(-0.6894585985752734,-0.7243250933459507,0));
#17743=FACE_BOUND('',#17744,.T.);
#17744=EDGE_LOOP('',(#17745,#17746,#17747));
#17745=ORIENTED_EDGE('',*,*,#17748,.T.);
#17746=ORIENTED_EDGE('',*,*,#17749,.T.);
#17747=ORIENTED_EDGE('',*,*,#17750,.T.);
#17748=EDGE_CURVE('',#649,#645,#17751,.F.);
#17749=EDGE_CURVE('',#645,#793,#17752,.T.);
#17750=EDGE_CURVE('',#793,#649,#17753,.T.);
#17751=LINE('',#648,#17754);
#17752=LINE('',#644,#17755);
#17753=LINE('',#792,#17756);
#17754=VECTOR('',#17757,1.0);
#17755=VECTOR('',#17758,1.0);
#17756=VECTOR('',#17759,1.0);
#17757=DIRECTION('',(-0.6894585985752734,-0.7243250933459507,0));
#17758=DIRECTION('',(0.07568911045808897,0.07951677172656478,0.9939558549413795));
#17759=DIRECTION('',(0,0,-1));
#17760=FACE_SURFACE('',(#17765),#17761,.T.);
#17761=PLANE('',#17762);
#17762=AXIS2_PLACEMENT_3D('',#488,#17763,#17764);
#17763=DIRECTION('',(-0,0,-1));
#17764=DIRECTION('',(-0.07378826192057876,-0.9972739304738394,0));
#17765=FACE_BOUND('',#17766,.T.);
#17766=EDGE_LOOP('',(#17767,#17768,#17769));
#17767=ORIENTED_EDGE('',*,*,#17770,.T.);
#17768=ORIENTED_EDGE('',*,*,#17771,.T.);
#17769=ORIENTED_EDGE('',*,*,#17772,.T.);
#17770=EDGE_CURVE('',#489,#485,#17773,.F.);
#17771=EDGE_CURVE('',#485,#537,#17774,.T.);
#17772=EDGE_CURVE('',#537,#489,#17775,.T.);
#17773=LINE('',#488,#17776);
#17774=LINE('',#484,#17777);
#17775=LINE('',#536,#17778);
#17776=VECTOR('',#17779,1.0);
#17777=VECTOR('',#17780,1.0);
#17778=VECTOR('',#17781,1.0);
#17779=DIRECTION('',(-0.07378826192057876,-0.9972739304738394,0));
#17780=DIRECTION('',(-0.6216573643037854,0.7832892961140672,0));
#17781=DIRECTION('',(0.9951079882814544,-0.09879317617344115,0));
#17782=FACE_SURFACE('',(#17787),#17783,.T.);
#17783=PLANE('',#17784);
#17784=AXIS2_PLACEMENT_3D('',#492,#17785,#17786);
#17785=DIRECTION('',(-0,0,-1));
#17786=DIRECTION('',(-0.02446027195711448,-0.9997008027884063,0));
#17787=FACE_BOUND('',#17788,.T.);
#17788=EDGE_LOOP('',(#17789,#17790,#17791));
#17789=ORIENTED_EDGE('',*,*,#17792,.T.);
#17790=ORIENTED_EDGE('',*,*,#17793,.T.);
#17791=ORIENTED_EDGE('',*,*,#17794,.T.);
#17792=EDGE_CURVE('',#493,#489,#17795,.F.);
#17793=EDGE_CURVE('',#489,#537,#17796,.T.);
#17794=EDGE_CURVE('',#537,#493,#17797,.T.);
#17795=LINE('',#492,#17798);
#17796=LINE('',#488,#17799);
#17797=LINE('',#536,#17800);
#17798=VECTOR('',#17801,1.0);
#17799=VECTOR('',#17802,1.0);
#17800=VECTOR('',#17803,1.0);
#17801=DIRECTION('',(-0.02446027195711448,-0.9997008027884063,0));
#17802=DIRECTION('',(-0.9951079882814544,0.09879317617344115,0));
#17803=DIRECTION('',(1,0,0));
#17804=FACE_SURFACE('',(#17809),#17805,.T.);
#17805=PLANE('',#17806);
#17806=AXIS2_PLACEMENT_3D('',#538,#17807,#17808);
#17807=DIRECTION('',(0,0,-1));
#17808=DIRECTION('',(0.06524415495274048,0.99786933024545,0));
#17809=FACE_BOUND('',#17810,.T.);
#17810=EDGE_LOOP('',(#17811,#17812,#17813));
#17811=ORIENTED_EDGE('',*,*,#17814,.T.);
#17812=ORIENTED_EDGE('',*,*,#17815,.T.);
#17813=ORIENTED_EDGE('',*,*,#17816,.T.);
#17814=EDGE_CURVE('',#539,#537,#17817,.F.);
#17815=EDGE_CURVE('',#537,#485,#17818,.T.);
#17816=EDGE_CURVE('',#485,#539,#17819,.T.);
#17817=LINE('',#538,#17820);
#17818=LINE('',#536,#17821);
#17819=LINE('',#484,#17822);
#17820=VECTOR('',#17823,1.0);
#17821=VECTOR('',#17824,1.0);
#17822=VECTOR('',#17825,1.0);
#17823=DIRECTION('',(0.06524415495274048,0.99786933024545,0));
#17824=DIRECTION('',(0.6216573643037854,-0.7832892961140672,0));
#17825=DIRECTION('',(-0.8726564388377878,-0.4883346595880232,0));
#17826=FACE_SURFACE('',(#17831),#17827,.T.);
#17827=PLANE('',#17828);
#17828=AXIS2_PLACEMENT_3D('',#484,#17829,#17830);
#17829=DIRECTION('',(0,0,-1));
#17830=DIRECTION('',(-0.1222513983317099,-0.9924991665517617,0));
#17831=FACE_BOUND('',#17832,.T.);
#17832=EDGE_LOOP('',(#17833,#17834,#17835));
#17833=ORIENTED_EDGE('',*,*,#17836,.T.);
#17834=ORIENTED_EDGE('',*,*,#17837,.T.);
#17835=ORIENTED_EDGE('',*,*,#17838,.T.);
#17836=EDGE_CURVE('',#485,#481,#17839,.F.);
#17837=EDGE_CURVE('',#481,#539,#17840,.T.);
#17838=EDGE_CURVE('',#539,#485,#17841,.T.);
#17839=LINE('',#484,#17842);
#17840=LINE('',#480,#17843);
#17841=LINE('',#538,#17844);
#17842=VECTOR('',#17845,1.0);
#17843=VECTOR('',#17846,1.0);
#17844=VECTOR('',#17847,1.0);
#17845=DIRECTION('',(-0.1222513983317099,-0.9924991665517617,0));
#17846=DIRECTION('',(-0.8846133241310113,0.4663252800030064,0));
#17847=DIRECTION('',(0.8726564388377878,0.4883346595880232,0));
#17848=FACE_SURFACE('',(#17853),#17849,.T.);
#17849=PLANE('',#17850);
#17850=AXIS2_PLACEMENT_3D('',#476,#17851,#17852);
#17851=DIRECTION('',(0,0,-1));
#17852=DIRECTION('',(-0.21913531139723524,-0.9756944784607714,0));
#17853=FACE_BOUND('',#17854,.T.);
#17854=EDGE_LOOP('',(#17855,#17856,#17857));
#17855=ORIENTED_EDGE('',*,*,#17858,.T.);
#17856=ORIENTED_EDGE('',*,*,#17859,.T.);
#17857=ORIENTED_EDGE('',*,*,#17860,.T.);
#17858=EDGE_CURVE('',#477,#473,#17861,.F.);
#17859=EDGE_CURVE('',#473,#545,#17862,.T.);
#17860=EDGE_CURVE('',#545,#477,#17863,.T.);
#17861=LINE('',#476,#17864);
#17862=LINE('',#472,#17865);
#17863=LINE('',#544,#17866);
#17864=VECTOR('',#17867,1.0);
#17865=VECTOR('',#17868,1.0);
#17866=VECTOR('',#17869,1.0);
#17867=DIRECTION('',(-0.21913531139723524,-0.9756944784607714,0));
#17868=DIRECTION('',(-0.9957294941071682,-0.09231887437075334,0));
#17869=DIRECTION('',(0.7414752857871793,0.670980178967174,0));
#17870=FACE_SURFACE('',(#17875),#17871,.T.);
#17871=PLANE('',#17872);
#17872=AXIS2_PLACEMENT_3D('',#468,#17873,#17874);
#17873=DIRECTION('',(0,0,-1));
#17874=DIRECTION('',(-0.619381287509241,0.7850903264487438,0));
#17875=FACE_BOUND('',#17876,.T.);
#17876=EDGE_LOOP('',(#17877,#17878,#17879));
#17877=ORIENTED_EDGE('',*,*,#17880,.T.);
#17878=ORIENTED_EDGE('',*,*,#17881,.T.);
#17879=ORIENTED_EDGE('',*,*,#17882,.T.);
#17880=EDGE_CURVE('',#469,#545,#17883,.F.);
#17881=EDGE_CURVE('',#545,#473,#17884,.T.);
#17882=EDGE_CURVE('',#473,#469,#17885,.T.);
#17883=LINE('',#468,#17886);
#17884=LINE('',#544,#17887);
#17885=LINE('',#472,#17888);
#17886=VECTOR('',#17889,1.0);
#17887=VECTOR('',#17890,1.0);
#17888=VECTOR('',#17891,1.0);
#17889=DIRECTION('',(-0.619381287509241,0.7850903264487438,0));
#17890=DIRECTION('',(0.9957294941071682,0.09231887437075334,0));
#17891=DIRECTION('',(-0.26663988812017564,-0.9637962284960759,0));
#17892=FACE_SURFACE('',(#17897),#17893,.T.);
#17893=PLANE('',#17894);
#17894=AXIS2_PLACEMENT_3D('',#644,#17895,#17896);
#17895=DIRECTION('',(-0.7572700524690185,0.6531018815112767,0));
#17896=DIRECTION('',(-0.6531018815112768,-0.7572700524690186,0));
#17897=FACE_BOUND('',#17898,.T.);
#17898=EDGE_LOOP('',(#17899,#17900,#17901));
#17899=ORIENTED_EDGE('',*,*,#17902,.T.);
#17900=ORIENTED_EDGE('',*,*,#17903,.T.);
#17901=ORIENTED_EDGE('',*,*,#17904,.T.);
#17902=EDGE_CURVE('',#645,#643,#17905,.F.);
#17903=EDGE_CURVE('',#643,#777,#17906,.T.);
#17904=EDGE_CURVE('',#777,#645,#17907,.T.);
#17905=LINE('',#644,#17908);
#17906=LINE('',#642,#17909);
#17907=LINE('',#776,#17910);
#17908=VECTOR('',#17911,1.0);
#17909=VECTOR('',#17912,1.0);
#17910=VECTOR('',#17913,1.0);
#17911=DIRECTION('',(-0.6531018815112768,-0.7572700524690186,0));
#17912=DIRECTION('',(0,0,1));
#17913=DIRECTION('',(0.07166468814651399,0.08309503262692632,-0.9939614620424642));
#17914=FACE_SURFACE('',(#17919),#17915,.T.);
#17915=PLANE('',#17916);
#17916=AXIS2_PLACEMENT_3D('',#644,#17917,#17918);
#17917=DIRECTION('',(-0.7572700524690185,0.6531018815112767,0));
#17918=DIRECTION('',(-0.07166468814651399,-0.08309503262692632,0.9939614620424642));
#17919=FACE_BOUND('',#17920,.T.);
#17920=EDGE_LOOP('',(#17921,#17922,#17923));
#17921=ORIENTED_EDGE('',*,*,#17924,.T.);
#17922=ORIENTED_EDGE('',*,*,#17925,.T.);
#17923=ORIENTED_EDGE('',*,*,#17926,.T.);
#17924=EDGE_CURVE('',#645,#777,#17927,.F.);
#17925=EDGE_CURVE('',#777,#775,#17928,.T.);
#17926=EDGE_CURVE('',#775,#645,#17929,.T.);
#17927=LINE('',#644,#17930);
#17928=LINE('',#776,#17931);
#17929=LINE('',#774,#17932);
#17930=VECTOR('',#17933,1.0);
#17931=VECTOR('',#17934,1.0);
#17932=VECTOR('',#17935,1.0);
#17933=DIRECTION('',(-0.07166468814651399,-0.08309503262692632,0.9939614620424642));
#17934=DIRECTION('',(0.6531018815112768,0.7572700524690186,0));
#17935=DIRECTION('',(0,0,-1));
#17936=FACE_SURFACE('',(#17941),#17937,.T.);
#17937=PLANE('',#17938);
#17938=AXIS2_PLACEMENT_3D('',#642,#17939,#17940);
#17939=DIRECTION('',(-0.7884509594472301,0.615097621964792,0));
#17940=DIRECTION('',(-0.615097621964792,-0.7884509594472301,0));
#17941=FACE_BOUND('',#17942,.T.);
#17942=EDGE_LOOP('',(#17943,#17944,#17945));
#17943=ORIENTED_EDGE('',*,*,#17946,.T.);
#17944=ORIENTED_EDGE('',*,*,#17947,.T.);
#17945=ORIENTED_EDGE('',*,*,#17948,.T.);
#17946=EDGE_CURVE('',#643,#641,#17949,.F.);
#17947=EDGE_CURVE('',#641,#779,#17950,.T.);
#17948=EDGE_CURVE('',#779,#643,#17951,.T.);
#17949=LINE('',#642,#17952);
#17950=LINE('',#640,#17953);
#17951=LINE('',#778,#17954);
#17952=VECTOR('',#17955,1.0);
#17953=VECTOR('',#17956,1.0);
#17954=VECTOR('',#17957,1.0);
#17955=DIRECTION('',(-0.615097621964792,-0.7884509594472301,0));
#17956=DIRECTION('',(0,0,1));
#17957=DIRECTION('',(0.0675390063320177,0.08657356562766876,-0.9939534699160697));
#17958=FACE_SURFACE('',(#17963),#17959,.T.);
#17959=PLANE('',#17960);
#17960=AXIS2_PLACEMENT_3D('',#642,#17961,#17962);
#17961=DIRECTION('',(-0.7884509594472301,0.615097621964792,0));
#17962=DIRECTION('',(-0.0675390063320177,-0.08657356562766876,0.9939534699160697));
#17963=FACE_BOUND('',#17964,.T.);
#17964=EDGE_LOOP('',(#17965,#17966,#17967));
#17965=ORIENTED_EDGE('',*,*,#17968,.T.);
#17966=ORIENTED_EDGE('',*,*,#17969,.T.);
#17967=ORIENTED_EDGE('',*,*,#17970,.T.);
#17968=EDGE_CURVE('',#643,#779,#17971,.F.);
#17969=EDGE_CURVE('',#779,#777,#17972,.T.);
#17970=EDGE_CURVE('',#777,#643,#17973,.T.);
#17971=LINE('',#642,#17974);
#17972=LINE('',#778,#17975);
#17973=LINE('',#776,#17976);
#17974=VECTOR('',#17977,1.0);
#17975=VECTOR('',#17978,1.0);
#17976=VECTOR('',#17979,1.0);
#17977=DIRECTION('',(-0.0675390063320177,-0.08657356562766876,0.9939534699160697));
#17978=DIRECTION('',(0.615097621964792,0.7884509594472301,0));
#17979=DIRECTION('',(0,0,-1));
#17980=FACE_SURFACE('',(#17985),#17981,.T.);
#17981=PLANE('',#17982);
#17982=AXIS2_PLACEMENT_3D('',#452,#17983,#17984);
#17983=DIRECTION('',(0,0,-1));
#17984=DIRECTION('',(0.8976689796093569,-0.4406704018278242,0));
#17985=FACE_BOUND('',#17986,.T.);
#17986=EDGE_LOOP('',(#17987,#17988,#17989));
#17987=ORIENTED_EDGE('',*,*,#17990,.T.);
#17988=ORIENTED_EDGE('',*,*,#17991,.T.);
#17989=ORIENTED_EDGE('',*,*,#17992,.T.);
#17990=EDGE_CURVE('',#453,#427,#17993,.F.);
#17991=EDGE_CURVE('',#427,#543,#17994,.T.);
#17992=EDGE_CURVE('',#543,#453,#17995,.T.);
#17993=LINE('',#452,#17996);
#17994=LINE('',#426,#17997);
#17995=LINE('',#542,#17998);
#17996=VECTOR('',#17999,1.0);
#17997=VECTOR('',#18000,1.0);
#17998=VECTOR('',#18001,1.0);
#17999=DIRECTION('',(0.8976689796093569,-0.4406704018278242,0));
#18000=DIRECTION('',(-0.2021879527300489,-0.9793467372543964,0));
#18001=DIRECTION('',(-0.3214506313571714,0.9469263390570968,0));
#18002=FACE_SURFACE('',(#18007),#18003,.T.);
#18003=PLANE('',#18004);
#18004=AXIS2_PLACEMENT_3D('',#640,#18005,#18006);
#18005=DIRECTION('',(-0.8174176531816031,0.5760454671873398,0));
#18006=DIRECTION('',(-0.5760454671873397,-0.817417653181603,0));
#18007=FACE_BOUND('',#18008,.T.);
#18008=EDGE_LOOP('',(#18009,#18010,#18011));
#18009=ORIENTED_EDGE('',*,*,#18012,.T.);
#18010=ORIENTED_EDGE('',*,*,#18013,.T.);
#18011=ORIENTED_EDGE('',*,*,#18014,.T.);
#18012=EDGE_CURVE('',#641,#637,#18015,.F.);
#18013=EDGE_CURVE('',#637,#779,#18016,.T.);
#18014=EDGE_CURVE('',#779,#641,#18017,.T.);
#18015=LINE('',#640,#18018);
#18016=LINE('',#636,#18019);
#18017=LINE('',#778,#18020);
#18018=VECTOR('',#18021,1.0);
#18019=VECTOR('',#18022,1.0);
#18020=VECTOR('',#18023,1.0);
#18021=DIRECTION('',(-0.5760454671873397,-0.817417653181603,0));
#18022=DIRECTION('',(0.06321602485964765,0.08970454178999353,0.993960174948268));
#18023=DIRECTION('',(0,0,-1));
#18024=FACE_SURFACE('',(#18029),#18025,.T.);
#18025=PLANE('',#18026);
#18026=AXIS2_PLACEMENT_3D('',#480,#18027,#18028);
#18027=DIRECTION('',(-0,0,-1));
#18028=DIRECTION('',(-0.17114901219602827,-0.985245155087973,0));
#18029=FACE_BOUND('',#18030,.T.);
#18030=EDGE_LOOP('',(#18031,#18032,#18033));
#18031=ORIENTED_EDGE('',*,*,#18034,.T.);
#18032=ORIENTED_EDGE('',*,*,#18035,.T.);
#18033=ORIENTED_EDGE('',*,*,#18036,.T.);
#18034=EDGE_CURVE('',#481,#477,#18037,.F.);
#18035=EDGE_CURVE('',#477,#539,#18038,.T.);
#18036=EDGE_CURVE('',#539,#481,#18039,.T.);
#18037=LINE('',#480,#18040);
#18038=LINE('',#476,#18041);
#18039=LINE('',#538,#18042);
#18040=VECTOR('',#18043,1.0);
#18041=VECTOR('',#18044,1.0);
#18042=VECTOR('',#18045,1.0);
#18043=DIRECTION('',(-0.17114901219602827,-0.985245155087973,0));
#18044=DIRECTION('',(-0.4281599231376646,0.903702982300462,0));
#18045=DIRECTION('',(0.8846133241310113,-0.4663252800030064,0));
#18046=FACE_SURFACE('',(#18051),#18047,.T.);
#18047=PLANE('',#18048);
#18048=AXIS2_PLACEMENT_3D('',#778,#18049,#18050);
#18049=DIRECTION('',(-0.8174176531816031,0.5760454671873398,0));
#18050=DIRECTION('',(-0.06321602485964765,-0.08970454178999353,-0.993960174948268));
#18051=FACE_BOUND('',#18052,.T.);
#18052=EDGE_LOOP('',(#18053,#18054,#18055));
#18053=ORIENTED_EDGE('',*,*,#18056,.T.);
#18054=ORIENTED_EDGE('',*,*,#18057,.T.);
#18055=ORIENTED_EDGE('',*,*,#18058,.T.);
#18056=EDGE_CURVE('',#779,#637,#18059,.F.);
#18057=EDGE_CURVE('',#637,#781,#18060,.T.);
#18058=EDGE_CURVE('',#781,#779,#18061,.T.);
#18059=LINE('',#778,#18062);
#18060=LINE('',#636,#18063);
#18061=LINE('',#780,#18064);
#18062=VECTOR('',#18065,1.0);
#18063=VECTOR('',#18066,1.0);
#18064=VECTOR('',#18067,1.0);
#18065=DIRECTION('',(-0.06321602485964765,-0.08970454178999353,-0.993960174948268));
#18066=DIRECTION('',(0,0,1));
#18067=DIRECTION('',(0.5760454671873397,0.817417653181603,0));
#18068=FACE_SURFACE('',(#18073),#18069,.T.);
#18069=PLANE('',#18070);
#18070=AXIS2_PLACEMENT_3D('',#544,#18071,#18072);
#18071=DIRECTION('',(0,0,-1));
#18072=DIRECTION('',(0.195193152587066,0.9807648205268796,0));
#18073=FACE_BOUND('',#18074,.T.);
#18074=EDGE_LOOP('',(#18075,#18076,#18077));
#18075=ORIENTED_EDGE('',*,*,#18078,.T.);
#18076=ORIENTED_EDGE('',*,*,#18079,.T.);
#18077=ORIENTED_EDGE('',*,*,#18080,.T.);
#18078=EDGE_CURVE('',#545,#539,#18081,.F.);
#18079=EDGE_CURVE('',#539,#477,#18082,.T.);
#18080=EDGE_CURVE('',#477,#545,#18083,.T.);
#18081=LINE('',#544,#18084);
#18082=LINE('',#538,#18085);
#18083=LINE('',#476,#18086);
#18084=VECTOR('',#18087,1.0);
#18085=VECTOR('',#18088,1.0);
#18086=VECTOR('',#18089,1.0);
#18087=DIRECTION('',(0.195193152587066,0.9807648205268796,0));
#18088=DIRECTION('',(0.4281599231376646,-0.903702982300462,0));
#18089=DIRECTION('',(-0.7414752857871793,-0.670980178967174,0));
#18090=FACE_SURFACE('',(#18095),#18091,.T.);
#18091=PLANE('',#18092);
#18092=AXIS2_PLACEMENT_3D('',#634,#18093,#18094);
#18093=DIRECTION('',(-0.8447763978997282,0.5351194610099318,0));
#18094=DIRECTION('',(0,0,1));
#18095=FACE_BOUND('',#18096,.T.);
#18096=EDGE_LOOP('',(#18097,#18098,#18099));
#18097=ORIENTED_EDGE('',*,*,#18100,.T.);
#18098=ORIENTED_EDGE('',*,*,#18101,.T.);
#18099=ORIENTED_EDGE('',*,*,#18102,.T.);
#18100=EDGE_CURVE('',#635,#783,#18103,.F.);
#18101=EDGE_CURVE('',#783,#781,#18104,.T.);
#18102=EDGE_CURVE('',#781,#635,#18105,.T.);
#18103=LINE('',#634,#18106);
#18104=LINE('',#782,#18107);
#18105=LINE('',#780,#18108);
#18106=VECTOR('',#18109,1.0);
#18107=VECTOR('',#18110,1.0);
#18108=VECTOR('',#18111,1.0);
#18109=DIRECTION('',(0,0,1));
#18110=DIRECTION('',(0.5351194610099318,0.8447763978997284,0));
#18111=DIRECTION('',(-0.0587431615101547,-0.09273599634768175,-0.9939563752787115));
#18112=FACE_SURFACE('',(#18117),#18113,.T.);
#18113=PLANE('',#18114);
#18114=AXIS2_PLACEMENT_3D('',#636,#18115,#18116);
#18115=DIRECTION('',(-0.8447763978997282,0.5351194610099318,0));
#18116=DIRECTION('',(-0.5351194610099318,-0.8447763978997284,0));
#18117=FACE_BOUND('',#18118,.T.);
#18118=EDGE_LOOP('',(#18119,#18120,#18121));
#18119=ORIENTED_EDGE('',*,*,#18122,.T.);
#18120=ORIENTED_EDGE('',*,*,#18123,.T.);
#18121=ORIENTED_EDGE('',*,*,#18124,.T.);
#18122=EDGE_CURVE('',#637,#635,#18125,.F.);
#18123=EDGE_CURVE('',#635,#781,#18126,.T.);
#18124=EDGE_CURVE('',#781,#637,#18127,.T.);
#18125=LINE('',#636,#18128);
#18126=LINE('',#634,#18129);
#18127=LINE('',#780,#18130);
#18128=VECTOR('',#18131,1.0);
#18129=VECTOR('',#18132,1.0);
#18130=VECTOR('',#18133,1.0);
#18131=DIRECTION('',(-0.5351194610099318,-0.8447763978997284,0));
#18132=DIRECTION('',(0.0587431615101547,0.09273599634768175,0.9939563752787115));
#18133=DIRECTION('',(0,0,-1));
#18134=FACE_SURFACE('',(#18139),#18135,.T.);
#18135=PLANE('',#18136);
#18136=AXIS2_PLACEMENT_3D('',#468,#18137,#18138);
#18137=DIRECTION('',(-0,0,-1));
#18138=DIRECTION('',(-0.3137815819436196,-0.949495191579694,0));
#18139=FACE_BOUND('',#18140,.T.);
#18140=EDGE_LOOP('',(#18141,#18142,#18143));
#18141=ORIENTED_EDGE('',*,*,#18144,.T.);
#18142=ORIENTED_EDGE('',*,*,#18145,.T.);
#18143=ORIENTED_EDGE('',*,*,#18146,.T.);
#18144=EDGE_CURVE('',#469,#465,#18147,.F.);
#18145=EDGE_CURVE('',#465,#545,#18148,.T.);
#18146=EDGE_CURVE('',#545,#469,#18149,.T.);
#18147=LINE('',#468,#18150);
#18148=LINE('',#464,#18151);
#18149=LINE('',#544,#18152);
#18150=VECTOR('',#18153,1.0);
#18151=VECTOR('',#18154,1.0);
#18152=VECTOR('',#18155,1.0);
#18153=DIRECTION('',(-0.3137815819436196,-0.949495191579694,0));
#18154=DIRECTION('',(-0.2021879527300489,0.9793467372543964,0));
#18155=DIRECTION('',(0.619381287509241,-0.7850903264487438,0));
#18156=FACE_SURFACE('',(#18161),#18157,.T.);
#18157=PLANE('',#18158);
#18158=AXIS2_PLACEMENT_3D('',#464,#18159,#18160);
#18159=DIRECTION('',(0,0,-1));
#18160=DIRECTION('',(-0.35949666200105884,-0.9331463711605466,0));
#18161=FACE_BOUND('',#18162,.T.);
#18162=EDGE_LOOP('',(#18163,#18164,#18165));
#18163=ORIENTED_EDGE('',*,*,#18166,.T.);
#18164=ORIENTED_EDGE('',*,*,#18167,.T.);
#18165=ORIENTED_EDGE('',*,*,#18168,.T.);
#18166=EDGE_CURVE('',#465,#461,#18169,.F.);
#18167=EDGE_CURVE('',#461,#549,#18170,.T.);
#18168=EDGE_CURVE('',#549,#465,#18171,.T.);
#18169=LINE('',#464,#18172);
#18170=LINE('',#460,#18173);
#18171=LINE('',#548,#18174);
#18172=VECTOR('',#18175,1.0);
#18173=VECTOR('',#18176,1.0);
#18174=VECTOR('',#18177,1.0);
#18175=DIRECTION('',(-0.35949666200105884,-0.9331463711605466,0));
#18176=DIRECTION('',(-0.9238155989869096,0.38283774509373725,0));
#18177=DIRECTION('',(0.8976689796093569,0.4406704018278242,0));
#18178=FACE_SURFACE('',(#18183),#18179,.T.);
#18179=PLANE('',#18180);
#18180=AXIS2_PLACEMENT_3D('',#460,#18181,#18182);
#18181=DIRECTION('',(-0,0,-1));
#18182=DIRECTION('',(-0.40525374051274854,-0.9142042473104278,0));
#18183=FACE_BOUND('',#18184,.T.);
#18184=EDGE_LOOP('',(#18185,#18186,#18187));
#18185=ORIENTED_EDGE('',*,*,#18188,.T.);
#18186=ORIENTED_EDGE('',*,*,#18189,.T.);
#18187=ORIENTED_EDGE('',*,*,#18190,.T.);
#18188=EDGE_CURVE('',#461,#457,#18191,.F.);
#18189=EDGE_CURVE('',#457,#549,#18192,.T.);
#18190=EDGE_CURVE('',#549,#461,#18193,.T.);
#18191=LINE('',#460,#18194);
#18192=LINE('',#456,#18195);
#18193=LINE('',#548,#18196);
#18194=VECTOR('',#18197,1.0);
#18195=VECTOR('',#18198,1.0);
#18196=VECTOR('',#18199,1.0);
#18197=DIRECTION('',(-0.40525374051274854,-0.9142042473104278,0));
#18198=DIRECTION('',(-0.3232540568523906,0.9463122184186735,0));
#18199=DIRECTION('',(0.9238155989869096,-0.38283774509373725,0));
#18200=FACE_SURFACE('',(#18205),#18201,.T.);
#18201=PLANE('',#18202);
#18202=AXIS2_PLACEMENT_3D('',#318,#18203,#18204);
#18203=DIRECTION('',(0,0,-1));
#18204=DIRECTION('',(0.4422993606293671,0.8968674793897106,0));
#18205=FACE_BOUND('',#18206,.T.);
#18206=EDGE_LOOP('',(#18207,#18208,#18209));
#18207=ORIENTED_EDGE('',*,*,#18210,.T.);
#18208=ORIENTED_EDGE('',*,*,#18211,.T.);
#18209=ORIENTED_EDGE('',*,*,#18212,.T.);
#18210=EDGE_CURVE('',#319,#549,#18213,.F.);
#18211=EDGE_CURVE('',#549,#457,#18214,.T.);
#18212=EDGE_CURVE('',#457,#319,#18215,.T.);
#18213=LINE('',#318,#18216);
#18214=LINE('',#548,#18217);
#18215=LINE('',#456,#18218);
#18216=VECTOR('',#18219,1.0);
#18217=VECTOR('',#18220,1.0);
#18218=VECTOR('',#18221,1.0);
#18219=DIRECTION('',(0.4422993606293671,0.8968674793897106,0));
#18220=DIRECTION('',(0.3232540568523906,-0.9463122184186735,0));
#18221=DIRECTION('',(-0.8355842209490014,-0.5493623664768551,0));
#18222=FACE_SURFACE('',(#18227),#18223,.T.);
#18223=PLANE('',#18224);
#18224=AXIS2_PLACEMENT_3D('',#784,#18225,#18226);
#18225=DIRECTION('',(-0.8702438621798989,0.4926211732540666,0));
#18226=DIRECTION('',(0.4926211732540667,0.8702438621798988,0));
#18227=FACE_BOUND('',#18228,.T.);
#18228=EDGE_LOOP('',(#18229,#18230,#18231));
#18229=ORIENTED_EDGE('',*,*,#18232,.T.);
#18230=ORIENTED_EDGE('',*,*,#18233,.T.);
#18231=ORIENTED_EDGE('',*,*,#18234,.T.);
#18232=EDGE_CURVE('',#785,#783,#18235,.F.);
#18233=EDGE_CURVE('',#783,#633,#18236,.T.);
#18234=EDGE_CURVE('',#633,#785,#18237,.T.);
#18235=LINE('',#784,#18238);
#18236=LINE('',#782,#18239);
#18237=LINE('',#632,#18240);
#18238=VECTOR('',#18241,1.0);
#18239=VECTOR('',#18242,1.0);
#18240=VECTOR('',#18243,1.0);
#18241=DIRECTION('',(0.4926211732540667,0.8702438621798988,0));
#18242=DIRECTION('',(-0.05407080649569211,-0.09551921442021498,-0.9939579606610384));
#18243=DIRECTION('',(0,0,1));
#18244=FACE_SURFACE('',(#18249),#18245,.T.);
#18245=PLANE('',#18246);
#18246=AXIS2_PLACEMENT_3D('',#634,#18247,#18248);
#18247=DIRECTION('',(-0.8702438621798989,0.4926211732540666,0));
#18248=DIRECTION('',(-0.4926211732540667,-0.8702438621798988,0));
#18249=FACE_BOUND('',#18250,.T.);
#18250=EDGE_LOOP('',(#18251,#18252,#18253));
#18251=ORIENTED_EDGE('',*,*,#18254,.T.);
#18252=ORIENTED_EDGE('',*,*,#18255,.T.);
#18253=ORIENTED_EDGE('',*,*,#18256,.T.);
#18254=EDGE_CURVE('',#635,#633,#18257,.F.);
#18255=EDGE_CURVE('',#633,#783,#18258,.T.);
#18256=EDGE_CURVE('',#783,#635,#18259,.T.);
#18257=LINE('',#634,#18260);
#18258=LINE('',#632,#18261);
#18259=LINE('',#782,#18262);
#18260=VECTOR('',#18263,1.0);
#18261=VECTOR('',#18264,1.0);
#18262=VECTOR('',#18265,1.0);
#18263=DIRECTION('',(-0.4926211732540667,-0.8702438621798988,0));
#18264=DIRECTION('',(0.05407080649569211,0.09551921442021498,0.9939579606610384));
#18265=DIRECTION('',(0,0,-1));
#18266=FACE_SURFACE('',(#18271),#18267,.T.);
#18267=PLANE('',#18268);
#18268=AXIS2_PLACEMENT_3D('',#632,#18269,#18270);
#18269=DIRECTION('',(-0.8930679842222823,0.44992174381457667,0));
#18270=DIRECTION('',(-0.4499217438145766,-0.8930679842222822,0));
#18271=FACE_BOUND('',#18272,.T.);
#18272=EDGE_LOOP('',(#18273,#18274,#18275));
#18273=ORIENTED_EDGE('',*,*,#18276,.T.);
#18274=ORIENTED_EDGE('',*,*,#18277,.T.);
#18275=ORIENTED_EDGE('',*,*,#18278,.T.);
#18276=EDGE_CURVE('',#633,#629,#18279,.F.);
#18277=EDGE_CURVE('',#629,#785,#18280,.T.);
#18278=EDGE_CURVE('',#785,#633,#18281,.T.);
#18279=LINE('',#632,#18282);
#18280=LINE('',#628,#18283);
#18281=LINE('',#784,#18284);
#18282=VECTOR('',#18285,1.0);
#18283=VECTOR('',#18286,1.0);
#18284=VECTOR('',#18287,1.0);
#18285=DIRECTION('',(-0.4499217438145766,-0.8930679842222822,0));
#18286=DIRECTION('',(0.04939930918574748,0.09805469969611072,0.9939542163095223));
#18287=DIRECTION('',(0,0,-1));
#18288=FACE_SURFACE('',(#18293),#18289,.T.);
#18289=PLANE('',#18290);
#18290=AXIS2_PLACEMENT_3D('',#784,#18291,#18292);
#18291=DIRECTION('',(-0.8930679842222823,0.44992174381457667,0));
#18292=DIRECTION('',(-0.04939930918574748,-0.09805469969611072,-0.9939542163095223));
#18293=FACE_BOUND('',#18294,.T.);
#18294=EDGE_LOOP('',(#18295,#18296,#18297));
#18295=ORIENTED_EDGE('',*,*,#18298,.T.);
#18296=ORIENTED_EDGE('',*,*,#18299,.T.);
#18297=ORIENTED_EDGE('',*,*,#18300,.T.);
#18298=EDGE_CURVE('',#785,#629,#18301,.F.);
#18299=EDGE_CURVE('',#629,#787,#18302,.T.);
#18300=EDGE_CURVE('',#787,#785,#18303,.T.);
#18301=LINE('',#784,#18304);
#18302=LINE('',#628,#18305);
#18303=LINE('',#786,#18306);
#18304=VECTOR('',#18307,1.0);
#18305=VECTOR('',#18308,1.0);
#18306=VECTOR('',#18309,1.0);
#18307=DIRECTION('',(-0.04939930918574748,-0.09805469969611072,-0.9939542163095223));
#18308=DIRECTION('',(0,0,1));
#18309=DIRECTION('',(0.4499217438145766,0.8930679842222822,0));
#18310=FACE_SURFACE('',(#18315),#18311,.T.);
#18311=PLANE('',#18312);
#18312=AXIS2_PLACEMENT_3D('',#588,#18313,#18314);
#18313=DIRECTION('',(0,0,-1));
#18314=DIRECTION('',(0.8930673183149528,-0.4499230655987073,0));
#18315=FACE_BOUND('',#18316,.T.);
#18316=EDGE_LOOP('',(#18317,#18318,#18319));
#18317=ORIENTED_EDGE('',*,*,#18320,.T.);
#18318=ORIENTED_EDGE('',*,*,#18321,.T.);
#18319=ORIENTED_EDGE('',*,*,#18322,.T.);
#18320=EDGE_CURVE('',#589,#587,#18323,.F.);
#18321=EDGE_CURVE('',#587,#591,#18324,.T.);
#18322=EDGE_CURVE('',#591,#589,#18325,.T.);
#18323=LINE('',#588,#18326);
#18324=LINE('',#586,#18327);
#18325=LINE('',#590,#18328);
#18326=VECTOR('',#18329,1.0);
#18327=VECTOR('',#18330,1.0);
#18328=VECTOR('',#18331,1.0);
#18329=DIRECTION('',(0.8930673183149528,-0.4499230655987073,0));
#18330=DIRECTION('',(0.11698234748262357,-0.9931339941707035,0));
#18331=DIRECTION('',(-0.5493626556349002,0.8355840308393705,0));
#18332=FACE_SURFACE('',(#18337),#18333,.T.);
#18333=PLANE('',#18334);
#18334=AXIS2_PLACEMENT_3D('',#586,#18335,#18336);
#18335=DIRECTION('',(0,0,-1));
#18336=DIRECTION('',(0.8702397861689191,-0.4926283736942828,0));
#18337=FACE_BOUND('',#18338,.T.);
#18338=EDGE_LOOP('',(#18339,#18340,#18341));
#18339=ORIENTED_EDGE('',*,*,#18342,.T.);
#18340=ORIENTED_EDGE('',*,*,#18343,.T.);
#18341=ORIENTED_EDGE('',*,*,#18344,.T.);
#18342=EDGE_CURVE('',#587,#583,#18345,.F.);
#18343=EDGE_CURVE('',#583,#591,#18346,.T.);
#18344=EDGE_CURVE('',#591,#587,#18347,.T.);
#18345=LINE('',#586,#18348);
#18346=LINE('',#582,#18349);
#18347=LINE('',#590,#18350);
#18348=VECTOR('',#18351,1.0);
#18349=VECTOR('',#18352,1.0);
#18350=VECTOR('',#18353,1.0);
#18351=DIRECTION('',(0.8702397861689191,-0.4926283736942828,0));
#18352=DIRECTION('',(-0.7693020296906287,-0.6388852691320087,0));
#18353=DIRECTION('',(-0.11698234748262357,0.9931339941707035,0));
#18354=FACE_SURFACE('',(#18359),#18355,.T.);
#18355=PLANE('',#18356);
#18356=AXIS2_PLACEMENT_3D('',#582,#18357,#18358);
#18357=DIRECTION('',(0,-0,-1));
#18358=DIRECTION('',(0.8447767069803306,-0.5351189730737165,0));
#18359=FACE_BOUND('',#18360,.T.);
#18360=EDGE_LOOP('',(#18361,#18362,#18363));
#18361=ORIENTED_EDGE('',*,*,#18364,.T.);
#18362=ORIENTED_EDGE('',*,*,#18365,.T.);
#18363=ORIENTED_EDGE('',*,*,#18366,.T.);
#18364=EDGE_CURVE('',#583,#579,#18367,.F.);
#18365=EDGE_CURVE('',#579,#591,#18368,.T.);
#18366=EDGE_CURVE('',#591,#583,#18369,.T.);
#18367=LINE('',#582,#18370);
#18368=LINE('',#578,#18371);
#18369=LINE('',#590,#18372);
#18370=VECTOR('',#18373,1.0);
#18371=VECTOR('',#18374,1.0);
#18372=VECTOR('',#18375,1.0);
#18373=DIRECTION('',(0.8447767069803306,-0.5351189730737165,0));
#18374=DIRECTION('',(-0.9987525126060809,-0.049934142257980506,0));
#18375=DIRECTION('',(0.7693020296906287,0.6388852691320087,0));
#18376=FACE_SURFACE('',(#18381),#18377,.T.);
#18377=PLANE('',#18378);
#18378=AXIS2_PLACEMENT_3D('',#592,#18379,#18380);
#18379=DIRECTION('',(0,0,-1));
#18380=DIRECTION('',(-0.8314754857395831,0.5555614426992971,0));
#18381=FACE_BOUND('',#18382,.T.);
#18382=EDGE_LOOP('',(#18383,#18384,#18385));
#18383=ORIENTED_EDGE('',*,*,#18386,.T.);
#18384=ORIENTED_EDGE('',*,*,#18387,.T.);
#18385=ORIENTED_EDGE('',*,*,#18388,.T.);
#18386=EDGE_CURVE('',#593,#591,#18389,.F.);
#18387=EDGE_CURVE('',#591,#579,#18390,.T.);
#18388=EDGE_CURVE('',#579,#593,#18391,.T.);
#18389=LINE('',#592,#18392);
#18390=LINE('',#590,#18393);
#18391=LINE('',#578,#18394);
#18392=VECTOR('',#18395,1.0);
#18393=VECTOR('',#18396,1.0);
#18394=VECTOR('',#18397,1.0);
#18395=DIRECTION('',(-0.8314754857395831,0.5555614426992971,0));
#18396=DIRECTION('',(0.9987525126060809,0.049934142257980506,0));
#18397=DIRECTION('',(0.3359397019998504,-0.9418834941861184,0));
#18398=FACE_SURFACE('',(#18403),#18399,.T.);
#18399=PLANE('',#18400);
#18400=AXIS2_PLACEMENT_3D('',#578,#18401,#18402);
#18401=DIRECTION('',(0,0,-1));
#18402=DIRECTION('',(0.8174252713953803,-0.5760346566693613,0));
#18403=FACE_BOUND('',#18404,.T.);
#18404=EDGE_LOOP('',(#18405,#18406,#18407));
#18405=ORIENTED_EDGE('',*,*,#18408,.T.);
#18406=ORIENTED_EDGE('',*,*,#18409,.T.);
#18407=ORIENTED_EDGE('',*,*,#18410,.T.);
#18408=EDGE_CURVE('',#579,#573,#18411,.F.);
#18409=EDGE_CURVE('',#573,#593,#18412,.T.);
#18410=EDGE_CURVE('',#593,#579,#18413,.T.);
#18411=LINE('',#578,#18414);
#18412=LINE('',#572,#18415);
#18413=LINE('',#592,#18416);
#18414=VECTOR('',#18417,1.0);
#18415=VECTOR('',#18418,1.0);
#18416=VECTOR('',#18419,1.0);
#18417=DIRECTION('',(0.8174252713953803,-0.5760346566693613,0));
#18418=DIRECTION('',(-0.2958045336876078,-0.9552484901060336,0));
#18419=DIRECTION('',(-0.3359397019998504,0.9418834941861184,0));
#18420=FACE_SURFACE('',(#18425),#18421,.T.);
#18421=PLANE('',#18422);
#18422=AXIS2_PLACEMENT_3D('',#572,#18423,#18424);
#18423=DIRECTION('',(0,-0,-1));
#18424=DIRECTION('',(0.7884476920971953,-0.6151018101311411,0));
#18425=FACE_BOUND('',#18426,.T.);
#18426=EDGE_LOOP('',(#18427,#18428,#18429));
#18427=ORIENTED_EDGE('',*,*,#18430,.T.);
#18428=ORIENTED_EDGE('',*,*,#18431,.T.);
#18429=ORIENTED_EDGE('',*,*,#18432,.T.);
#18430=EDGE_CURVE('',#573,#569,#18433,.F.);
#18431=EDGE_CURVE('',#569,#593,#18434,.T.);
#18432=EDGE_CURVE('',#593,#573,#18435,.T.);
#18433=LINE('',#572,#18436);
#18434=LINE('',#568,#18437);
#18435=LINE('',#592,#18438);
#18436=VECTOR('',#18439,1.0);
#18437=VECTOR('',#18440,1.0);
#18438=VECTOR('',#18441,1.0);
#18439=DIRECTION('',(0.7884476920971953,-0.6151018101311411,0));
#18440=DIRECTION('',(-0.962391853736881,-0.2716650876739403,0));
#18441=DIRECTION('',(0.2958045336876078,0.9552484901060336,0));
#18442=FACE_SURFACE('',(#18447),#18443,.T.);
#18443=PLANE('',#18444);
#18444=AXIS2_PLACEMENT_3D('',#568,#18445,#18446);
#18445=DIRECTION('',(0,-0,-1));
#18446=DIRECTION('',(0.7572672102580659,-0.6531051770335051,0));
#18447=FACE_BOUND('',#18448,.T.);
#18448=EDGE_LOOP('',(#18449,#18450,#18451));
#18449=ORIENTED_EDGE('',*,*,#18452,.T.);
#18450=ORIENTED_EDGE('',*,*,#18453,.T.);
#18451=ORIENTED_EDGE('',*,*,#18454,.T.);
#18452=EDGE_CURVE('',#569,#565,#18455,.F.);
#18453=EDGE_CURVE('',#565,#593,#18456,.T.);
#18454=EDGE_CURVE('',#593,#569,#18457,.T.);
#18455=LINE('',#568,#18458);
#18456=LINE('',#564,#18459);
#18457=LINE('',#592,#18460);
#18458=VECTOR('',#18461,1.0);
#18459=VECTOR('',#18462,1.0);
#18460=VECTOR('',#18463,1.0);
#18461=DIRECTION('',(0.7572672102580659,-0.6531051770335051,0));
#18462=DIRECTION('',(-0.9821995904446645,0.18784026333652046,0));
#18463=DIRECTION('',(0.962391853736881,0.2716650876739403,0));
#18464=FACE_SURFACE('',(#18469),#18465,.T.);
#18465=PLANE('',#18466);
#18466=AXIS2_PLACEMENT_3D('',#772,#18467,#18468);
#18467=DIRECTION('',(-0.9142011779457532,0.4052606645636821,0));
#18468=DIRECTION('',(0.4052606645636821,0.9142011779457533,0));
#18469=FACE_BOUND('',#18470,.T.);
#18470=EDGE_LOOP('',(#18471,#18472,#18473));
#18471=ORIENTED_EDGE('',*,*,#18474,.T.);
#18472=ORIENTED_EDGE('',*,*,#18475,.T.);
#18473=ORIENTED_EDGE('',*,*,#18476,.T.);
#18474=EDGE_CURVE('',#773,#787,#18477,.F.);
#18475=EDGE_CURVE('',#787,#625,#18478,.T.);
#18476=EDGE_CURVE('',#625,#773,#18479,.T.);
#18477=LINE('',#772,#18480);
#18478=LINE('',#786,#18481);
#18479=LINE('',#624,#18482);
#18480=VECTOR('',#18483,1.0);
#18481=VECTOR('',#18484,1.0);
#18482=VECTOR('',#18485,1.0);
#18483=DIRECTION('',(0.4052606645636821,0.9142011779457533,0));
#18484=DIRECTION('',(-0.04447985710119072,-0.10033921698407895,-0.9939585423181793));
#18485=DIRECTION('',(0,0,1));
#18486=FACE_SURFACE('',(#18491),#18487,.T.);
#18487=PLANE('',#18488);
#18488=AXIS2_PLACEMENT_3D('',#628,#18489,#18490);
#18489=DIRECTION('',(-0.9142011779457532,0.4052606645636821,0));
#18490=DIRECTION('',(-0.4052606645636821,-0.9142011779457533,0));
#18491=FACE_BOUND('',#18492,.T.);
#18492=EDGE_LOOP('',(#18493,#18494,#18495));
#18493=ORIENTED_EDGE('',*,*,#18496,.T.);
#18494=ORIENTED_EDGE('',*,*,#18497,.T.);
#18495=ORIENTED_EDGE('',*,*,#18498,.T.);
#18496=EDGE_CURVE('',#629,#625,#18499,.F.);
#18497=EDGE_CURVE('',#625,#787,#18500,.T.);
#18498=EDGE_CURVE('',#787,#629,#18501,.T.);
#18499=LINE('',#628,#18502);
#18500=LINE('',#624,#18503);
#18501=LINE('',#786,#18504);
#18502=VECTOR('',#18505,1.0);
#18503=VECTOR('',#18506,1.0);
#18504=VECTOR('',#18507,1.0);
#18505=DIRECTION('',(-0.4052606645636821,-0.9142011779457533,0));
#18506=DIRECTION('',(0.04447985710119072,0.10033921698407895,0.9939585423181793));
#18507=DIRECTION('',(0,0,-1));
#18508=FACE_SURFACE('',(#18513),#18509,.T.);
#18509=PLANE('',#18510);
#18510=AXIS2_PLACEMENT_3D('',#264,#18511,#18512);
#18511=DIRECTION('',(0,0,-1));
#18512=DIRECTION('',(-0.7518176924820965,0.6593710315678842,0));
#18513=FACE_BOUND('',#18514,.T.);
#18514=EDGE_LOOP('',(#18515,#18516,#18517));
#18515=ORIENTED_EDGE('',*,*,#18518,.T.);
#18516=ORIENTED_EDGE('',*,*,#18519,.T.);
#18517=ORIENTED_EDGE('',*,*,#18520,.T.);
#18518=EDGE_CURVE('',#265,#593,#18521,.F.);
#18519=EDGE_CURVE('',#593,#565,#18522,.T.);
#18520=EDGE_CURVE('',#565,#265,#18523,.T.);
#18521=LINE('',#264,#18524);
#18522=LINE('',#592,#18525);
#18523=LINE('',#564,#18526);
#18524=VECTOR('',#18527,1.0);
#18525=VECTOR('',#18528,1.0);
#18526=VECTOR('',#18529,1.0);
#18527=DIRECTION('',(-0.7518176924820965,0.6593710315678842,0));
#18528=DIRECTION('',(0.9821995904446645,-0.18784026333652046,0));
#18529=DIRECTION('',(0.0635638304128129,-0.9979777750347205,0));
#18530=FACE_SURFACE('',(#18535),#18531,.T.);
#18531=PLANE('',#18532);
#18532=AXIS2_PLACEMENT_3D('',#564,#18533,#18534);
#18533=DIRECTION('',(0,0,-1));
#18534=DIRECTION('',(0.7243254842105398,-0.6894581879441036,0));
#18535=FACE_BOUND('',#18536,.T.);
#18536=EDGE_LOOP('',(#18537,#18538,#18539));
#18537=ORIENTED_EDGE('',*,*,#18540,.T.);
#18538=ORIENTED_EDGE('',*,*,#18541,.T.);
#18539=ORIENTED_EDGE('',*,*,#18542,.T.);
#18540=EDGE_CURVE('',#565,#561,#18543,.F.);
#18541=EDGE_CURVE('',#561,#265,#18544,.T.);
#18542=EDGE_CURVE('',#265,#565,#18545,.T.);
#18543=LINE('',#564,#18546);
#18544=LINE('',#560,#18547);
#18545=LINE('',#264,#18548);
#18546=VECTOR('',#18549,1.0);
#18547=VECTOR('',#18550,1.0);
#18548=VECTOR('',#18551,1.0);
#18549=DIRECTION('',(0.7243254842105398,-0.6894581879441036,0));
#18550=DIRECTION('',(-0.7071081831001081,-0.7071053792702076,0));
#18551=DIRECTION('',(-0.0635638304128129,0.9979777750347205,0));
#18552=FACE_SURFACE('',(#18557),#18553,.T.);
#18553=PLANE('',#18554);
#18554=AXIS2_PLACEMENT_3D('',#560,#18555,#18556);
#18555=DIRECTION('',(0,-0,-1));
#18556=DIRECTION('',(0.6894615997573873,-0.7243222366184712,0));
#18557=FACE_BOUND('',#18558,.T.);
#18558=EDGE_LOOP('',(#18559,#18560,#18561));
#18559=ORIENTED_EDGE('',*,*,#18562,.T.);
#18560=ORIENTED_EDGE('',*,*,#18563,.T.);
#18561=ORIENTED_EDGE('',*,*,#18564,.T.);
#18562=EDGE_CURVE('',#561,#557,#18565,.F.);
#18563=EDGE_CURVE('',#557,#265,#18566,.T.);
#18564=EDGE_CURVE('',#265,#561,#18567,.T.);
#18565=LINE('',#560,#18568);
#18566=LINE('',#556,#18569);
#18567=LINE('',#264,#18570);
#18568=VECTOR('',#18571,1.0);
#18569=VECTOR('',#18572,1.0);
#18570=VECTOR('',#18573,1.0);
#18571=DIRECTION('',(0.6894615997573873,-0.7243222366184712,0));
#18572=DIRECTION('',(-0.9979775560829305,0.06356726795089936,0));
#18573=DIRECTION('',(0.7071081831001081,0.7071053792702076,0));
#18574=FACE_SURFACE('',(#18579),#18575,.T.);
#18575=PLANE('',#18576);
#18576=AXIS2_PLACEMENT_3D('',#258,#18577,#18578);
#18577=DIRECTION('',(0,0,-1));
#18578=DIRECTION('',(-0.6593722780424142,0.7518165992774815,0));
#18579=FACE_BOUND('',#18580,.T.);
#18580=EDGE_LOOP('',(#18581,#18582,#18583));
#18581=ORIENTED_EDGE('',*,*,#18584,.T.);
#18582=ORIENTED_EDGE('',*,*,#18585,.T.);
#18583=ORIENTED_EDGE('',*,*,#18586,.T.);
#18584=EDGE_CURVE('',#259,#265,#18587,.F.);
#18585=EDGE_CURVE('',#265,#557,#18588,.T.);
#18586=EDGE_CURVE('',#557,#259,#18589,.T.);
#18587=LINE('',#258,#18590);
#18588=LINE('',#264,#18591);
#18589=LINE('',#556,#18592);
#18590=VECTOR('',#18593,1.0);
#18591=VECTOR('',#18594,1.0);
#18592=VECTOR('',#18595,1.0);
#18593=DIRECTION('',(-0.6593722780424142,0.7518165992774815,0));
#18594=DIRECTION('',(0.9979775560829305,-0.06356726795089936,0));
#18595=DIRECTION('',(0.1878382686361285,-0.9821999719180313,0));
#18596=FACE_SURFACE('',(#18601),#18597,.T.);
#18597=PLANE('',#18598);
#18598=AXIS2_PLACEMENT_3D('',#554,#18599,#18600);
#18599=DIRECTION('',(0,-0,-1));
#18600=DIRECTION('',(0.6150984269643359,-0.7884503314388291,0));
#18601=FACE_BOUND('',#18602,.T.);
#18602=EDGE_LOOP('',(#18603,#18604,#18605));
#18603=ORIENTED_EDGE('',*,*,#18606,.T.);
#18604=ORIENTED_EDGE('',*,*,#18607,.T.);
#18605=ORIENTED_EDGE('',*,*,#18608,.T.);
#18606=EDGE_CURVE('',#555,#449,#18609,.F.);
#18607=EDGE_CURVE('',#449,#259,#18610,.T.);
#18608=EDGE_CURVE('',#259,#555,#18611,.T.);
#18609=LINE('',#554,#18612);
#18610=LINE('',#448,#18613);
#18611=LINE('',#258,#18614);
#18612=VECTOR('',#18615,1.0);
#18613=VECTOR('',#18616,1.0);
#18614=VECTOR('',#18617,1.0);
#18615=DIRECTION('',(0.6150984269643359,-0.7884503314388291,0));
#18616=DIRECTION('',(-0.9552490987923451,-0.29580256803552674,0));
#18617=DIRECTION('',(0.2716630958053886,0.9623924160016184,0));
#18618=FACE_SURFACE('',(#18623),#18619,.T.);
#18619=PLANE('',#18620);
#18620=AXIS2_PLACEMENT_3D('',#556,#18621,#18622);
#18621=DIRECTION('',(0,0,-1));
#18622=DIRECTION('',(0.6531015099688136,-0.7572703729028726,0));
#18623=FACE_BOUND('',#18624,.T.);
#18624=EDGE_LOOP('',(#18625,#18626,#18627));
#18625=ORIENTED_EDGE('',*,*,#18628,.T.);
#18626=ORIENTED_EDGE('',*,*,#18629,.T.);
#18627=ORIENTED_EDGE('',*,*,#18630,.T.);
#18628=EDGE_CURVE('',#557,#555,#18631,.F.);
#18629=EDGE_CURVE('',#555,#259,#18632,.T.);
#18630=EDGE_CURVE('',#259,#557,#18633,.T.);
#18631=LINE('',#556,#18634);
#18632=LINE('',#554,#18635);
#18633=LINE('',#258,#18636);
#18634=VECTOR('',#18637,1.0);
#18635=VECTOR('',#18638,1.0);
#18636=VECTOR('',#18639,1.0);
#18637=DIRECTION('',(0.6531015099688136,-0.7572703729028726,0));
#18638=DIRECTION('',(-0.2716630958053886,-0.9623924160016184,0));
#18639=DIRECTION('',(-0.1878382686361285,0.9821999719180313,0));
#18640=FACE_SURFACE('',(#18645),#18641,.T.);
#18641=PLANE('',#18642);
#18642=AXIS2_PLACEMENT_3D('',#624,#18643,#18644);
#18643=DIRECTION('',(-0.9331463949208053,0.3594966003264902,0));
#18644=DIRECTION('',(-0.3594966003264902,-0.9331463949208055,0));
#18645=FACE_BOUND('',#18646,.T.);
#18646=EDGE_LOOP('',(#18647,#18648,#18649));
#18647=ORIENTED_EDGE('',*,*,#18650,.T.);
#18648=ORIENTED_EDGE('',*,*,#18651,.T.);
#18649=ORIENTED_EDGE('',*,*,#18652,.T.);
#18650=EDGE_CURVE('',#625,#623,#18653,.F.);
#18651=EDGE_CURVE('',#623,#789,#18654,.T.);
#18652=EDGE_CURVE('',#789,#625,#18655,.T.);
#18653=LINE('',#624,#18656);
#18654=LINE('',#622,#18657);
#18655=LINE('',#788,#18658);
#18656=VECTOR('',#18659,1.0);
#18657=VECTOR('',#18660,1.0);
#18658=VECTOR('',#18661,1.0);
#18659=DIRECTION('',(-0.3594966003264902,-0.9331463949208055,0));
#18660=DIRECTION('',(0,0,1));
#18661=DIRECTION('',(0.039460427418202444,0.10242754883881551,-0.9939574799290183));
#18662=FACE_SURFACE('',(#18667),#18663,.T.);
#18663=PLANE('',#18664);
#18664=AXIS2_PLACEMENT_3D('',#624,#18665,#18666);
#18665=DIRECTION('',(-0.9331463949208053,0.3594966003264902,0));
#18666=DIRECTION('',(-0.039460427418202444,-0.10242754883881551,0.9939574799290183));
#18667=FACE_BOUND('',#18668,.T.);
#18668=EDGE_LOOP('',(#18669,#18670,#18671));
#18669=ORIENTED_EDGE('',*,*,#18672,.T.);
#18670=ORIENTED_EDGE('',*,*,#18673,.T.);
#18671=ORIENTED_EDGE('',*,*,#18674,.T.);
#18672=EDGE_CURVE('',#625,#789,#18675,.F.);
#18673=EDGE_CURVE('',#789,#773,#18676,.T.);
#18674=EDGE_CURVE('',#773,#625,#18677,.T.);
#18675=LINE('',#624,#18678);
#18676=LINE('',#788,#18679);
#18677=LINE('',#772,#18680);
#18678=VECTOR('',#18681,1.0);
#18679=VECTOR('',#18682,1.0);
#18680=VECTOR('',#18683,1.0);
#18681=DIRECTION('',(-0.039460427418202444,-0.10242754883881551,0.9939574799290183));
#18682=DIRECTION('',(0.3594966003264902,0.9331463949208055,0));
#18683=DIRECTION('',(0,0,-1));
#18684=FACE_SURFACE('',(#18689),#18685,.T.);
#18685=PLANE('',#18686);
#18686=AXIS2_PLACEMENT_3D('',#890,#18687,#18688);
#18687=DIRECTION('',(0,-0,-1));
#18688=DIRECTION('',(0.6709816969771145,-0.7414739120978645,0));
#18689=FACE_BOUND('',#18690,.T.);
#18690=EDGE_LOOP('',(#18691,#18692,#18693));
#18691=ORIENTED_EDGE('',*,*,#18694,.T.);
#18692=ORIENTED_EDGE('',*,*,#18695,.T.);
#18693=ORIENTED_EDGE('',*,*,#18696,.T.);
#18694=EDGE_CURVE('',#891,#285,#18697,.F.);
#18695=EDGE_CURVE('',#285,#289,#18698,.T.);
#18696=EDGE_CURVE('',#289,#891,#18699,.T.);
#18697=LINE('',#890,#18700);
#18698=LINE('',#284,#18701);
#18699=LINE('',#288,#18702);
#18700=VECTOR('',#18703,1.0);
#18701=VECTOR('',#18704,1.0);
#18702=VECTOR('',#18705,1.0);
#18703=DIRECTION('',(0.6709816969771145,-0.7414739120978645,0));
#18704=DIRECTION('',(-0.9807651126275684,0.19519168489624064,0));
#18705=DIRECTION('',(0.903702882494339,0.4281601337950823,0));
#18706=FACE_SURFACE('',(#18711),#18707,.T.);
#18707=PLANE('',#18708);
#18708=AXIS2_PLACEMENT_3D('',#282,#18709,#18710);
#18709=DIRECTION('',(-0,-0,-1));
#18710=DIRECTION('',(0.09231829628321286,-0.9957295477042774,0));
#18711=FACE_BOUND('',#18712,.T.);
#18712=EDGE_LOOP('',(#18713,#18714,#18715));
#18713=ORIENTED_EDGE('',*,*,#18716,.T.);
#18714=ORIENTED_EDGE('',*,*,#18717,.T.);
#18715=ORIENTED_EDGE('',*,*,#18718,.T.);
#18716=EDGE_CURVE('',#283,#285,#18719,.F.);
#18717=EDGE_CURVE('',#285,#891,#18720,.T.);
#18718=EDGE_CURVE('',#891,#283,#18721,.T.);
#18719=LINE('',#282,#18722);
#18720=LINE('',#284,#18723);
#18721=LINE('',#890,#18724);
#18722=VECTOR('',#18725,1.0);
#18723=VECTOR('',#18726,1.0);
#18724=VECTOR('',#18727,1.0);
#18725=DIRECTION('',(0.09231829628321286,-0.9957295477042774,0));
#18726=DIRECTION('',(-0.6709816969771145,0.7414739120978645,0));
#18727=DIRECTION('',(0.9756966432317716,-0.219125672585968,0));
#18728=FACE_SURFACE('',(#18733),#18729,.T.);
#18729=PLANE('',#18730);
#18730=AXIS2_PLACEMENT_3D('',#654,#18731,#18732);
#18731=DIRECTION('',(-0.9494967723699275,0.31377679847160467,0));
#18732=DIRECTION('',(0,0,1));
#18733=FACE_BOUND('',#18734,.T.);
#18734=EDGE_LOOP('',(#18735,#18736,#18737));
#18735=ORIENTED_EDGE('',*,*,#18738,.T.);
#18736=ORIENTED_EDGE('',*,*,#18739,.T.);
#18737=ORIENTED_EDGE('',*,*,#18740,.T.);
#18738=EDGE_CURVE('',#655,#791,#18741,.F.);
#18739=EDGE_CURVE('',#791,#623,#18742,.T.);
#18740=EDGE_CURVE('',#623,#655,#18743,.T.);
#18741=LINE('',#654,#18744);
#18742=LINE('',#790,#18745);
#18743=LINE('',#622,#18746);
#18744=VECTOR('',#18747,1.0);
#18745=VECTOR('',#18748,1.0);
#18746=VECTOR('',#18749,1.0);
#18747=DIRECTION('',(0,0,1));
#18748=DIRECTION('',(0.03444030707260976,0.10421726706422317,-0.9939580607321461));
#18749=DIRECTION('',(-0.31377679847160467,-0.9494967723699276,0));
#18750=FACE_SURFACE('',(#18755),#18751,.T.);
#18751=PLANE('',#18752);
#18752=AXIS2_PLACEMENT_3D('',#788,#18753,#18754);
#18753=DIRECTION('',(-0.9494967723699275,0.31377679847160467,0));
#18754=DIRECTION('',(0,0,-1));
#18755=FACE_BOUND('',#18756,.T.);
#18756=EDGE_LOOP('',(#18757,#18758,#18759));
#18757=ORIENTED_EDGE('',*,*,#18760,.T.);
#18758=ORIENTED_EDGE('',*,*,#18761,.T.);
#18759=ORIENTED_EDGE('',*,*,#18762,.T.);
#18760=EDGE_CURVE('',#789,#623,#18763,.F.);
#18761=EDGE_CURVE('',#623,#791,#18764,.T.);
#18762=EDGE_CURVE('',#791,#789,#18765,.T.);
#18763=LINE('',#788,#18766);
#18764=LINE('',#622,#18767);
#18765=LINE('',#790,#18768);
#18766=VECTOR('',#18769,1.0);
#18767=VECTOR('',#18770,1.0);
#18768=VECTOR('',#18771,1.0);
#18769=DIRECTION('',(0,0,-1));
#18770=DIRECTION('',(-0.03444030707260976,-0.10421726706422317,0.9939580607321461));
#18771=DIRECTION('',(0.31377679847160467,0.9494967723699276,0));
#18772=FACE_SURFACE('',(#18777),#18773,.T.);
#18773=PLANE('',#18774);
#18774=AXIS2_PLACEMENT_3D('',#282,#18775,#18776);
#18775=DIRECTION('',(0,0,-1));
#18776=DIRECTION('',(0.9637975103051583,-0.2666352548512267,0));
#18777=FACE_BOUND('',#18778,.T.);
#18778=EDGE_LOOP('',(#18779,#18780,#18781));
#18779=ORIENTED_EDGE('',*,*,#18782,.T.);
#18780=ORIENTED_EDGE('',*,*,#18783,.T.);
#18781=ORIENTED_EDGE('',*,*,#18784,.T.);
#18782=EDGE_CURVE('',#283,#281,#18785,.F.);
#18783=EDGE_CURVE('',#281,#285,#18786,.T.);
#18784=EDGE_CURVE('',#285,#283,#18787,.T.);
#18785=LINE('',#282,#18788);
#18786=LINE('',#280,#18789);
#18787=LINE('',#284,#18790);
#18788=VECTOR('',#18791,1.0);
#18789=VECTOR('',#18792,1.0);
#18790=VECTOR('',#18793,1.0);
#18791=DIRECTION('',(0.9637975103051583,-0.2666352548512267,0));
#18792=DIRECTION('',(-0.7850859148954262,-0.6193868792869378,0));
#18793=DIRECTION('',(-0.09231829628321286,0.9957295477042774,0));
#18794=FACE_SURFACE('',(#18799),#18795,.T.);
#18795=PLANE('',#18796);
#18796=AXIS2_PLACEMENT_3D('',#794,#18797,#18798);
#18797=DIRECTION('',(-0.9637951826293366,0.2666436684800217,0));
#18798=DIRECTION('',(0.26664366848002163,0.9637951826293365,0));
#18799=FACE_BOUND('',#18800,.T.);
#18800=EDGE_LOOP('',(#18801,#18802,#18803));
#18801=ORIENTED_EDGE('',*,*,#18804,.T.);
#18802=ORIENTED_EDGE('',*,*,#18805,.T.);
#18803=ORIENTED_EDGE('',*,*,#18806,.T.);
#18804=EDGE_CURVE('',#795,#791,#18807,.F.);
#18805=EDGE_CURVE('',#791,#655,#18808,.T.);
#18806=EDGE_CURVE('',#655,#795,#18809,.T.);
#18807=LINE('',#794,#18810);
#18808=LINE('',#790,#18811);
#18809=LINE('',#654,#18812);
#18810=VECTOR('',#18813,1.0);
#18811=VECTOR('',#18814,1.0);
#18812=VECTOR('',#18815,1.0);
#18813=DIRECTION('',(0.26664366848002163,0.9637951826293365,0));
#18814=DIRECTION('',(0,0,-1));
#18815=DIRECTION('',(-0.029272225009657992,-0.10580573545950964,0.9939558758752103));
#18816=FACE_SURFACE('',(#18821),#18817,.T.);
#18817=PLANE('',#18818);
#18818=AXIS2_PLACEMENT_3D('',#272,#18819,#18820);
#18819=DIRECTION('',(0,0,-1));
#18820=DIRECTION('',(0.9331507510334995,-0.35948529294759135,0));
#18821=FACE_BOUND('',#18822,.T.);
#18822=EDGE_LOOP('',(#18823,#18824,#18825));
#18823=ORIENTED_EDGE('',*,*,#18826,.T.);
#18824=ORIENTED_EDGE('',*,*,#18827,.T.);
#18825=ORIENTED_EDGE('',*,*,#18828,.T.);
#18826=EDGE_CURVE('',#273,#271,#18829,.F.);
#18827=EDGE_CURVE('',#271,#291,#18830,.T.);
#18828=EDGE_CURVE('',#291,#273,#18831,.T.);
#18829=LINE('',#272,#18832);
#18830=LINE('',#270,#18833);
#18831=LINE('',#290,#18834);
#18832=VECTOR('',#18835,1.0);
#18833=VECTOR('',#18836,1.0);
#18834=VECTOR('',#18837,1.0);
#18835=DIRECTION('',(0.9331507510334995,-0.35948529294759135,0));
#18836=DIRECTION('',(-0.38283622596449907,-0.9238162285266799,0));
#18837=DIRECTION('',(-0.4406754568502863,0.8976664980547016,0));
#18838=FACE_SURFACE('',(#18843),#18839,.T.);
#18839=PLANE('',#18840);
#18840=AXIS2_PLACEMENT_3D('',#270,#18841,#18842);
#18841=DIRECTION('',(0,-0,-1));
#18842=DIRECTION('',(0.9141999656662768,-0.4052633992550751,0));
#18843=FACE_BOUND('',#18844,.T.);
#18844=EDGE_LOOP('',(#18845,#18846,#18847));
#18845=ORIENTED_EDGE('',*,*,#18848,.T.);
#18846=ORIENTED_EDGE('',*,*,#18849,.T.);
#18847=ORIENTED_EDGE('',*,*,#18850,.T.);
#18848=EDGE_CURVE('',#271,#589,#18851,.F.);
#18849=EDGE_CURVE('',#589,#291,#18852,.T.);
#18850=EDGE_CURVE('',#291,#271,#18853,.T.);
#18851=LINE('',#270,#18854);
#18852=LINE('',#588,#18855);
#18853=LINE('',#290,#18856);
#18854=VECTOR('',#18857,1.0);
#18855=VECTOR('',#18858,1.0);
#18856=VECTOR('',#18859,1.0);
#18857=DIRECTION('',(0.9141999656662768,-0.4052633992550751,0));
#18858=DIRECTION('',(-0.9463129680080427,-0.323251862453736,0));
#18859=DIRECTION('',(0.38283622596449907,0.9238162285266799,0));
#18860=FACE_SURFACE('',(#18865),#18861,.T.);
#18861=PLANE('',#18862);
#18862=AXIS2_PLACEMENT_3D('',#590,#18863,#18864);
#18863=DIRECTION('',(0,0,-1));
#18864=DIRECTION('',(-0.8968665277029989,0.4423012903959992,0));
#18865=FACE_BOUND('',#18866,.T.);
#18866=EDGE_LOOP('',(#18867,#18868,#18869));
#18867=ORIENTED_EDGE('',*,*,#18870,.T.);
#18868=ORIENTED_EDGE('',*,*,#18871,.T.);
#18869=ORIENTED_EDGE('',*,*,#18872,.T.);
#18870=EDGE_CURVE('',#591,#291,#18873,.F.);
#18871=EDGE_CURVE('',#291,#589,#18874,.T.);
#18872=EDGE_CURVE('',#589,#591,#18875,.T.);
#18873=LINE('',#590,#18876);
#18874=LINE('',#290,#18877);
#18875=LINE('',#588,#18878);
#18876=VECTOR('',#18879,1.0);
#18877=VECTOR('',#18880,1.0);
#18878=VECTOR('',#18881,1.0);
#18879=DIRECTION('',(-0.8968665277029989,0.4423012903959992,0));
#18880=DIRECTION('',(0.9463129680080427,0.323251862453736,0));
#18881=DIRECTION('',(0.5493626556349002,-0.8355840308393705,0));
#18882=FACE_SURFACE('',(#18887),#18883,.T.);
#18883=PLANE('',#18884);
#18884=AXIS2_PLACEMENT_3D('',#290,#18885,#18886);
#18885=DIRECTION('',(0,0,-1));
#18886=DIRECTION('',(-0.9469274442112973,0.32144737578561833,0));
#18887=FACE_BOUND('',#18888,.T.);
#18888=EDGE_LOOP('',(#18889,#18890,#18891));
#18889=ORIENTED_EDGE('',*,*,#18892,.T.);
#18890=ORIENTED_EDGE('',*,*,#18893,.T.);
#18891=ORIENTED_EDGE('',*,*,#18894,.T.);
#18892=EDGE_CURVE('',#291,#285,#18895,.F.);
#18893=EDGE_CURVE('',#285,#273,#18896,.T.);
#18894=EDGE_CURVE('',#273,#291,#18897,.T.);
#18895=LINE('',#290,#18898);
#18896=LINE('',#284,#18899);
#18897=LINE('',#272,#18900);
#18898=VECTOR('',#18901,1.0);
#18899=VECTOR('',#18902,1.0);
#18900=VECTOR('',#18903,1.0);
#18901=DIRECTION('',(-0.9469274442112973,0.32144737578561833,0));
#18902=DIRECTION('',(0.9793467562027683,0.20218786094895888,0));
#18903=DIRECTION('',(0.4406754568502863,-0.8976664980547016,0));
#18904=FACE_SURFACE('',(#18909),#18905,.T.);
#18905=PLANE('',#18906);
#18906=AXIS2_PLACEMENT_3D('',#280,#18907,#18908);
#18907=DIRECTION('',(0,-0,-1));
#18908=DIRECTION('',(0.9494919752549548,-0.31379131429414125,0));
#18909=FACE_BOUND('',#18910,.T.);
#18910=EDGE_LOOP('',(#18911,#18912,#18913));
#18911=ORIENTED_EDGE('',*,*,#18914,.T.);
#18912=ORIENTED_EDGE('',*,*,#18915,.T.);
#18913=ORIENTED_EDGE('',*,*,#18916,.T.);
#18914=EDGE_CURVE('',#281,#273,#18917,.F.);
#18915=EDGE_CURVE('',#273,#285,#18918,.T.);
#18916=EDGE_CURVE('',#285,#281,#18919,.T.);
#18917=LINE('',#280,#18920);
#18918=LINE('',#272,#18921);
#18919=LINE('',#284,#18922);
#18920=VECTOR('',#18923,1.0);
#18921=VECTOR('',#18924,1.0);
#18922=VECTOR('',#18925,1.0);
#18923=DIRECTION('',(0.9494919752549548,-0.31379131429414125,0));
#18924=DIRECTION('',(-0.9793467562027683,-0.20218786094895888,0));
#18925=DIRECTION('',(0.7850859148954262,0.6193868792869378,0));
#18926=FACE_SURFACE('',(#18931),#18927,.T.);
#18927=PLANE('',#18928);
#18928=AXIS2_PLACEMENT_3D('',#630,#18929,#18930);
#18929=DIRECTION('',(0.8968675466425448,-0.44229922425817425,0));
#18930=DIRECTION('',(0,0,1));
#18931=FACE_BOUND('',#18932,.T.);
#18932=EDGE_LOOP('',(#18933,#18934,#18935));
#18933=ORIENTED_EDGE('',*,*,#18936,.T.);
#18934=ORIENTED_EDGE('',*,*,#18937,.T.);
#18935=ORIENTED_EDGE('',*,*,#18938,.T.);
#18936=EDGE_CURVE('',#631,#1003,#18939,.F.);
#18937=EDGE_CURVE('',#1003,#1005,#18940,.T.);
#18938=EDGE_CURVE('',#1005,#631,#18941,.T.);
#18939=LINE('',#630,#18942);
#18940=LINE('',#1002,#18943);
#18941=LINE('',#1004,#18944);
#18942=VECTOR('',#18945,1.0);
#18943=VECTOR('',#18946,1.0);
#18944=VECTOR('',#18947,1.0);
#18945=DIRECTION('',(0,0,1));
#18946=DIRECTION('',(-0.4422992242581743,-0.8968675466425448,0));
#18947=DIRECTION('',(0.1255418733105277,0.25456619804334024,-0.9588718834439991));
#18948=FACE_SURFACE('',(#18953),#18949,.T.);
#18949=PLANE('',#18950);
#18950=AXIS2_PLACEMENT_3D('',#630,#18951,#18952);
#18951=DIRECTION('',(0.8968675466425448,-0.44229922425817425,0));
#18952=DIRECTION('',(-0.1255418733105277,-0.25456619804334024,0.9588718834439991));
#18953=FACE_BOUND('',#18954,.T.);
#18954=EDGE_LOOP('',(#18955,#18956,#18957));
#18955=ORIENTED_EDGE('',*,*,#18958,.T.);
#18956=ORIENTED_EDGE('',*,*,#18959,.T.);
#18957=ORIENTED_EDGE('',*,*,#18960,.T.);
#18958=EDGE_CURVE('',#631,#1005,#18961,.F.);
#18959=EDGE_CURVE('',#1005,#627,#18962,.T.);
#18960=EDGE_CURVE('',#627,#631,#18963,.T.);
#18961=LINE('',#630,#18964);
#18962=LINE('',#1004,#18965);
#18963=LINE('',#626,#18966);
#18964=VECTOR('',#18967,1.0);
#18965=VECTOR('',#18968,1.0);
#18966=VECTOR('',#18969,1.0);
#18967=DIRECTION('',(-0.1255418733105277,-0.25456619804334024,0.9588718834439991));
#18968=DIRECTION('',(0,0,-1));
#18969=DIRECTION('',(0.4422992242581743,0.8968675466425448,0));
#18970=FACE_SURFACE('',(#18975),#18971,.T.);
#18971=PLANE('',#18972);
#18972=AXIS2_PLACEMENT_3D('',#638,#18973,#18974);
#18973=DIRECTION('',(0.8314759036718616,-0.5555608172046163,0));
#18974=DIRECTION('',(0,0,1));
#18975=FACE_BOUND('',#18976,.T.);
#18976=EDGE_LOOP('',(#18977,#18978,#18979));
#18977=ORIENTED_EDGE('',*,*,#18980,.T.);
#18978=ORIENTED_EDGE('',*,*,#18981,.T.);
#18979=ORIENTED_EDGE('',*,*,#18982,.T.);
#18980=EDGE_CURVE('',#639,#1007,#18983,.F.);
#18981=EDGE_CURVE('',#1007,#1003,#18984,.T.);
#18982=EDGE_CURVE('',#1003,#639,#18985,.T.);
#18983=LINE('',#638,#18986);
#18984=LINE('',#1006,#18987);
#18985=LINE('',#1002,#18988);
#18986=VECTOR('',#18989,1.0);
#18987=VECTOR('',#18990,1.0);
#18988=VECTOR('',#18991,1.0);
#18989=DIRECTION('',(0,0,1));
#18990=DIRECTION('',(-0.5555608172046163,-0.8314759036718616,0));
#18991=DIRECTION('',(0.15768457111937823,0.2359974231557551,-0.958874753184555));
#18992=FACE_SURFACE('',(#18997),#18993,.T.);
#18993=PLANE('',#18994);
#18994=AXIS2_PLACEMENT_3D('',#638,#18995,#18996);
#18995=DIRECTION('',(0.8314759036718616,-0.5555608172046163,0));
#18996=DIRECTION('',(-0.15768457111937823,-0.2359974231557551,0.958874753184555));
#18997=FACE_BOUND('',#18998,.T.);
#18998=EDGE_LOOP('',(#18999,#19000,#19001));
#18999=ORIENTED_EDGE('',*,*,#19002,.T.);
#19000=ORIENTED_EDGE('',*,*,#19003,.T.);
#19001=ORIENTED_EDGE('',*,*,#19004,.T.);
#19002=EDGE_CURVE('',#639,#1003,#19005,.F.);
#19003=EDGE_CURVE('',#1003,#631,#19006,.T.);
#19004=EDGE_CURVE('',#631,#639,#19007,.T.);
#19005=LINE('',#638,#19008);
#19006=LINE('',#1002,#19009);
#19007=LINE('',#630,#19010);
#19008=VECTOR('',#19011,1.0);
#19009=VECTOR('',#19012,1.0);
#19010=VECTOR('',#19013,1.0);
#19011=DIRECTION('',(-0.15768457111937823,-0.2359974231557551,0.958874753184555));
#19012=DIRECTION('',(0,0,-1));
#19013=DIRECTION('',(0.5555608172046163,0.8314759036718616,0));
#19014=FACE_SURFACE('',(#19019),#19015,.T.);
#19015=PLANE('',#19016);
#19016=AXIS2_PLACEMENT_3D('',#646,#19017,#19018);
#19017=DIRECTION('',(0.7518166518061671,-0.659372218149176,0));
#19018=DIRECTION('',(0,0,1));
#19019=FACE_BOUND('',#19020,.T.);
#19020=EDGE_LOOP('',(#19021,#19022,#19023));
#19021=ORIENTED_EDGE('',*,*,#19024,.T.);
#19022=ORIENTED_EDGE('',*,*,#19025,.T.);
#19023=ORIENTED_EDGE('',*,*,#19026,.T.);
#19024=EDGE_CURVE('',#647,#1009,#19027,.F.);
#19025=EDGE_CURVE('',#1009,#1007,#19028,.T.);
#19026=EDGE_CURVE('',#1007,#647,#19029,.T.);
#19027=LINE('',#646,#19030);
#19028=LINE('',#1008,#19031);
#19029=LINE('',#1006,#19032);
#19030=VECTOR('',#19033,1.0);
#19031=VECTOR('',#19034,1.0);
#19032=VECTOR('',#19035,1.0);
#19033=DIRECTION('',(0,0,1));
#19034=DIRECTION('',(-0.6593722181491761,-0.7518166518061671,0));
#19035=DIRECTION('',(0.1871525869137246,0.21339150694775894,-0.9588732835855139));
#19036=FACE_SURFACE('',(#19041),#19037,.T.);
#19037=PLANE('',#19038);
#19038=AXIS2_PLACEMENT_3D('',#646,#19039,#19040);
#19039=DIRECTION('',(0.7518166518061671,-0.659372218149176,0));
#19040=DIRECTION('',(-0.1871525869137246,-0.21339150694775894,0.9588732835855139));
#19041=FACE_BOUND('',#19042,.T.);
#19042=EDGE_LOOP('',(#19043,#19044,#19045));
#19043=ORIENTED_EDGE('',*,*,#19046,.T.);
#19044=ORIENTED_EDGE('',*,*,#19047,.T.);
#19045=ORIENTED_EDGE('',*,*,#19048,.T.);
#19046=EDGE_CURVE('',#647,#1007,#19049,.F.);
#19047=EDGE_CURVE('',#1007,#639,#19050,.T.);
#19048=EDGE_CURVE('',#639,#647,#19051,.T.);
#19049=LINE('',#646,#19052);
#19050=LINE('',#1006,#19053);
#19051=LINE('',#638,#19054);
#19052=VECTOR('',#19055,1.0);
#19053=VECTOR('',#19056,1.0);
#19054=VECTOR('',#19057,1.0);
#19055=DIRECTION('',(-0.1871525869137246,-0.21339150694775894,0.9588732835855139));
#19056=DIRECTION('',(0,0,-1));
#19057=DIRECTION('',(0.6593722181491761,0.7518166518061671,0));
#19058=FACE_SURFACE('',(#19063),#19059,.T.);
#19059=PLANE('',#19060);
#19060=AXIS2_PLACEMENT_3D('',#646,#19061,#19062);
#19061=DIRECTION('',(0.659371021062127,-0.7518177016960216,0));
#19062=DIRECTION('',(0.2133913539757845,0.187151851624974,0.9588734611416281));
#19063=FACE_BOUND('',#19064,.T.);
#19064=EDGE_LOOP('',(#19065,#19066,#19067));
#19065=ORIENTED_EDGE('',*,*,#19068,.T.);
#19066=ORIENTED_EDGE('',*,*,#19069,.T.);
#19067=ORIENTED_EDGE('',*,*,#19070,.T.);
#19068=EDGE_CURVE('',#647,#873,#19071,.F.);
#19069=EDGE_CURVE('',#873,#1009,#19072,.T.);
#19070=EDGE_CURVE('',#1009,#647,#19073,.T.);
#19071=LINE('',#646,#19074);
#19072=LINE('',#872,#19075);
#19073=LINE('',#1008,#19076);
#19074=VECTOR('',#19077,1.0);
#19075=VECTOR('',#19078,1.0);
#19076=VECTOR('',#19079,1.0);
#19077=DIRECTION('',(0.2133913539757845,0.187151851624974,0.9588734611416281));
#19078=DIRECTION('',(-0.7518177016960216,-0.659371021062127,0));
#19079=DIRECTION('',(0,0,-1));
#19080=FACE_SURFACE('',(#19085),#19081,.T.);
#19081=PLANE('',#19082);
#19082=AXIS2_PLACEMENT_3D('',#310,#19083,#19084);
#19083=DIRECTION('',(0,0,-1));
#19084=DIRECTION('',(-0.6388895769708344,0.7692984521224701,0));
#19085=FACE_BOUND('',#19086,.T.);
#19086=EDGE_LOOP('',(#19087,#19088,#19089));
#19087=ORIENTED_EDGE('',*,*,#19090,.T.);
#19088=ORIENTED_EDGE('',*,*,#19091,.T.);
#19089=ORIENTED_EDGE('',*,*,#19092,.T.);
#19090=EDGE_CURVE('',#311,#319,#19093,.F.);
#19091=EDGE_CURVE('',#319,#313,#19094,.T.);
#19092=EDGE_CURVE('',#313,#311,#19095,.T.);
#19093=LINE('',#310,#19096);
#19094=LINE('',#318,#19097);
#19095=LINE('',#312,#19098);
#19096=VECTOR('',#19099,1.0);
#19097=VECTOR('',#19100,1.0);
#19098=VECTOR('',#19101,1.0);
#19099=DIRECTION('',(-0.6388895769708344,0.7692984521224701,0));
#19100=DIRECTION('',(0.9931335017065641,0.11698652823320299,0));
#19101=DIRECTION('',(-0.49262477042796066,-0.8702418259086373,0));
#19102=FACE_SURFACE('',(#19107),#19103,.T.);
#19103=PLANE('',#19104);
#19104=AXIS2_PLACEMENT_3D('',#456,#19105,#19106);
#19105=DIRECTION('',(0,0,-1));
#19106=DIRECTION('',(-0.4499290157183951,-0.8930643206481134,0));
#19107=FACE_BOUND('',#19108,.T.);
#19108=EDGE_LOOP('',(#19109,#19110,#19111));
#19109=ORIENTED_EDGE('',*,*,#19112,.T.);
#19110=ORIENTED_EDGE('',*,*,#19113,.T.);
#19111=ORIENTED_EDGE('',*,*,#19114,.T.);
#19112=EDGE_CURVE('',#457,#313,#19115,.F.);
#19113=EDGE_CURVE('',#313,#319,#19116,.T.);
#19114=EDGE_CURVE('',#319,#457,#19117,.T.);
#19115=LINE('',#456,#19118);
#19116=LINE('',#312,#19119);
#19117=LINE('',#318,#19120);
#19118=VECTOR('',#19121,1.0);
#19119=VECTOR('',#19122,1.0);
#19120=VECTOR('',#19123,1.0);
#19121=DIRECTION('',(-0.4499290157183951,-0.8930643206481134,0));
#19122=DIRECTION('',(-0.9931335017065641,-0.11698652823320299,0));
#19123=DIRECTION('',(0.8355842209490014,0.5493623664768551,0));
#19124=FACE_SURFACE('',(#19129),#19125,.T.);
#19125=PLANE('',#19126);
#19126=AXIS2_PLACEMENT_3D('',#306,#19127,#19128);
#19127=DIRECTION('',(0,0,-1));
#19128=DIRECTION('',(-0.9552470678796736,0.29580912647733926,0));
#19129=FACE_BOUND('',#19130,.T.);
#19130=EDGE_LOOP('',(#19131,#19132,#19133));
#19131=ORIENTED_EDGE('',*,*,#19134,.T.);
#19132=ORIENTED_EDGE('',*,*,#19135,.T.);
#19133=ORIENTED_EDGE('',*,*,#19136,.T.);
#19134=EDGE_CURVE('',#307,#363,#19137,.F.);
#19135=EDGE_CURVE('',#363,#305,#19138,.T.);
#19136=EDGE_CURVE('',#305,#307,#19139,.T.);
#19137=LINE('',#306,#19140);
#19138=LINE('',#362,#19141);
#19139=LINE('',#304,#19142);
#19140=VECTOR('',#19143,1.0);
#19141=VECTOR('',#19144,1.0);
#19142=VECTOR('',#19145,1.0);
#19143=DIRECTION('',(-0.9552470678796736,0.29580912647733926,0));
#19144=DIRECTION('',(0.9418850993090504,0.3359352016380245,0));
#19145=DIRECTION('',(-0.5760446014654047,-0.8174182632670763,0));
#19146=FACE_SURFACE('',(#19151),#19147,.T.);
#19147=PLANE('',#19148);
#19148=AXIS2_PLACEMENT_3D('',#870,#19149,#19150);
#19149=DIRECTION('',(0,-0,-1));
#19150=DIRECTION('',(0.23863605609017938,-0.9711090735513311,0));
#19151=FACE_BOUND('',#19152,.T.);
#19152=EDGE_LOOP('',(#19153,#19154,#19155));
#19153=ORIENTED_EDGE('',*,*,#19156,.T.);
#19154=ORIENTED_EDGE('',*,*,#19157,.T.);
#19155=ORIENTED_EDGE('',*,*,#19158,.T.);
#19156=EDGE_CURVE('',#871,#881,#19159,.F.);
#19157=EDGE_CURVE('',#881,#875,#19160,.T.);
#19158=EDGE_CURVE('',#875,#871,#19161,.T.);
#19159=LINE('',#870,#19162);
#19160=LINE('',#880,#19163);
#19161=LINE('',#874,#19164);
#19162=VECTOR('',#19165,1.0);
#19163=VECTOR('',#19166,1.0);
#19164=VECTOR('',#19167,1.0);
#19165=DIRECTION('',(0.23863605609017938,-0.9711090735513311,0));
#19166=DIRECTION('',(-0.42523579764734387,0.9050826019757684,0));
#19167=DIRECTION('',(0.8968664779528267,0.44230139127578105,0));
#19168=FACE_SURFACE('',(#19173),#19169,.T.);
#19169=PLANE('',#19170);
#19170=AXIS2_PLACEMENT_3D('',#1010,#19171,#19172);
#19171=DIRECTION('',(0,0,-1));
#19172=DIRECTION('',(0.1951903802810728,0.9807653722709272,0));
#19173=FACE_BOUND('',#19174,.T.);
#19174=EDGE_LOOP('',(#19175,#19176,#19177));
#19175=ORIENTED_EDGE('',*,*,#19178,.T.);
#19176=ORIENTED_EDGE('',*,*,#19179,.T.);
#19177=ORIENTED_EDGE('',*,*,#19180,.T.);
#19178=EDGE_CURVE('',#1011,#1013,#19181,.F.);
#19179=EDGE_CURVE('',#1013,#127,#19182,.T.);
#19180=EDGE_CURVE('',#127,#1011,#19183,.T.);
#19181=LINE('',#1010,#19184);
#19182=LINE('',#1012,#19185);
#19183=LINE('',#126,#19186);
#19184=VECTOR('',#19187,1.0);
#19185=VECTOR('',#19188,1.0);
#19186=VECTOR('',#19189,1.0);
#19187=DIRECTION('',(0.1951903802810728,0.9807653722709272,0));
#19188=DIRECTION('',(0.9952192983473235,-0.09766549133169325,0));
#19189=DIRECTION('',(-0.997393076517963,-0.07215989824017723,0));
#19190=FACE_SURFACE('',(#19195),#19191,.T.);
#19191=PLANE('',#19192);
#19192=AXIS2_PLACEMENT_3D('',#310,#19193,#19194);
#19193=DIRECTION('',(-0,0,-1));
#19194=DIRECTION('',(-0.5351138732976791,-0.844779937382722,0));
#19195=FACE_BOUND('',#19196,.T.);
#19196=EDGE_LOOP('',(#19197,#19198,#19199));
#19197=ORIENTED_EDGE('',*,*,#19200,.T.);
#19198=ORIENTED_EDGE('',*,*,#19201,.T.);
#19199=ORIENTED_EDGE('',*,*,#19202,.T.);
#19200=EDGE_CURVE('',#311,#305,#19203,.F.);
#19201=EDGE_CURVE('',#305,#319,#19204,.T.);
#19202=EDGE_CURVE('',#319,#311,#19205,.T.);
#19203=LINE('',#310,#19206);
#19204=LINE('',#304,#19207);
#19205=LINE('',#318,#19208);
#19206=VECTOR('',#19209,1.0);
#19207=VECTOR('',#19210,1.0);
#19208=VECTOR('',#19211,1.0);
#19209=DIRECTION('',(-0.5351138732976791,-0.844779937382722,0));
#19210=DIRECTION('',(-0.049937671235845214,0.9987523361632455,0));
#19211=DIRECTION('',(0.6388895769708344,-0.7692984521224701,0));
#19212=FACE_SURFACE('',(#19217),#19213,.T.);
#19213=PLANE('',#19214);
#19214=AXIS2_PLACEMENT_3D('',#362,#19215,#19216);
#19215=DIRECTION('',(0,0,-1));
#19216=DIRECTION('',(0.5555625391583309,0.8314747531248006,0));
#19217=FACE_BOUND('',#19218,.T.);
#19218=EDGE_LOOP('',(#19219,#19220,#19221));
#19219=ORIENTED_EDGE('',*,*,#19222,.T.);
#19220=ORIENTED_EDGE('',*,*,#19223,.T.);
#19221=ORIENTED_EDGE('',*,*,#19224,.T.);
#19222=EDGE_CURVE('',#363,#319,#19225,.F.);
#19223=EDGE_CURVE('',#319,#305,#19226,.T.);
#19224=EDGE_CURVE('',#305,#363,#19227,.T.);
#19225=LINE('',#362,#19228);
#19226=LINE('',#318,#19229);
#19227=LINE('',#304,#19230);
#19228=VECTOR('',#19231,1.0);
#19229=VECTOR('',#19232,1.0);
#19230=VECTOR('',#19233,1.0);
#19231=DIRECTION('',(0.5555625391583309,0.8314747531248006,0));
#19232=DIRECTION('',(0.049937671235845214,-0.9987523361632455,0));
#19233=DIRECTION('',(-0.9418850993090504,-0.3359352016380245,0));
#19234=FACE_SURFACE('',(#19239),#19235,.T.);
#19235=PLANE('',#19236);
#19236=AXIS2_PLACEMENT_3D('',#654,#19237,#19238);
#19237=DIRECTION('',(-0.9637951826293366,0.2666436684800217,0));
#19238=DIRECTION('',(-0.26664366848002163,-0.9637951826293365,0));
#19239=FACE_BOUND('',#19240,.T.);
#19240=EDGE_LOOP('',(#19241,#19242,#19243));
#19241=ORIENTED_EDGE('',*,*,#19244,.T.);
#19242=ORIENTED_EDGE('',*,*,#19245,.T.);
#19243=ORIENTED_EDGE('',*,*,#19246,.T.);
#19244=EDGE_CURVE('',#655,#671,#19247,.F.);
#19245=EDGE_CURVE('',#671,#795,#19248,.T.);
#19246=EDGE_CURVE('',#795,#655,#19249,.T.);
#19247=LINE('',#654,#19250);
#19248=LINE('',#670,#19251);
#19249=LINE('',#794,#19252);
#19250=VECTOR('',#19253,1.0);
#19251=VECTOR('',#19254,1.0);
#19252=VECTOR('',#19255,1.0);
#19253=DIRECTION('',(-0.26664366848002163,-0.9637951826293365,0));
#19254=DIRECTION('',(0,0,1));
#19255=DIRECTION('',(0.029272225009657992,0.10580573545950964,-0.9939558758752103));
#19256=FACE_SURFACE('',(#19261),#19257,.T.);
#19257=PLANE('',#19258);
#19258=AXIS2_PLACEMENT_3D('',#670,#19259,#19260);
#19259=DIRECTION('',(-0.9756958632347167,0.21912914563485353,0));
#19260=DIRECTION('',(-0.21912914563485356,-0.9756958632347168,0));
#19261=FACE_BOUND('',#19262,.T.);
#19262=EDGE_LOOP('',(#19263,#19264,#19265));
#19263=ORIENTED_EDGE('',*,*,#19266,.T.);
#19264=ORIENTED_EDGE('',*,*,#19267,.T.);
#19265=ORIENTED_EDGE('',*,*,#19268,.T.);
#19266=EDGE_CURVE('',#671,#669,#19269,.F.);
#19267=EDGE_CURVE('',#669,#797,#19270,.T.);
#19268=EDGE_CURVE('',#797,#671,#19271,.T.);
#19269=LINE('',#670,#19272);
#19270=LINE('',#668,#19273);
#19271=LINE('',#796,#19274);
#19272=VECTOR('',#19275,1.0);
#19273=VECTOR('',#19276,1.0);
#19274=VECTOR('',#19277,1.0);
#19275=DIRECTION('',(-0.21912914563485356,-0.9756958632347168,0));
#19276=DIRECTION('',(0,0,1));
#19277=DIRECTION('',(0.024053068063687923,0.10709884775871006,-0.9939573867754493));
#19278=FACE_SURFACE('',(#19283),#19279,.T.);
#19279=PLANE('',#19280);
#19280=AXIS2_PLACEMENT_3D('',#670,#19281,#19282);
#19281=DIRECTION('',(-0.9756958632347167,0.21912914563485353,0));
#19282=DIRECTION('',(-0.024053068063687923,-0.10709884775871006,0.9939573867754493));
#19283=FACE_BOUND('',#19284,.T.);
#19284=EDGE_LOOP('',(#19285,#19286,#19287));
#19285=ORIENTED_EDGE('',*,*,#19288,.T.);
#19286=ORIENTED_EDGE('',*,*,#19289,.T.);
#19287=ORIENTED_EDGE('',*,*,#19290,.T.);
#19288=EDGE_CURVE('',#671,#797,#19291,.F.);
#19289=EDGE_CURVE('',#797,#795,#19292,.T.);
#19290=EDGE_CURVE('',#795,#671,#19293,.T.);
#19291=LINE('',#670,#19294);
#19292=LINE('',#796,#19295);
#19293=LINE('',#794,#19296);
#19294=VECTOR('',#19297,1.0);
#19295=VECTOR('',#19298,1.0);
#19296=VECTOR('',#19299,1.0);
#19297=DIRECTION('',(-0.024053068063687923,-0.10709884775871006,0.9939573867754493));
#19298=DIRECTION('',(0.21912914563485356,0.9756958632347168,0));
#19299=DIRECTION('',(0,0,-1));
#19300=FACE_SURFACE('',(#19305),#19301,.T.);
#19301=PLANE('',#19302);
#19302=AXIS2_PLACEMENT_3D('',#358,#19303,#19304);
#19303=DIRECTION('',(-0,0,-1));
#19304=DIRECTION('',(-0.6531015099688136,-0.7572703729028726,0));
#19305=FACE_BOUND('',#19306,.T.);
#19306=EDGE_LOOP('',(#19307,#19308,#19309));
#19307=ORIENTED_EDGE('',*,*,#19310,.T.);
#19308=ORIENTED_EDGE('',*,*,#19311,.T.);
#19309=ORIENTED_EDGE('',*,*,#19312,.T.);
#19310=EDGE_CURVE('',#359,#355,#19313,.F.);
#19311=EDGE_CURVE('',#355,#363,#19314,.T.);
#19312=EDGE_CURVE('',#363,#359,#19315,.T.);
#19313=LINE('',#358,#19316);
#19314=LINE('',#354,#19317);
#19315=LINE('',#362,#19318);
#19316=VECTOR('',#19319,1.0);
#19317=VECTOR('',#19320,1.0);
#19318=VECTOR('',#19321,1.0);
#19319=DIRECTION('',(-0.6531015099688136,-0.7572703729028726,0));
#19320=DIRECTION('',(0.18783758455602645,0.982200102742897,0));
#19321=DIRECTION('',(0.271661475842144,-0.9623928732816283,0));
#19322=FACE_SURFACE('',(#19327),#19323,.T.);
#19323=PLANE('',#19324);
#19324=AXIS2_PLACEMENT_3D('',#306,#19325,#19326);
#19325=DIRECTION('',(-0,0,-1));
#19326=DIRECTION('',(-0.6150984269643359,-0.7884503314388291,0));
#19327=FACE_BOUND('',#19328,.T.);
#19328=EDGE_LOOP('',(#19329,#19330,#19331));
#19329=ORIENTED_EDGE('',*,*,#19332,.T.);
#19330=ORIENTED_EDGE('',*,*,#19333,.T.);
#19331=ORIENTED_EDGE('',*,*,#19334,.T.);
#19332=EDGE_CURVE('',#307,#359,#19335,.F.);
#19333=EDGE_CURVE('',#359,#363,#19336,.T.);
#19334=EDGE_CURVE('',#363,#307,#19337,.T.);
#19335=LINE('',#306,#19338);
#19336=LINE('',#358,#19339);
#19337=LINE('',#362,#19340);
#19338=VECTOR('',#19341,1.0);
#19339=VECTOR('',#19342,1.0);
#19340=VECTOR('',#19343,1.0);
#19341=DIRECTION('',(-0.6150984269643359,-0.7884503314388291,0));
#19342=DIRECTION('',(-0.271661475842144,0.9623928732816283,0));
#19343=DIRECTION('',(0.9552470678796736,-0.29580912647733926,0));
#19344=FACE_SURFACE('',(#19349),#19345,.T.);
#19345=PLANE('',#19346);
#19346=AXIS2_PLACEMENT_3D('',#668,#19347,#19348);
#19347=DIRECTION('',(-0.9852440628910696,0.17115529947360164,0));
#19348=DIRECTION('',(-0.17115529947360164,-0.9852440628910695,0));
#19349=FACE_BOUND('',#19350,.T.);
#19350=EDGE_LOOP('',(#19351,#19352,#19353));
#19351=ORIENTED_EDGE('',*,*,#19354,.T.);
#19352=ORIENTED_EDGE('',*,*,#19355,.T.);
#19353=ORIENTED_EDGE('',*,*,#19356,.T.);
#19354=EDGE_CURVE('',#669,#667,#19357,.F.);
#19355=EDGE_CURVE('',#667,#799,#19358,.T.);
#19356=EDGE_CURVE('',#799,#669,#19359,.T.);
#19357=LINE('',#668,#19360);
#19358=LINE('',#666,#19361);
#19359=LINE('',#798,#19362);
#19360=VECTOR('',#19363,1.0);
#19361=VECTOR('',#19364,1.0);
#19362=VECTOR('',#19365,1.0);
#19363=DIRECTION('',(-0.17115529947360164,-0.9852440628910695,0));
#19364=DIRECTION('',(0,0,1));
#19365=DIRECTION('',(0.018786479106659447,0.10814311364818793,-0.9939578135782475));
#19366=FACE_SURFACE('',(#19371),#19367,.T.);
#19367=PLANE('',#19368);
#19368=AXIS2_PLACEMENT_3D('',#668,#19369,#19370);
#19369=DIRECTION('',(-0.9852440628910696,0.17115529947360164,0));
#19370=DIRECTION('',(-0.018786479106659447,-0.10814311364818793,0.9939578135782475));
#19371=FACE_BOUND('',#19372,.T.);
#19372=EDGE_LOOP('',(#19373,#19374,#19375));
#19373=ORIENTED_EDGE('',*,*,#19376,.T.);
#19374=ORIENTED_EDGE('',*,*,#19377,.T.);
#19375=ORIENTED_EDGE('',*,*,#19378,.T.);
#19376=EDGE_CURVE('',#669,#799,#19379,.F.);
#19377=EDGE_CURVE('',#799,#797,#19380,.T.);
#19378=EDGE_CURVE('',#797,#669,#19381,.T.);
#19379=LINE('',#668,#19382);
#19380=LINE('',#798,#19383);
#19381=LINE('',#796,#19384);
#19382=VECTOR('',#19385,1.0);
#19383=VECTOR('',#19386,1.0);
#19384=VECTOR('',#19387,1.0);
#19385=DIRECTION('',(-0.018786479106659447,-0.10814311364818793,0.9939578135782475));
#19386=DIRECTION('',(0.17115529947360164,0.9852440628910695,0));
#19387=DIRECTION('',(0,0,-1));
#19388=FACE_SURFACE('',(#19393),#19389,.T.);
#19389=PLANE('',#19390);
#19390=AXIS2_PLACEMENT_3D('',#364,#19391,#19392);
#19391=DIRECTION('',(0,0,-1));
#19392=DIRECTION('',(0.6593722780424142,0.7518165992774815,0));
#19393=FACE_BOUND('',#19394,.T.);
#19394=EDGE_LOOP('',(#19395,#19396,#19397));
#19395=ORIENTED_EDGE('',*,*,#19398,.T.);
#19396=ORIENTED_EDGE('',*,*,#19399,.T.);
#19397=ORIENTED_EDGE('',*,*,#19400,.T.);
#19398=EDGE_CURVE('',#365,#363,#19401,.F.);
#19399=EDGE_CURVE('',#363,#355,#19402,.T.);
#19400=EDGE_CURVE('',#355,#365,#19403,.T.);
#19401=LINE('',#364,#19404);
#19402=LINE('',#362,#19405);
#19403=LINE('',#354,#19406);
#19404=VECTOR('',#19407,1.0);
#19405=VECTOR('',#19408,1.0);
#19406=VECTOR('',#19409,1.0);
#19407=DIRECTION('',(0.6593722780424142,0.7518165992774815,0));
#19408=DIRECTION('',(-0.18783758455602645,-0.982200102742897,0));
#19409=DIRECTION('',(-0.9979778851024104,-0.06356210228210046,0));
#19410=FACE_SURFACE('',(#19415),#19411,.T.);
#19411=PLANE('',#19412);
#19412=AXIS2_PLACEMENT_3D('',#354,#19413,#19414);
#19413=DIRECTION('',(0,0,-1));
#19414=DIRECTION('',(-0.6894615997573873,-0.7243222366184712,0));
#19415=FACE_BOUND('',#19416,.T.);
#19416=EDGE_LOOP('',(#19417,#19418,#19419));
#19417=ORIENTED_EDGE('',*,*,#19420,.T.);
#19418=ORIENTED_EDGE('',*,*,#19421,.T.);
#19419=ORIENTED_EDGE('',*,*,#19422,.T.);
#19420=EDGE_CURVE('',#355,#351,#19423,.F.);
#19421=EDGE_CURVE('',#351,#365,#19424,.T.);
#19422=EDGE_CURVE('',#365,#355,#19425,.T.);
#19423=LINE('',#354,#19426);
#19424=LINE('',#350,#19427);
#19425=LINE('',#364,#19428);
#19426=VECTOR('',#19429,1.0);
#19427=VECTOR('',#19430,1.0);
#19428=VECTOR('',#19431,1.0);
#19429=DIRECTION('',(-0.6894615997573873,-0.7243222366184712,0));
#19430=DIRECTION('',(-0.7071043651292743,0.7071091972355654,0));
#19431=DIRECTION('',(0.9979778851024104,0.06356210228210046,0));
#19432=FACE_SURFACE('',(#19437),#19433,.T.);
#19433=PLANE('',#19434);
#19434=AXIS2_PLACEMENT_3D('',#350,#19435,#19436);
#19435=DIRECTION('',(-0,0,-1));
#19436=DIRECTION('',(-0.724322034563589,-0.6894618120285293,0));
#19437=FACE_BOUND('',#19438,.T.);
#19438=EDGE_LOOP('',(#19439,#19440,#19441));
#19439=ORIENTED_EDGE('',*,*,#19442,.T.);
#19440=ORIENTED_EDGE('',*,*,#19443,.T.);
#19441=ORIENTED_EDGE('',*,*,#19444,.T.);
#19442=EDGE_CURVE('',#351,#347,#19445,.F.);
#19443=EDGE_CURVE('',#347,#365,#19446,.T.);
#19444=EDGE_CURVE('',#365,#351,#19447,.T.);
#19445=LINE('',#350,#19448);
#19446=LINE('',#346,#19449);
#19447=LINE('',#364,#19450);
#19448=VECTOR('',#19451,1.0);
#19449=VECTOR('',#19452,1.0);
#19450=VECTOR('',#19453,1.0);
#19451=DIRECTION('',(-0.724322034563589,-0.6894618120285293,0));
#19452=DIRECTION('',(0.06356317238362989,0.9979778169461128,0));
#19453=DIRECTION('',(0.7071043651292743,-0.7071091972355654,0));
#19454=FACE_SURFACE('',(#19459),#19455,.T.);
#19455=PLANE('',#19456);
#19456=AXIS2_PLACEMENT_3D('',#368,#19457,#19458);
#19457=DIRECTION('',(0,0,-1));
#19458=DIRECTION('',(0.7518163477460027,0.6593725648386211,0));
#19459=FACE_BOUND('',#19460,.T.);
#19460=EDGE_LOOP('',(#19461,#19462,#19463));
#19461=ORIENTED_EDGE('',*,*,#19464,.T.);
#19462=ORIENTED_EDGE('',*,*,#19465,.T.);
#19463=ORIENTED_EDGE('',*,*,#19466,.T.);
#19464=EDGE_CURVE('',#369,#365,#19467,.F.);
#19465=EDGE_CURVE('',#365,#347,#19468,.T.);
#19466=EDGE_CURVE('',#347,#369,#19469,.T.);
#19467=LINE('',#368,#19470);
#19468=LINE('',#364,#19471);
#19469=LINE('',#346,#19472);
#19470=VECTOR('',#19473,1.0);
#19471=VECTOR('',#19474,1.0);
#19472=VECTOR('',#19475,1.0);
#19473=DIRECTION('',(0.7518163477460027,0.6593725648386211,0));
#19474=DIRECTION('',(-0.06356317238362989,-0.9979778169461128,0));
#19475=DIRECTION('',(-0.9822002745265768,-0.18783668629934192,0));
#19476=FACE_SURFACE('',(#19481),#19477,.T.);
#19477=PLANE('',#19478);
#19478=AXIS2_PLACEMENT_3D('',#666,#19479,#19480);
#19479=DIRECTION('',(-0.9924993761224158,0.12224969691829791,0));
#19480=DIRECTION('',(-0.1222496969182979,-0.9924993761224157,0));
#19481=FACE_BOUND('',#19482,.T.);
#19482=EDGE_LOOP('',(#19483,#19484,#19485));
#19483=ORIENTED_EDGE('',*,*,#19486,.T.);
#19484=ORIENTED_EDGE('',*,*,#19487,.T.);
#19485=ORIENTED_EDGE('',*,*,#19488,.T.);
#19486=EDGE_CURVE('',#667,#659,#19489,.F.);
#19487=EDGE_CURVE('',#659,#803,#19490,.T.);
#19488=EDGE_CURVE('',#803,#667,#19491,.T.);
#19489=LINE('',#666,#19492);
#19490=LINE('',#658,#19493);
#19491=LINE('',#802,#19494);
#19492=VECTOR('',#19495,1.0);
#19493=VECTOR('',#19496,1.0);
#19494=VECTOR('',#19497,1.0);
#19495=DIRECTION('',(-0.1222496969182979,-0.9924993761224157,0));
#19496=DIRECTION('',(0,0,1));
#19497=DIRECTION('',(0.013418266075252488,0.10893786278450344,-0.9939579931704752));
#19498=FACE_SURFACE('',(#19503),#19499,.T.);
#19499=PLANE('',#19500);
#19500=AXIS2_PLACEMENT_3D('',#666,#19501,#19502);
#19501=DIRECTION('',(-0.9924993761224158,0.12224969691829791,0));
#19502=DIRECTION('',(-0.013418266075252488,-0.10893786278450344,0.9939579931704752));
#19503=FACE_BOUND('',#19504,.T.);
#19504=EDGE_LOOP('',(#19505,#19506,#19507));
#19505=ORIENTED_EDGE('',*,*,#19508,.T.);
#19506=ORIENTED_EDGE('',*,*,#19509,.T.);
#19507=ORIENTED_EDGE('',*,*,#19510,.T.);
#19508=EDGE_CURVE('',#667,#803,#19511,.F.);
#19509=EDGE_CURVE('',#803,#799,#19512,.T.);
#19510=EDGE_CURVE('',#799,#667,#19513,.T.);
#19511=LINE('',#666,#19514);
#19512=LINE('',#802,#19515);
#19513=LINE('',#798,#19516);
#19514=VECTOR('',#19517,1.0);
#19515=VECTOR('',#19518,1.0);
#19516=VECTOR('',#19519,1.0);
#19517=DIRECTION('',(-0.013418266075252488,-0.10893786278450344,0.9939579931704752));
#19518=DIRECTION('',(0.1222496969182979,0.9924993761224157,0));
#19519=DIRECTION('',(0,0,-1));
#19520=FACE_SURFACE('',(#19525),#19521,.T.);
#19521=PLANE('',#19522);
#19522=AXIS2_PLACEMENT_3D('',#658,#19523,#19524);
#19523=DIRECTION('',(-0.9972738669358129,0.07378912065399942,0));
#19524=DIRECTION('',(-0.07378912065399944,-0.997273866935813,0));
#19525=FACE_BOUND('',#19526,.T.);
#19526=EDGE_LOOP('',(#19527,#19528,#19529));
#19527=ORIENTED_EDGE('',*,*,#19530,.T.);
#19528=ORIENTED_EDGE('',*,*,#19531,.T.);
#19529=ORIENTED_EDGE('',*,*,#19532,.T.);
#19530=EDGE_CURVE('',#659,#657,#19533,.F.);
#19531=EDGE_CURVE('',#657,#805,#19534,.T.);
#19532=EDGE_CURVE('',#805,#659,#19535,.T.);
#19533=LINE('',#658,#19536);
#19534=LINE('',#656,#19537);
#19535=LINE('',#804,#19538);
#19536=VECTOR('',#19539,1.0);
#19537=VECTOR('',#19540,1.0);
#19538=VECTOR('',#19541,1.0);
#19539=DIRECTION('',(-0.07378912065399944,-0.997273866935813,0));
#19540=DIRECTION('',(0,0,1));
#19541=DIRECTION('',(0.008100837500783841,0.10948434495793755,-0.9939555093870738));
#19542=FACE_SURFACE('',(#19547),#19543,.T.);
#19543=PLANE('',#19544);
#19544=AXIS2_PLACEMENT_3D('',#658,#19545,#19546);
#19545=DIRECTION('',(-0.9972738669358129,0.07378912065399942,0));
#19546=DIRECTION('',(-0.008100837500783841,-0.10948434495793755,0.9939555093870738));
#19547=FACE_BOUND('',#19548,.T.);
#19548=EDGE_LOOP('',(#19549,#19550,#19551));
#19549=ORIENTED_EDGE('',*,*,#19552,.T.);
#19550=ORIENTED_EDGE('',*,*,#19553,.T.);
#19551=ORIENTED_EDGE('',*,*,#19554,.T.);
#19552=EDGE_CURVE('',#659,#805,#19555,.F.);
#19553=EDGE_CURVE('',#805,#803,#19556,.T.);
#19554=EDGE_CURVE('',#803,#659,#19557,.T.);
#19555=LINE('',#658,#19558);
#19556=LINE('',#804,#19559);
#19557=LINE('',#802,#19560);
#19558=VECTOR('',#19561,1.0);
#19559=VECTOR('',#19562,1.0);
#19560=VECTOR('',#19563,1.0);
#19561=DIRECTION('',(-0.008100837500783841,-0.10948434495793755,0.9939555093870738));
#19562=DIRECTION('',(0.07378912065399944,0.997273866935813,0));
#19563=DIRECTION('',(0,0,-1));
#19564=FACE_SURFACE('',(#19569),#19565,.T.);
#19565=PLANE('',#19566);
#19566=AXIS2_PLACEMENT_3D('',#346,#19567,#19568);
#19567=DIRECTION('',(0,0,-1));
#19568=DIRECTION('',(-0.757270628209256,-0.6531012139412687,0));
#19569=FACE_BOUND('',#19570,.T.);
#19570=EDGE_LOOP('',(#19571,#19572,#19573));
#19571=ORIENTED_EDGE('',*,*,#19574,.T.);
#19572=ORIENTED_EDGE('',*,*,#19575,.T.);
#19573=ORIENTED_EDGE('',*,*,#19576,.T.);
#19574=EDGE_CURVE('',#347,#345,#19577,.F.);
#19575=EDGE_CURVE('',#345,#369,#19578,.T.);
#19576=EDGE_CURVE('',#369,#347,#19579,.T.);
#19577=LINE('',#346,#19580);
#19578=LINE('',#344,#19581);
#19579=LINE('',#368,#19582);
#19580=VECTOR('',#19583,1.0);
#19581=VECTOR('',#19584,1.0);
#19582=VECTOR('',#19585,1.0);
#19583=DIRECTION('',(-0.757270628209256,-0.6531012139412687,0));
#19584=DIRECTION('',(-0.962391853736881,0.2716650876739403,0));
#19585=DIRECTION('',(0.9822002745265768,0.18783668629934192,0));
#19586=FACE_SURFACE('',(#19591),#19587,.T.);
#19587=PLANE('',#19588);
#19588=AXIS2_PLACEMENT_3D('',#344,#19589,#19590);
#19589=DIRECTION('',(-0,0,-1));
#19590=DIRECTION('',(-0.7884510414818758,-0.6150975168102577,0));
#19591=FACE_BOUND('',#19592,.T.);
#19592=EDGE_LOOP('',(#19593,#19594,#19595));
#19593=ORIENTED_EDGE('',*,*,#19596,.T.);
#19594=ORIENTED_EDGE('',*,*,#19597,.T.);
#19595=ORIENTED_EDGE('',*,*,#19598,.T.);
#19596=EDGE_CURVE('',#345,#339,#19599,.F.);
#19597=EDGE_CURVE('',#339,#369,#19600,.T.);
#19598=EDGE_CURVE('',#369,#345,#19601,.T.);
#19599=LINE('',#344,#19602);
#19600=LINE('',#338,#19603);
#19601=LINE('',#368,#19604);
#19602=VECTOR('',#19605,1.0);
#19603=VECTOR('',#19606,1.0);
#19604=VECTOR('',#19607,1.0);
#19605=DIRECTION('',(-0.7884510414818758,-0.6150975168102577,0));
#19606=DIRECTION('',(-0.29580656459098487,0.9552478612092673,0));
#19607=DIRECTION('',(0.962391853736881,-0.2716650876739403,0));
#19608=FACE_SURFACE('',(#19613),#19609,.T.);
#19609=PLANE('',#19610);
#19610=AXIS2_PLACEMENT_3D('',#338,#19611,#19612);
#19611=DIRECTION('',(-0,0,-1));
#19612=DIRECTION('',(-0.8174187638440876,-0.5760438911364341,0));
#19613=FACE_BOUND('',#19614,.T.);
#19614=EDGE_LOOP('',(#19615,#19616,#19617));
#19615=ORIENTED_EDGE('',*,*,#19618,.T.);
#19616=ORIENTED_EDGE('',*,*,#19619,.T.);
#19617=ORIENTED_EDGE('',*,*,#19620,.T.);
#19618=EDGE_CURVE('',#339,#337,#19621,.F.);
#19619=EDGE_CURVE('',#337,#369,#19622,.T.);
#19620=EDGE_CURVE('',#369,#339,#19623,.T.);
#19621=LINE('',#338,#19624);
#19622=LINE('',#336,#19625);
#19623=LINE('',#368,#19626);
#19624=VECTOR('',#19627,1.0);
#19625=VECTOR('',#19628,1.0);
#19626=VECTOR('',#19629,1.0);
#19627=DIRECTION('',(-0.8174187638440876,-0.5760438911364341,0));
#19628=DIRECTION('',(0.335938323960012,0.941883985687695,0));
#19629=DIRECTION('',(0.29580656459098487,-0.9552478612092673,0));
#19630=FACE_SURFACE('',(#19635),#19631,.T.);
#19631=PLANE('',#19632);
#19632=AXIS2_PLACEMENT_3D('',#372,#19633,#19634);
#19633=DIRECTION('',(0,0,-1));
#19634=DIRECTION('',(0.8314754857395831,0.5555614426992971,0));
#19635=FACE_BOUND('',#19636,.T.);
#19636=EDGE_LOOP('',(#19637,#19638,#19639));
#19637=ORIENTED_EDGE('',*,*,#19640,.T.);
#19638=ORIENTED_EDGE('',*,*,#19641,.T.);
#19639=ORIENTED_EDGE('',*,*,#19642,.T.);
#19640=EDGE_CURVE('',#373,#369,#19643,.F.);
#19641=EDGE_CURVE('',#369,#337,#19644,.T.);
#19642=EDGE_CURVE('',#337,#373,#19645,.T.);
#19643=LINE('',#372,#19646);
#19644=LINE('',#368,#19647);
#19645=LINE('',#336,#19648);
#19646=VECTOR('',#19649,1.0);
#19647=VECTOR('',#19650,1.0);
#19648=VECTOR('',#19651,1.0);
#19649=DIRECTION('',(0.8314754857395831,0.5555614426992971,0));
#19650=DIRECTION('',(-0.335938323960012,-0.941883985687695,0));
#19651=DIRECTION('',(-0.9987522954439063,0.04993848561508685,0));
#19652=FACE_SURFACE('',(#19657),#19653,.T.);
#19653=PLANE('',#19654);
#19654=AXIS2_PLACEMENT_3D('',#656,#19655,#19656);
#19655=DIRECTION('',(-0.999700252334072,0.024482758896673344,0));
#19656=DIRECTION('',(-0.024482758896673344,-0.999700252334072,0));
#19657=FACE_BOUND('',#19658,.T.);
#19658=EDGE_LOOP('',(#19659,#19660,#19661));
#19659=ORIENTED_EDGE('',*,*,#19662,.T.);
#19660=ORIENTED_EDGE('',*,*,#19663,.T.);
#19661=ORIENTED_EDGE('',*,*,#19664,.T.);
#19662=EDGE_CURVE('',#657,#663,#19665,.F.);
#19663=EDGE_CURVE('',#663,#807,#19666,.T.);
#19664=EDGE_CURVE('',#807,#657,#19667,.T.);
#19665=LINE('',#656,#19668);
#19666=LINE('',#662,#19669);
#19667=LINE('',#806,#19670);
#19668=VECTOR('',#19671,1.0);
#19669=VECTOR('',#19672,1.0);
#19670=VECTOR('',#19673,1.0);
#19671=DIRECTION('',(-0.024482758896673344,-0.999700252334072,0));
#19672=DIRECTION('',(0,0,1));
#19673=DIRECTION('',(0.0002509938892223332,0.01024878999335205,-0.9999474482720279));
#19674=FACE_SURFACE('',(#19679),#19675,.T.);
#19675=PLANE('',#19676);
#19676=AXIS2_PLACEMENT_3D('',#656,#19677,#19678);
#19677=DIRECTION('',(-0.999700252334072,0.024482758896673344,0));
#19678=DIRECTION('',(-0.0002509938892223332,-0.01024878999335205,0.9999474482720279));
#19679=FACE_BOUND('',#19680,.T.);
#19680=EDGE_LOOP('',(#19681,#19682,#19683));
#19681=ORIENTED_EDGE('',*,*,#19684,.T.);
#19682=ORIENTED_EDGE('',*,*,#19685,.T.);
#19683=ORIENTED_EDGE('',*,*,#19686,.T.);
#19684=EDGE_CURVE('',#657,#807,#19687,.F.);
#19685=EDGE_CURVE('',#807,#805,#19688,.T.);
#19686=EDGE_CURVE('',#805,#657,#19689,.T.);
#19687=LINE('',#656,#19690);
#19688=LINE('',#806,#19691);
#19689=LINE('',#804,#19692);
#19690=VECTOR('',#19693,1.0);
#19691=VECTOR('',#19694,1.0);
#19692=VECTOR('',#19695,1.0);
#19693=DIRECTION('',(-0.0002509938892223332,-0.01024878999335205,0.9999474482720279));
#19694=DIRECTION('',(0.024482758896673344,0.999700252334072,0));
#19695=DIRECTION('',(0,0,-1));
#19696=FACE_SURFACE('',(#19701),#19697,.T.);
#19697=PLANE('',#19698);
#19698=AXIS2_PLACEMENT_3D('',#808,#19699,#19700);
#19699=DIRECTION('',(-0.9997022722473485,-0.02440014064485195,-0));
#19700=DIRECTION('',(0,0,-1));
#19701=FACE_BOUND('',#19702,.T.);
#19702=EDGE_LOOP('',(#19703,#19704,#19705));
#19703=ORIENTED_EDGE('',*,*,#19706,.T.);
#19704=ORIENTED_EDGE('',*,*,#19707,.T.);
#19705=ORIENTED_EDGE('',*,*,#19708,.T.);
#19706=EDGE_CURVE('',#809,#693,#19709,.F.);
#19707=EDGE_CURVE('',#693,#691,#19710,.T.);
#19708=EDGE_CURVE('',#691,#809,#19711,.T.);
#19709=LINE('',#808,#19712);
#19710=LINE('',#692,#19713);
#19711=LINE('',#690,#19714);
#19712=VECTOR('',#19715,1.0);
#19713=VECTOR('',#19716,1.0);
#19714=VECTOR('',#19717,1.0);
#19715=DIRECTION('',(0,0,-1));
#19716=DIRECTION('',(0.024400140644851947,-0.9997022722473484,0));
#19717=DIRECTION('',(-0.00025137520883951385,0.010299136022256258,0.9999469308956849));
#19718=FACE_SURFACE('',(#19723),#19719,.T.);
#19719=PLANE('',#19720);
#19720=AXIS2_PLACEMENT_3D('',#808,#19721,#19722);
#19721=DIRECTION('',(-0.9997022722473485,-0.02440014064485195,0));
#19722=DIRECTION('',(0.00025137520883951385,-0.010299136022256258,-0.9999469308956849));
#19723=FACE_BOUND('',#19724,.T.);
#19724=EDGE_LOOP('',(#19725,#19726,#19727));
#19725=ORIENTED_EDGE('',*,*,#19728,.T.);
#19726=ORIENTED_EDGE('',*,*,#19729,.T.);
#19727=ORIENTED_EDGE('',*,*,#19730,.T.);
#19728=EDGE_CURVE('',#809,#691,#19731,.F.);
#19729=EDGE_CURVE('',#691,#811,#19732,.T.);
#19730=EDGE_CURVE('',#811,#809,#19733,.T.);
#19731=LINE('',#808,#19734);
#19732=LINE('',#690,#19735);
#19733=LINE('',#810,#19736);
#19734=VECTOR('',#19737,1.0);
#19735=VECTOR('',#19738,1.0);
#19736=VECTOR('',#19739,1.0);
#19737=DIRECTION('',(0.00025137520883951385,-0.010299136022256258,-0.9999469308956849));
#19738=DIRECTION('',(0,0,1));
#19739=DIRECTION('',(-0.024400140644851947,0.9997022722473484,0));
#19740=FACE_SURFACE('',(#19745),#19741,.T.);
#19741=PLANE('',#19742);
#19742=AXIS2_PLACEMENT_3D('',#336,#19743,#19744);
#19743=DIRECTION('',(-0,0,-1));
#19744=DIRECTION('',(-0.8447767069803306,-0.5351189730737165,0));
#19745=FACE_BOUND('',#19746,.T.);
#19746=EDGE_LOOP('',(#19747,#19748,#19749));
#19747=ORIENTED_EDGE('',*,*,#19750,.T.);
#19748=ORIENTED_EDGE('',*,*,#19751,.T.);
#19749=ORIENTED_EDGE('',*,*,#19752,.T.);
#19750=EDGE_CURVE('',#337,#333,#19753,.F.);
#19751=EDGE_CURVE('',#333,#373,#19754,.T.);
#19752=EDGE_CURVE('',#373,#337,#19755,.T.);
#19753=LINE('',#336,#19756);
#19754=LINE('',#332,#19757);
#19755=LINE('',#372,#19758);
#19756=VECTOR('',#19759,1.0);
#19757=VECTOR('',#19760,1.0);
#19758=VECTOR('',#19761,1.0);
#19759=DIRECTION('',(-0.8447767069803306,-0.5351189730737165,0));
#19760=DIRECTION('',(-0.7692984988019937,0.6388895207631747,0));
#19761=DIRECTION('',(0.9987522954439063,-0.04993848561508685,0));
#19762=FACE_SURFACE('',(#19767),#19763,.T.);
#19763=PLANE('',#19764);
#19764=AXIS2_PLACEMENT_3D('',#332,#19765,#19766);
#19765=DIRECTION('',(-0,0,-1));
#19766=DIRECTION('',(-0.8702427480188978,-0.49262314147887637,0));
#19767=FACE_BOUND('',#19768,.T.);
#19768=EDGE_LOOP('',(#19769,#19770,#19771));
#19769=ORIENTED_EDGE('',*,*,#19772,.T.);
#19770=ORIENTED_EDGE('',*,*,#19773,.T.);
#19771=ORIENTED_EDGE('',*,*,#19774,.T.);
#19772=EDGE_CURVE('',#333,#327,#19775,.F.);
#19773=EDGE_CURVE('',#327,#373,#19776,.T.);
#19774=EDGE_CURVE('',#373,#333,#19777,.T.);
#19775=LINE('',#332,#19778);
#19776=LINE('',#326,#19779);
#19777=LINE('',#372,#19780);
#19778=VECTOR('',#19781,1.0);
#19779=VECTOR('',#19782,1.0);
#19780=VECTOR('',#19783,1.0);
#19781=DIRECTION('',(-0.8702427480188978,-0.49262314147887637,0));
#19782=DIRECTION('',(0.11698234748262357,0.9931339941707035,0));
#19783=DIRECTION('',(0.7692984988019937,-0.6388895207631747,0));
#19784=FACE_SURFACE('',(#19789),#19785,.T.);
#19785=PLANE('',#19786);
#19786=AXIS2_PLACEMENT_3D('',#328,#19787,#19788);
#19787=DIRECTION('',(0,0,-1));
#19788=DIRECTION('',(0.5493626556349002,0.8355840308393705,0));
#19789=FACE_BOUND('',#19790,.T.);
#19790=EDGE_LOOP('',(#19791,#19792,#19793));
#19791=ORIENTED_EDGE('',*,*,#19794,.T.);
#19792=ORIENTED_EDGE('',*,*,#19795,.T.);
#19793=ORIENTED_EDGE('',*,*,#19796,.T.);
#19794=EDGE_CURVE('',#329,#373,#19797,.F.);
#19795=EDGE_CURVE('',#373,#327,#19798,.T.);
#19796=EDGE_CURVE('',#327,#329,#19799,.T.);
#19797=LINE('',#328,#19800);
#19798=LINE('',#372,#19801);
#19799=LINE('',#326,#19802);
#19800=VECTOR('',#19803,1.0);
#19801=VECTOR('',#19804,1.0);
#19802=VECTOR('',#19805,1.0);
#19803=DIRECTION('',(0.5493626556349002,0.8355840308393705,0));
#19804=DIRECTION('',(-0.11698234748262357,-0.9931339941707035,0));
#19805=DIRECTION('',(-0.8930673183149528,-0.4499230655987073,0));
#19806=FACE_SURFACE('',(#19811),#19807,.T.);
#19807=PLANE('',#19808);
#19808=AXIS2_PLACEMENT_3D('',#690,#19809,#19810);
#19809=DIRECTION('',(-0.9972738669358129,-0.07378912065399942,0));
#19810=DIRECTION('',(0.07378912065399944,-0.997273866935813,0));
#19811=FACE_BOUND('',#19812,.T.);
#19812=EDGE_LOOP('',(#19813,#19814,#19815));
#19813=ORIENTED_EDGE('',*,*,#19816,.T.);
#19814=ORIENTED_EDGE('',*,*,#19817,.T.);
#19815=ORIENTED_EDGE('',*,*,#19818,.T.);
#19816=EDGE_CURVE('',#691,#687,#19819,.F.);
#19817=EDGE_CURVE('',#687,#817,#19820,.T.);
#19818=EDGE_CURVE('',#817,#691,#19821,.T.);
#19819=LINE('',#690,#19822);
#19820=LINE('',#686,#19823);
#19821=LINE('',#816,#19824);
#19822=VECTOR('',#19825,1.0);
#19823=VECTOR('',#19826,1.0);
#19824=VECTOR('',#19827,1.0);
#19825=DIRECTION('',(0.07378912065399944,-0.997273866935813,0));
#19826=DIRECTION('',(0,0,1));
#19827=DIRECTION('',(-0.008100837500783841,0.10948434495793755,-0.9939555093870738));
#19828=FACE_SURFACE('',(#19833),#19829,.T.);
#19829=PLANE('',#19830);
#19830=AXIS2_PLACEMENT_3D('',#690,#19831,#19832);
#19831=DIRECTION('',(-0.9972738669358129,-0.07378912065399942,0));
#19832=DIRECTION('',(0.008100837500783841,-0.10948434495793755,0.9939555093870738));
#19833=FACE_BOUND('',#19834,.T.);
#19834=EDGE_LOOP('',(#19835,#19836,#19837));
#19835=ORIENTED_EDGE('',*,*,#19838,.T.);
#19836=ORIENTED_EDGE('',*,*,#19839,.T.);
#19837=ORIENTED_EDGE('',*,*,#19840,.T.);
#19838=EDGE_CURVE('',#691,#817,#19841,.F.);
#19839=EDGE_CURVE('',#817,#811,#19842,.T.);
#19840=EDGE_CURVE('',#811,#691,#19843,.T.);
#19841=LINE('',#690,#19844);
#19842=LINE('',#816,#19845);
#19843=LINE('',#810,#19846);
#19844=VECTOR('',#19847,1.0);
#19845=VECTOR('',#19848,1.0);
#19846=VECTOR('',#19849,1.0);
#19847=DIRECTION('',(0.008100837500783841,-0.10948434495793755,0.9939555093870738));
#19848=DIRECTION('',(-0.07378912065399944,0.997273866935813,0));
#19849=DIRECTION('',(0,0,-1));
#19850=FACE_SURFACE('',(#19855),#19851,.T.);
#19851=PLANE('',#19852);
#19852=AXIS2_PLACEMENT_3D('',#392,#19853,#19854);
#19853=DIRECTION('',(0,0,-1));
#19854=DIRECTION('',(0.8968665277029989,0.4423012903959992,0));
#19855=FACE_BOUND('',#19856,.T.);
#19856=EDGE_LOOP('',(#19857,#19858,#19859));
#19857=ORIENTED_EDGE('',*,*,#19860,.T.);
#19858=ORIENTED_EDGE('',*,*,#19861,.T.);
#19859=ORIENTED_EDGE('',*,*,#19862,.T.);
#19860=EDGE_CURVE('',#393,#373,#19863,.F.);
#19861=EDGE_CURVE('',#373,#329,#19864,.T.);
#19862=EDGE_CURVE('',#329,#393,#19865,.T.);
#19863=LINE('',#392,#19866);
#19864=LINE('',#372,#19867);
#19865=LINE('',#328,#19868);
#19866=VECTOR('',#19869,1.0);
#19867=VECTOR('',#19870,1.0);
#19868=VECTOR('',#19871,1.0);
#19869=DIRECTION('',(0.8968665277029989,0.4423012903959992,0));
#19870=DIRECTION('',(-0.5493626556349002,-0.8355840308393705,0));
#19871=DIRECTION('',(-0.9463129680080427,0.323251862453736,0));
#19872=FACE_SURFACE('',(#19877),#19873,.T.);
#19873=PLANE('',#19874);
#19874=AXIS2_PLACEMENT_3D('',#686,#19875,#19876);
#19875=DIRECTION('',(-0.9924993761224158,-0.12224969691829791,0));
#19876=DIRECTION('',(0.1222496969182979,-0.9924993761224157,0));
#19877=FACE_BOUND('',#19878,.T.);
#19878=EDGE_LOOP('',(#19879,#19880,#19881));
#19879=ORIENTED_EDGE('',*,*,#19882,.T.);
#19880=ORIENTED_EDGE('',*,*,#19883,.T.);
#19881=ORIENTED_EDGE('',*,*,#19884,.T.);
#19882=EDGE_CURVE('',#687,#685,#19885,.F.);
#19883=EDGE_CURVE('',#685,#815,#19886,.T.);
#19884=EDGE_CURVE('',#815,#687,#19887,.T.);
#19885=LINE('',#686,#19888);
#19886=LINE('',#684,#19889);
#19887=LINE('',#814,#19890);
#19888=VECTOR('',#19891,1.0);
#19889=VECTOR('',#19892,1.0);
#19890=VECTOR('',#19893,1.0);
#19891=DIRECTION('',(0.1222496969182979,-0.9924993761224157,0));
#19892=DIRECTION('',(0,0,1));
#19893=DIRECTION('',(-0.013418266075252488,0.10893786278450344,-0.9939579931704752));
#19894=FACE_SURFACE('',(#19899),#19895,.T.);
#19895=PLANE('',#19896);
#19896=AXIS2_PLACEMENT_3D('',#686,#19897,#19898);
#19897=DIRECTION('',(-0.9924993761224158,-0.12224969691829791,0));
#19898=DIRECTION('',(0.013418266075252488,-0.10893786278450344,0.9939579931704752));
#19899=FACE_BOUND('',#19900,.T.);
#19900=EDGE_LOOP('',(#19901,#19902,#19903));
#19901=ORIENTED_EDGE('',*,*,#19904,.T.);
#19902=ORIENTED_EDGE('',*,*,#19905,.T.);
#19903=ORIENTED_EDGE('',*,*,#19906,.T.);
#19904=EDGE_CURVE('',#687,#815,#19907,.F.);
#19905=EDGE_CURVE('',#815,#817,#19908,.T.);
#19906=EDGE_CURVE('',#817,#687,#19909,.T.);
#19907=LINE('',#686,#19910);
#19908=LINE('',#814,#19911);
#19909=LINE('',#816,#19912);
#19910=VECTOR('',#19913,1.0);
#19911=VECTOR('',#19914,1.0);
#19912=VECTOR('',#19915,1.0);
#19913=DIRECTION('',(0.013418266075252488,-0.10893786278450344,0.9939579931704752));
#19914=DIRECTION('',(-0.1222496969182979,0.9924993761224157,0));
#19915=DIRECTION('',(0,0,-1));
#19916=FACE_SURFACE('',(#19921),#19917,.T.);
#19917=PLANE('',#19918);
#19918=AXIS2_PLACEMENT_3D('',#684,#19919,#19920);
#19919=DIRECTION('',(-0.9852440628910696,-0.17115529947360164,0));
#19920=DIRECTION('',(0.17115529947360164,-0.9852440628910695,0));
#19921=FACE_BOUND('',#19922,.T.);
#19922=EDGE_LOOP('',(#19923,#19924,#19925));
#19923=ORIENTED_EDGE('',*,*,#19926,.T.);
#19924=ORIENTED_EDGE('',*,*,#19927,.T.);
#19925=ORIENTED_EDGE('',*,*,#19928,.T.);
#19926=EDGE_CURVE('',#685,#681,#19929,.F.);
#19927=EDGE_CURVE('',#681,#819,#19930,.T.);
#19928=EDGE_CURVE('',#819,#685,#19931,.T.);
#19929=LINE('',#684,#19932);
#19930=LINE('',#680,#19933);
#19931=LINE('',#818,#19934);
#19932=VECTOR('',#19935,1.0);
#19933=VECTOR('',#19936,1.0);
#19934=VECTOR('',#19937,1.0);
#19935=DIRECTION('',(0.17115529947360164,-0.9852440628910695,0));
#19936=DIRECTION('',(0,0,1));
#19937=DIRECTION('',(-0.018786479106659447,0.10814311364818793,-0.9939578135782475));
#19938=FACE_SURFACE('',(#19943),#19939,.T.);
#19939=PLANE('',#19940);
#19940=AXIS2_PLACEMENT_3D('',#684,#19941,#19942);
#19941=DIRECTION('',(-0.9852440628910696,-0.17115529947360164,0));
#19942=DIRECTION('',(0.018786479106659447,-0.10814311364818793,0.9939578135782475));
#19943=FACE_BOUND('',#19944,.T.);
#19944=EDGE_LOOP('',(#19945,#19946,#19947));
#19945=ORIENTED_EDGE('',*,*,#19948,.T.);
#19946=ORIENTED_EDGE('',*,*,#19949,.T.);
#19947=ORIENTED_EDGE('',*,*,#19950,.T.);
#19948=EDGE_CURVE('',#685,#819,#19951,.F.);
#19949=EDGE_CURVE('',#819,#815,#19952,.T.);
#19950=EDGE_CURVE('',#815,#685,#19953,.T.);
#19951=LINE('',#684,#19954);
#19952=LINE('',#818,#19955);
#19953=LINE('',#814,#19956);
#19954=VECTOR('',#19957,1.0);
#19955=VECTOR('',#19958,1.0);
#19956=VECTOR('',#19959,1.0);
#19957=DIRECTION('',(0.018786479106659447,-0.10814311364818793,0.9939578135782475));
#19958=DIRECTION('',(-0.17115529947360164,0.9852440628910695,0));
#19959=DIRECTION('',(0,0,-1));
#19960=FACE_SURFACE('',(#19965),#19961,.T.);
#19961=PLANE('',#19962);
#19962=AXIS2_PLACEMENT_3D('',#680,#19963,#19964);
#19963=DIRECTION('',(-0.9756958632347167,-0.21912914563485353,0));
#19964=DIRECTION('',(0.21912914563485356,-0.9756958632347168,0));
#19965=FACE_BOUND('',#19966,.T.);
#19966=EDGE_LOOP('',(#19967,#19968,#19969));
#19967=ORIENTED_EDGE('',*,*,#19970,.T.);
#19968=ORIENTED_EDGE('',*,*,#19971,.T.);
#19969=ORIENTED_EDGE('',*,*,#19972,.T.);
#19970=EDGE_CURVE('',#681,#679,#19973,.F.);
#19971=EDGE_CURVE('',#679,#821,#19974,.T.);
#19972=EDGE_CURVE('',#821,#681,#19975,.T.);
#19973=LINE('',#680,#19976);
#19974=LINE('',#678,#19977);
#19975=LINE('',#820,#19978);
#19976=VECTOR('',#19979,1.0);
#19977=VECTOR('',#19980,1.0);
#19978=VECTOR('',#19981,1.0);
#19979=DIRECTION('',(0.21912914563485356,-0.9756958632347168,0));
#19980=DIRECTION('',(0,0,1));
#19981=DIRECTION('',(-0.024053068063687923,0.10709884775871006,-0.9939573867754493));
#19982=FACE_SURFACE('',(#19987),#19983,.T.);
#19983=PLANE('',#19984);
#19984=AXIS2_PLACEMENT_3D('',#680,#19985,#19986);
#19985=DIRECTION('',(-0.9756958632347167,-0.21912914563485353,0));
#19986=DIRECTION('',(0.024053068063687923,-0.10709884775871006,0.9939573867754493));
#19987=FACE_BOUND('',#19988,.T.);
#19988=EDGE_LOOP('',(#19989,#19990,#19991));
#19989=ORIENTED_EDGE('',*,*,#19992,.T.);
#19990=ORIENTED_EDGE('',*,*,#19993,.T.);
#19991=ORIENTED_EDGE('',*,*,#19994,.T.);
#19992=EDGE_CURVE('',#681,#821,#19995,.F.);
#19993=EDGE_CURVE('',#821,#819,#19996,.T.);
#19994=EDGE_CURVE('',#819,#681,#19997,.T.);
#19995=LINE('',#680,#19998);
#19996=LINE('',#820,#19999);
#19997=LINE('',#818,#20000);
#19998=VECTOR('',#20001,1.0);
#19999=VECTOR('',#20002,1.0);
#20000=VECTOR('',#20003,1.0);
#20001=DIRECTION('',(0.024053068063687923,-0.10709884775871006,0.9939573867754493));
#20002=DIRECTION('',(-0.21912914563485356,0.9756958632347168,0));
#20003=DIRECTION('',(0,0,-1));
#20004=FACE_SURFACE('',(#20009),#20005,.T.);
#20005=PLANE('',#20006);
#20006=AXIS2_PLACEMENT_3D('',#678,#20007,#20008);
#20007=DIRECTION('',(-0.9637956737530844,-0.2666418932854293,0));
#20008=DIRECTION('',(0.26664189328542925,-0.9637956737530843,0));
#20009=FACE_BOUND('',#20010,.T.);
#20010=EDGE_LOOP('',(#20011,#20012,#20013));
#20011=ORIENTED_EDGE('',*,*,#20014,.T.);
#20012=ORIENTED_EDGE('',*,*,#20015,.T.);
#20013=ORIENTED_EDGE('',*,*,#20016,.T.);
#20014=EDGE_CURVE('',#679,#673,#20017,.F.);
#20015=EDGE_CURVE('',#673,#823,#20018,.T.);
#20016=EDGE_CURVE('',#823,#679,#20019,.T.);
#20017=LINE('',#678,#20020);
#20018=LINE('',#672,#20021);
#20019=LINE('',#822,#20022);
#20020=VECTOR('',#20023,1.0);
#20021=VECTOR('',#20024,1.0);
#20022=VECTOR('',#20025,1.0);
#20023=DIRECTION('',(0.26664189328542925,-0.9637956737530843,0));
#20024=DIRECTION('',(0,0,1));
#20025=DIRECTION('',(-0.02927222266097919,0.10580648529819907,-0.9939557961244193));
#20026=FACE_SURFACE('',(#20031),#20027,.T.);
#20027=PLANE('',#20028);
#20028=AXIS2_PLACEMENT_3D('',#678,#20029,#20030);
#20029=DIRECTION('',(-0.9637956737530844,-0.2666418932854293,0));
#20030=DIRECTION('',(0.02927222266097919,-0.10580648529819907,0.9939557961244193));
#20031=FACE_BOUND('',#20032,.T.);
#20032=EDGE_LOOP('',(#20033,#20034,#20035));
#20033=ORIENTED_EDGE('',*,*,#20036,.T.);
#20034=ORIENTED_EDGE('',*,*,#20037,.T.);
#20035=ORIENTED_EDGE('',*,*,#20038,.T.);
#20036=EDGE_CURVE('',#679,#823,#20039,.F.);
#20037=EDGE_CURVE('',#823,#821,#20040,.T.);
#20038=EDGE_CURVE('',#821,#679,#20041,.T.);
#20039=LINE('',#678,#20042);
#20040=LINE('',#822,#20043);
#20041=LINE('',#820,#20044);
#20042=VECTOR('',#20045,1.0);
#20043=VECTOR('',#20046,1.0);
#20044=VECTOR('',#20047,1.0);
#20045=DIRECTION('',(0.02927222266097919,-0.10580648529819907,0.9939557961244193));
#20046=DIRECTION('',(-0.26664189328542925,0.9637956737530843,0));
#20047=DIRECTION('',(0,0,-1));
#20048=FACE_SURFACE('',(#20053),#20049,.T.);
#20049=PLANE('',#20050);
#20050=AXIS2_PLACEMENT_3D('',#392,#20051,#20052);
#20051=DIRECTION('',(0,0,-1));
#20052=DIRECTION('',(0.9463129680080427,-0.323251862453736,0));
#20053=FACE_BOUND('',#20054,.T.);
#20054=EDGE_LOOP('',(#20055,#20056,#20057));
#20055=ORIENTED_EDGE('',*,*,#20058,.T.);
#20056=ORIENTED_EDGE('',*,*,#20059,.T.);
#20057=ORIENTED_EDGE('',*,*,#20060,.T.);
#20058=EDGE_CURVE('',#393,#329,#20061,.F.);
#20059=EDGE_CURVE('',#329,#391,#20062,.T.);
#20060=EDGE_CURVE('',#391,#393,#20063,.T.);
#20061=LINE('',#392,#20064);
#20062=LINE('',#328,#20065);
#20063=LINE('',#390,#20066);
#20064=VECTOR('',#20067,1.0);
#20065=VECTOR('',#20068,1.0);
#20066=VECTOR('',#20069,1.0);
#20067=DIRECTION('',(0.9463129680080427,-0.323251862453736,0));
#20068=DIRECTION('',(-0.9142025254404036,-0.4052576248244913,0));
#20069=DIRECTION('',(-0.38283892664631963,0.9238151093396849,0));
#20070=FACE_SURFACE('',(#20075),#20071,.T.);
#20071=PLANE('',#20072);
#20072=AXIS2_PLACEMENT_3D('',#390,#20073,#20074);
#20073=DIRECTION('',(-0,0,-1));
#20074=DIRECTION('',(-0.9331461159030812,-0.3594973245727894,0));
#20075=FACE_BOUND('',#20076,.T.);
#20076=EDGE_LOOP('',(#20077,#20078,#20079));
#20077=ORIENTED_EDGE('',*,*,#20080,.T.);
#20078=ORIENTED_EDGE('',*,*,#20081,.T.);
#20079=ORIENTED_EDGE('',*,*,#20082,.T.);
#20080=EDGE_CURVE('',#391,#383,#20083,.F.);
#20081=EDGE_CURVE('',#383,#393,#20084,.T.);
#20082=EDGE_CURVE('',#393,#391,#20085,.T.);
#20083=LINE('',#390,#20086);
#20084=LINE('',#382,#20087);
#20085=LINE('',#392,#20088);
#20086=VECTOR('',#20089,1.0);
#20087=VECTOR('',#20090,1.0);
#20088=VECTOR('',#20091,1.0);
#20089=DIRECTION('',(-0.9331461159030812,-0.3594973245727894,0));
#20090=DIRECTION('',(0.44067340443201725,0.8976675056090065,0));
#20091=DIRECTION('',(0.38283892664631963,-0.9238151093396849,0));
#20092=FACE_SURFACE('',(#20097),#20093,.T.);
#20093=PLANE('',#20094);
#20094=AXIS2_PLACEMENT_3D('',#394,#20095,#20096);
#20095=DIRECTION('',(0,0,-1));
#20096=DIRECTION('',(0.9469266184331829,0.3214498083724691,0));
#20097=FACE_BOUND('',#20098,.T.);
#20098=EDGE_LOOP('',(#20099,#20100,#20101));
#20099=ORIENTED_EDGE('',*,*,#20102,.T.);
#20100=ORIENTED_EDGE('',*,*,#20103,.T.);
#20101=ORIENTED_EDGE('',*,*,#20104,.T.);
#20102=EDGE_CURVE('',#395,#393,#20105,.F.);
#20103=EDGE_CURVE('',#393,#383,#20106,.T.);
#20104=EDGE_CURVE('',#383,#395,#20107,.T.);
#20105=LINE('',#394,#20108);
#20106=LINE('',#392,#20109);
#20107=LINE('',#382,#20110);
#20108=VECTOR('',#20111,1.0);
#20109=VECTOR('',#20112,1.0);
#20110=VECTOR('',#20113,1.0);
#20111=DIRECTION('',(0.9469266184331829,0.3214498083724691,0));
#20112=DIRECTION('',(-0.44067340443201725,-0.8976675056090065,0));
#20113=DIRECTION('',(-0.9793467562027683,0.20218786094895888,0));
#20114=FACE_SURFACE('',(#20119),#20115,.T.);
#20115=PLANE('',#20116);
#20116=AXIS2_PLACEMENT_3D('',#382,#20117,#20118);
#20117=DIRECTION('',(-0,0,-1));
#20118=DIRECTION('',(-0.949496092136649,-0.31377885686775026,0));
#20119=FACE_BOUND('',#20120,.T.);
#20120=EDGE_LOOP('',(#20121,#20122,#20123));
#20121=ORIENTED_EDGE('',*,*,#20124,.T.);
#20122=ORIENTED_EDGE('',*,*,#20125,.T.);
#20123=ORIENTED_EDGE('',*,*,#20126,.T.);
#20124=EDGE_CURVE('',#383,#387,#20127,.F.);
#20125=EDGE_CURVE('',#387,#395,#20128,.T.);
#20126=EDGE_CURVE('',#395,#383,#20129,.T.);
#20127=LINE('',#382,#20130);
#20128=LINE('',#386,#20131);
#20129=LINE('',#394,#20132);
#20130=VECTOR('',#20133,1.0);
#20131=VECTOR('',#20134,1.0);
#20132=VECTOR('',#20135,1.0);
#20133=DIRECTION('',(-0.949496092136649,-0.31377885686775026,0));
#20134=DIRECTION('',(-0.785091942088626,0.6193792396161738,0));
#20135=DIRECTION('',(0.9793467562027683,-0.20218786094895888,0));
#20136=FACE_SURFACE('',(#20141),#20137,.T.);
#20137=PLANE('',#20138);
#20138=AXIS2_PLACEMENT_3D('',#402,#20139,#20140);
#20139=DIRECTION('',(0,0,-1));
#20140=DIRECTION('',(0.09231895695527614,0.9957294864503561,0));
#20141=FACE_BOUND('',#20142,.T.);
#20142=EDGE_LOOP('',(#20143,#20144,#20145));
#20143=ORIENTED_EDGE('',*,*,#20146,.T.);
#20144=ORIENTED_EDGE('',*,*,#20147,.T.);
#20145=ORIENTED_EDGE('',*,*,#20148,.T.);
#20146=EDGE_CURVE('',#403,#395,#20149,.F.);
#20147=EDGE_CURVE('',#395,#387,#20150,.T.);
#20148=EDGE_CURVE('',#387,#403,#20151,.T.);
#20149=LINE('',#402,#20152);
#20150=LINE('',#394,#20153);
#20151=LINE('',#386,#20154);
#20152=VECTOR('',#20155,1.0);
#20153=VECTOR('',#20156,1.0);
#20154=VECTOR('',#20157,1.0);
#20155=DIRECTION('',(0.09231895695527614,0.9957294864503561,0));
#20156=DIRECTION('',(0.785091942088626,-0.6193792396161738,0));
#20157=DIRECTION('',(-0.9637957351428631,-0.2666416713877036,0));
#20158=FACE_SURFACE('',(#20163),#20159,.T.);
#20159=PLANE('',#20160);
#20160=AXIS2_PLACEMENT_3D('',#676,#20161,#20162);
#20161=DIRECTION('',(-0.949496092136649,-0.3137788568677503,0));
#20162=DIRECTION('',(0,0,1));
#20163=FACE_BOUND('',#20164,.T.);
#20164=EDGE_LOOP('',(#20165,#20166,#20167));
#20165=ORIENTED_EDGE('',*,*,#20168,.T.);
#20166=ORIENTED_EDGE('',*,*,#20169,.T.);
#20167=ORIENTED_EDGE('',*,*,#20170,.T.);
#20168=EDGE_CURVE('',#677,#825,#20171,.F.);
#20169=EDGE_CURVE('',#825,#823,#20172,.T.);
#20170=EDGE_CURVE('',#823,#677,#20173,.T.);
#20171=LINE('',#676,#20174);
#20172=LINE('',#824,#20175);
#20173=LINE('',#822,#20176);
#20174=VECTOR('',#20177,1.0);
#20175=VECTOR('',#20178,1.0);
#20176=VECTOR('',#20179,1.0);
#20177=DIRECTION('',(0,0,1));
#20178=DIRECTION('',(-0.31377885686775026,0.949496092136649,0));
#20179=DIRECTION('',(0.0344403097944542,-0.1042165169707162,-0.9939581392854301));
#20180=FACE_SURFACE('',(#20185),#20181,.T.);
#20181=PLANE('',#20182);
#20182=AXIS2_PLACEMENT_3D('',#672,#20183,#20184);
#20183=DIRECTION('',(-0.949496092136649,-0.3137788568677503,0));
#20184=DIRECTION('',(0.31377885686775026,-0.949496092136649,0));
#20185=FACE_BOUND('',#20186,.T.);
#20186=EDGE_LOOP('',(#20187,#20188,#20189));
#20187=ORIENTED_EDGE('',*,*,#20190,.T.);
#20188=ORIENTED_EDGE('',*,*,#20191,.T.);
#20189=ORIENTED_EDGE('',*,*,#20192,.T.);
#20190=EDGE_CURVE('',#673,#677,#20193,.F.);
#20191=EDGE_CURVE('',#677,#823,#20194,.T.);
#20192=EDGE_CURVE('',#823,#673,#20195,.T.);
#20193=LINE('',#672,#20196);
#20194=LINE('',#676,#20197);
#20195=LINE('',#822,#20198);
#20196=VECTOR('',#20199,1.0);
#20197=VECTOR('',#20200,1.0);
#20198=VECTOR('',#20201,1.0);
#20199=DIRECTION('',(0.31377885686775026,-0.949496092136649,0));
#20200=DIRECTION('',(-0.0344403097944542,0.1042165169707162,0.9939581392854301));
#20201=DIRECTION('',(0,0,-1));
#20202=FACE_SURFACE('',(#20207),#20203,.T.);
#20203=PLANE('',#20204);
#20204=AXIS2_PLACEMENT_3D('',#824,#20205,#20206);
#20205=DIRECTION('',(-0.9331455020581517,-0.35949891792415717,-0));
#20206=DIRECTION('',(0,0,-1));
#20207=FACE_BOUND('',#20208,.T.);
#20208=EDGE_LOOP('',(#20209,#20210,#20211));
#20209=ORIENTED_EDGE('',*,*,#20212,.T.);
#20210=ORIENTED_EDGE('',*,*,#20213,.T.);
#20211=ORIENTED_EDGE('',*,*,#20214,.T.);
#20212=EDGE_CURVE('',#825,#677,#20215,.F.);
#20213=EDGE_CURVE('',#677,#697,#20216,.T.);
#20214=EDGE_CURVE('',#697,#825,#20217,.T.);
#20215=LINE('',#824,#20218);
#20216=LINE('',#676,#20219);
#20217=LINE('',#696,#20220);
#20218=VECTOR('',#20221,1.0);
#20219=VECTOR('',#20222,1.0);
#20220=VECTOR('',#20223,1.0);
#20221=DIRECTION('',(0,0,-1));
#20222=DIRECTION('',(0.35949891792415717,-0.9331455020581517,0));
#20223=DIRECTION('',(-0.039460430483233555,0.10242679846529082,0.9939575571332151));
#20224=FACE_SURFACE('',(#20229),#20225,.T.);
#20225=PLANE('',#20226);
#20226=AXIS2_PLACEMENT_3D('',#430,#20227,#20228);
#20227=DIRECTION('',(0,0,1));
#20228=DIRECTION('',(-0.9726580900638715,-0.23224177021651735,0));
#20229=FACE_BOUND('',#20230,.T.);
#20230=EDGE_LOOP('',(#20231,#20232,#20233));
#20231=ORIENTED_EDGE('',*,*,#20234,.T.);
#20232=ORIENTED_EDGE('',*,*,#20235,.T.);
#20233=ORIENTED_EDGE('',*,*,#20236,.T.);
#20234=EDGE_CURVE('',#431,#257,#20237,.F.);
#20235=EDGE_CURVE('',#257,#415,#20238,.T.);
#20236=EDGE_CURVE('',#415,#431,#20239,.T.);
#20237=LINE('',#430,#20240);
#20238=LINE('',#256,#20241);
#20239=LINE('',#414,#20242);
#20240=VECTOR('',#20243,1.0);
#20241=VECTOR('',#20244,1.0);
#20242=VECTOR('',#20245,1.0);
#20243=DIRECTION('',(-0.9726580900638715,-0.23224177021651735,0));
#20244=DIRECTION('',(0.9863006459558433,0.16495767877575807,0));
#20245=DIRECTION('',(-0.4052588600359615,0.9142019778814487,0));
#20246=FACE_SURFACE('',(#20251),#20247,.T.);
#20247=PLANE('',#20248);
#20248=AXIS2_PLACEMENT_3D('',#436,#20249,#20250);
#20249=DIRECTION('',(0,0,1));
#20250=DIRECTION('',(-0.9540342645959484,-0.29969755083561783,0));
#20251=FACE_BOUND('',#20252,.T.);
#20252=EDGE_LOOP('',(#20253,#20254,#20255));
#20253=ORIENTED_EDGE('',*,*,#20256,.T.);
#20254=ORIENTED_EDGE('',*,*,#20257,.T.);
#20255=ORIENTED_EDGE('',*,*,#20258,.T.);
#20256=EDGE_CURVE('',#437,#257,#20259,.F.);
#20257=EDGE_CURVE('',#257,#431,#20260,.T.);
#20258=EDGE_CURVE('',#431,#437,#20261,.T.);
#20259=LINE('',#436,#20262);
#20260=LINE('',#256,#20263);
#20261=LINE('',#430,#20264);
#20262=VECTOR('',#20265,1.0);
#20263=VECTOR('',#20266,1.0);
#20264=VECTOR('',#20267,1.0);
#20265=DIRECTION('',(-0.9540342645959484,-0.29969755083561783,0));
#20266=DIRECTION('',(0.9726580900638715,0.23224177021651735,0));
#20267=DIRECTION('',(-0.44992346525101157,0.8930671169719115,0));
#20268=FACE_SURFACE('',(#20273),#20269,.T.);
#20269=PLANE('',#20270);
#20270=AXIS2_PLACEMENT_3D('',#440,#20271,#20272);
#20271=DIRECTION('',(0,0,1));
#20272=DIRECTION('',(-0.9302941954161235,-0.3668142717712433,0));
#20273=FACE_BOUND('',#20274,.T.);
#20274=EDGE_LOOP('',(#20275,#20276,#20277));
#20275=ORIENTED_EDGE('',*,*,#20278,.T.);
#20276=ORIENTED_EDGE('',*,*,#20279,.T.);
#20277=ORIENTED_EDGE('',*,*,#20280,.T.);
#20278=EDGE_CURVE('',#441,#257,#20281,.F.);
#20279=EDGE_CURVE('',#257,#437,#20282,.T.);
#20280=EDGE_CURVE('',#437,#441,#20283,.T.);
#20281=LINE('',#440,#20284);
#20282=LINE('',#256,#20285);
#20283=LINE('',#436,#20286);
#20284=VECTOR('',#20287,1.0);
#20285=VECTOR('',#20288,1.0);
#20286=VECTOR('',#20289,1.0);
#20287=DIRECTION('',(-0.9302941954161235,-0.3668142717712433,0));
#20288=DIRECTION('',(0.9540342645959484,0.29969755083561783,0));
#20289=DIRECTION('',(-0.49262477042796066,0.8702418259086373,0));
#20290=FACE_SURFACE('',(#20295),#20291,.T.);
#20291=PLANE('',#20292);
#20292=AXIS2_PLACEMENT_3D('',#442,#20293,#20294);
#20293=DIRECTION('',(0,0,1));
#20294=DIRECTION('',(-0.9013518774904928,-0.4330875118776385,0));
#20295=FACE_BOUND('',#20296,.T.);
#20296=EDGE_LOOP('',(#20297,#20298,#20299));
#20297=ORIENTED_EDGE('',*,*,#20300,.T.);
#20298=ORIENTED_EDGE('',*,*,#20301,.T.);
#20299=ORIENTED_EDGE('',*,*,#20302,.T.);
#20300=EDGE_CURVE('',#443,#257,#20303,.F.);
#20301=EDGE_CURVE('',#257,#441,#20304,.T.);
#20302=EDGE_CURVE('',#441,#443,#20305,.T.);
#20303=LINE('',#442,#20306);
#20304=LINE('',#256,#20307);
#20305=LINE('',#440,#20308);
#20306=VECTOR('',#20309,1.0);
#20307=VECTOR('',#20310,1.0);
#20308=VECTOR('',#20311,1.0);
#20309=DIRECTION('',(-0.9013518774904928,-0.4330875118776385,0));
#20310=DIRECTION('',(0.9302941954161235,0.3668142717712433,0));
#20311=DIRECTION('',(-0.535116996074325,0.8447779592960453,0));
#20312=FACE_SURFACE('',(#20317),#20313,.T.);
#20313=PLANE('',#20314);
#20314=AXIS2_PLACEMENT_3D('',#446,#20315,#20316);
#20315=DIRECTION('',(0,0,1));
#20316=DIRECTION('',(-0.8672106115865282,-0.4979415178027632,0));
#20317=FACE_BOUND('',#20318,.T.);
#20318=EDGE_LOOP('',(#20319,#20320,#20321));
#20319=ORIENTED_EDGE('',*,*,#20322,.T.);
#20320=ORIENTED_EDGE('',*,*,#20323,.T.);
#20321=ORIENTED_EDGE('',*,*,#20324,.T.);
#20322=EDGE_CURVE('',#447,#257,#20325,.F.);
#20323=EDGE_CURVE('',#257,#443,#20326,.T.);
#20324=EDGE_CURVE('',#443,#447,#20327,.T.);
#20325=LINE('',#446,#20328);
#20326=LINE('',#256,#20329);
#20327=LINE('',#442,#20330);
#20328=VECTOR('',#20331,1.0);
#20329=VECTOR('',#20332,1.0);
#20330=VECTOR('',#20333,1.0);
#20331=DIRECTION('',(-0.8672106115865282,-0.4979415178027632,0));
#20332=DIRECTION('',(0.9013518774904928,0.4330875118776385,0));
#20333=DIRECTION('',(-0.5760446014654047,0.8174182632670763,0));
#20334=FACE_SURFACE('',(#20339),#20335,.T.);
#20335=PLANE('',#20336);
#20336=AXIS2_PLACEMENT_3D('',#414,#20337,#20338);
#20337=DIRECTION('',(0,0,1));
#20338=DIRECTION('',(-0.9590360405422664,-0.28328408522367093,0));
#20339=FACE_BOUND('',#20340,.T.);
#20340=EDGE_LOOP('',(#20341,#20342,#20343));
#20341=ORIENTED_EDGE('',*,*,#20344,.T.);
#20342=ORIENTED_EDGE('',*,*,#20345,.T.);
#20343=ORIENTED_EDGE('',*,*,#20346,.T.);
#20344=EDGE_CURVE('',#415,#255,#20347,.F.);
#20345=EDGE_CURVE('',#255,#425,#20348,.T.);
#20346=EDGE_CURVE('',#425,#415,#20349,.T.);
#20347=LINE('',#414,#20350);
#20348=LINE('',#254,#20351);
#20349=LINE('',#424,#20352);
#20350=VECTOR('',#20353,1.0);
#20351=VECTOR('',#20354,1.0);
#20352=VECTOR('',#20355,1.0);
#20353=DIRECTION('',(-0.9590360405422664,-0.28328408522367093,0));
#20354=DIRECTION('',(0.9758862663959808,0.21827962584655689,0));
#20355=DIRECTION('',(-0.35949434441361816,0.933147264012826,0));
#20356=FACE_SURFACE('',(#20361),#20357,.T.);
#20357=PLANE('',#20358);
#20358=AXIS2_PLACEMENT_3D('',#824,#20359,#20360);
#20359=DIRECTION('',(-0.9331455020581517,-0.35949891792415717,0));
#20360=DIRECTION('',(0.039460430483233555,-0.10242679846529082,-0.9939575571332151));
#20361=FACE_BOUND('',#20362,.T.);
#20362=EDGE_LOOP('',(#20363,#20364,#20365));
#20363=ORIENTED_EDGE('',*,*,#20366,.T.);
#20364=ORIENTED_EDGE('',*,*,#20367,.T.);
#20365=ORIENTED_EDGE('',*,*,#20368,.T.);
#20366=EDGE_CURVE('',#825,#697,#20369,.F.);
#20367=EDGE_CURVE('',#697,#829,#20370,.T.);
#20368=EDGE_CURVE('',#829,#825,#20371,.T.);
#20369=LINE('',#824,#20372);
#20370=LINE('',#696,#20373);
#20371=LINE('',#828,#20374);
#20372=VECTOR('',#20375,1.0);
#20373=VECTOR('',#20376,1.0);
#20374=VECTOR('',#20377,1.0);
#20375=DIRECTION('',(0.039460430483233555,-0.10242679846529082,-0.9939575571332151));
#20376=DIRECTION('',(0,0,1));
#20377=DIRECTION('',(-0.35949891792415717,0.9331455020581517,0));
#20378=FACE_SURFACE('',(#20383),#20379,.T.);
#20379=PLANE('',#20380);
#20380=AXIS2_PLACEMENT_3D('',#500,#20381,#20382);
#20381=DIRECTION('',(0,0,1));
#20382=DIRECTION('',(-0.024482758896673344,0.999700252334072,0));
#20383=FACE_BOUND('',#20384,.T.);
#20384=EDGE_LOOP('',(#20385,#20386,#20387));
#20385=ORIENTED_EDGE('',*,*,#20388,.T.);
#20386=ORIENTED_EDGE('',*,*,#20389,.T.);
#20387=ORIENTED_EDGE('',*,*,#20390,.T.);
#20388=EDGE_CURVE('',#501,#499,#20391,.F.);
#20389=EDGE_CURVE('',#499,#417,#20392,.T.);
#20390=EDGE_CURVE('',#417,#501,#20393,.T.);
#20391=LINE('',#500,#20394);
#20392=LINE('',#498,#20395);
#20393=LINE('',#416,#20396);
#20394=VECTOR('',#20397,1.0);
#20395=VECTOR('',#20398,1.0);
#20396=VECTOR('',#20399,1.0);
#20397=DIRECTION('',(-0.024482758896673344,0.999700252334072,0));
#20398=DIRECTION('',(-0.9975928626868976,-0.0693432067052036,0));
#20399=DIRECTION('',(1,0,0));
#20400=FACE_SURFACE('',(#20405),#20401,.T.);
#20401=PLANE('',#20402);
#20402=AXIS2_PLACEMENT_3D('',#498,#20403,#20404);
#20403=DIRECTION('',(0,0,1));
#20404=DIRECTION('',(-0.07378826192057876,0.9972739304738394,0));
#20405=FACE_BOUND('',#20406,.T.);
#20406=EDGE_LOOP('',(#20407,#20408,#20409));
#20407=ORIENTED_EDGE('',*,*,#20410,.T.);
#20408=ORIENTED_EDGE('',*,*,#20411,.T.);
#20409=ORIENTED_EDGE('',*,*,#20412,.T.);
#20410=EDGE_CURVE('',#499,#507,#20413,.F.);
#20411=EDGE_CURVE('',#507,#417,#20414,.T.);
#20412=EDGE_CURVE('',#417,#499,#20415,.T.);
#20413=LINE('',#498,#20416);
#20414=LINE('',#506,#20417);
#20415=LINE('',#416,#20418);
#20416=VECTOR('',#20419,1.0);
#20417=VECTOR('',#20420,1.0);
#20418=VECTOR('',#20421,1.0);
#20419=DIRECTION('',(-0.07378826192057876,0.9972739304738394,0));
#20420=DIRECTION('',(-0.7565679335633576,-0.6539151029787208,0));
#20421=DIRECTION('',(0.9975928626868976,0.0693432067052036,0));
#20422=FACE_SURFACE('',(#20427),#20423,.T.);
#20423=PLANE('',#20424);
#20424=AXIS2_PLACEMENT_3D('',#506,#20425,#20426);
#20425=DIRECTION('',(0,0,1));
#20426=DIRECTION('',(-0.1222513983317099,0.9924991665517617,0));
#20427=FACE_BOUND('',#20428,.T.);
#20428=EDGE_LOOP('',(#20429,#20430,#20431));
#20429=ORIENTED_EDGE('',*,*,#20432,.T.);
#20430=ORIENTED_EDGE('',*,*,#20433,.T.);
#20431=ORIENTED_EDGE('',*,*,#20434,.T.);
#20432=EDGE_CURVE('',#507,#511,#20435,.F.);
#20433=EDGE_CURVE('',#511,#417,#20436,.T.);
#20434=EDGE_CURVE('',#417,#507,#20437,.T.);
#20435=LINE('',#506,#20438);
#20436=LINE('',#510,#20439);
#20437=LINE('',#416,#20440);
#20438=VECTOR('',#20441,1.0);
#20439=VECTOR('',#20442,1.0);
#20440=VECTOR('',#20443,1.0);
#20441=DIRECTION('',(-0.1222513983317099,0.9924991665517617,0));
#20442=DIRECTION('',(-0.47986810239583194,-0.8773406432526785,0));
#20443=DIRECTION('',(0.7565679335633576,0.6539151029787208,0));
#20444=FACE_SURFACE('',(#20449),#20445,.T.);
#20445=PLANE('',#20446);
#20446=AXIS2_PLACEMENT_3D('',#514,#20447,#20448);
#20447=DIRECTION('',(0,0,1));
#20448=DIRECTION('',(-0.9997341496072382,-0.023057105392752575,0));
#20449=FACE_BOUND('',#20450,.T.);
#20450=EDGE_LOOP('',(#20451,#20452,#20453));
#20451=ORIENTED_EDGE('',*,*,#20454,.T.);
#20452=ORIENTED_EDGE('',*,*,#20455,.T.);
#20453=ORIENTED_EDGE('',*,*,#20456,.T.);
#20454=EDGE_CURVE('',#515,#255,#20457,.F.);
#20455=EDGE_CURVE('',#255,#511,#20458,.T.);
#20456=EDGE_CURVE('',#511,#515,#20459,.T.);
#20457=LINE('',#514,#20460);
#20458=LINE('',#254,#20461);
#20459=LINE('',#510,#20462);
#20460=VECTOR('',#20463,1.0);
#20461=VECTOR('',#20464,1.0);
#20462=VECTOR('',#20465,1.0);
#20463=DIRECTION('',(-0.9997341496072382,-0.023057105392752575,0));
#20464=DIRECTION('',(0.9991645668271927,-0.040867693806091156,0));
#20465=DIRECTION('',(-0.17114901219602827,0.985245155087973,0));
#20466=FACE_SURFACE('',(#20471),#20467,.T.);
#20467=PLANE('',#20468);
#20468=AXIS2_PLACEMENT_3D('',#518,#20469,#20470);
#20469=DIRECTION('',(0,0,1));
#20470=DIRECTION('',(-0.9961393062028668,-0.08778657435890212,0));
#20471=FACE_BOUND('',#20472,.T.);
#20472=EDGE_LOOP('',(#20473,#20474,#20475));
#20473=ORIENTED_EDGE('',*,*,#20476,.T.);
#20474=ORIENTED_EDGE('',*,*,#20477,.T.);
#20475=ORIENTED_EDGE('',*,*,#20478,.T.);
#20476=EDGE_CURVE('',#519,#255,#20479,.F.);
#20477=EDGE_CURVE('',#255,#515,#20480,.T.);
#20478=EDGE_CURVE('',#515,#519,#20481,.T.);
#20479=LINE('',#518,#20482);
#20480=LINE('',#254,#20483);
#20481=LINE('',#514,#20484);
#20482=VECTOR('',#20485,1.0);
#20483=VECTOR('',#20486,1.0);
#20484=VECTOR('',#20487,1.0);
#20485=DIRECTION('',(-0.9961393062028668,-0.08778657435890212,0));
#20486=DIRECTION('',(0.9997341496072382,0.023057105392752575,0));
#20487=DIRECTION('',(-0.21913531139723524,0.9756944784607714,0));
#20488=FACE_SURFACE('',(#20493),#20489,.T.);
#20489=PLANE('',#20490);
#20490=AXIS2_PLACEMENT_3D('',#420,#20491,#20492);
#20491=DIRECTION('',(0,0,1));
#20492=DIRECTION('',(-0.9882277349252928,-0.15299001249893826,0));
#20493=FACE_BOUND('',#20494,.T.);
#20494=EDGE_LOOP('',(#20495,#20496,#20497));
#20495=ORIENTED_EDGE('',*,*,#20498,.T.);
#20496=ORIENTED_EDGE('',*,*,#20499,.T.);
#20497=ORIENTED_EDGE('',*,*,#20500,.T.);
#20498=EDGE_CURVE('',#421,#255,#20501,.F.);
#20499=EDGE_CURVE('',#255,#519,#20502,.T.);
#20500=EDGE_CURVE('',#519,#421,#20503,.T.);
#20501=LINE('',#420,#20504);
#20502=LINE('',#254,#20505);
#20503=LINE('',#518,#20506);
#20504=VECTOR('',#20507,1.0);
#20505=VECTOR('',#20508,1.0);
#20506=VECTOR('',#20509,1.0);
#20507=DIRECTION('',(-0.9882277349252928,-0.15299001249893826,0));
#20508=DIRECTION('',(0.9961393062028668,0.08778657435890212,0));
#20509=DIRECTION('',(-0.26664166330346195,0.9637957373794321,0));
#20510=FACE_SURFACE('',(#20515),#20511,.T.);
#20511=PLANE('',#20512);
#20512=AXIS2_PLACEMENT_3D('',#424,#20513,#20514);
#20513=DIRECTION('',(0,0,1));
#20514=DIRECTION('',(-0.9758862663959808,-0.21827962584655689,0));
#20515=FACE_BOUND('',#20516,.T.);
#20516=EDGE_LOOP('',(#20517,#20518,#20519));
#20517=ORIENTED_EDGE('',*,*,#20520,.T.);
#20518=ORIENTED_EDGE('',*,*,#20521,.T.);
#20519=ORIENTED_EDGE('',*,*,#20522,.T.);
#20520=EDGE_CURVE('',#425,#255,#20523,.F.);
#20521=EDGE_CURVE('',#255,#421,#20524,.T.);
#20522=EDGE_CURVE('',#421,#425,#20525,.T.);
#20523=LINE('',#424,#20526);
#20524=LINE('',#254,#20527);
#20525=LINE('',#420,#20528);
#20526=VECTOR('',#20529,1.0);
#20527=VECTOR('',#20530,1.0);
#20528=VECTOR('',#20531,1.0);
#20529=DIRECTION('',(-0.9758862663959808,-0.21827962584655689,0));
#20530=DIRECTION('',(0.9882277349252928,0.15299001249893826,0));
#20531=DIRECTION('',(-0.313779523533502,0.9494958718241426,0));
#20532=FACE_SURFACE('',(#20537),#20533,.T.);
#20533=PLANE('',#20534);
#20534=AXIS2_PLACEMENT_3D('',#696,#20535,#20536);
#20535=DIRECTION('',(-0.9142034473929572,-0.4052555450266321,0));
#20536=DIRECTION('',(0.4052555450266321,-0.9142034473929572,0));
#20537=FACE_BOUND('',#20538,.T.);
#20538=EDGE_LOOP('',(#20539,#20540,#20541));
#20539=ORIENTED_EDGE('',*,*,#20542,.T.);
#20540=ORIENTED_EDGE('',*,*,#20543,.T.);
#20541=ORIENTED_EDGE('',*,*,#20544,.T.);
#20542=EDGE_CURVE('',#697,#695,#20545,.F.);
#20543=EDGE_CURVE('',#695,#827,#20546,.T.);
#20544=EDGE_CURVE('',#827,#697,#20547,.T.);
#20545=LINE('',#696,#20548);
#20546=LINE('',#694,#20549);
#20547=LINE('',#826,#20550);
#20548=VECTOR('',#20551,1.0);
#20549=VECTOR('',#20552,1.0);
#20550=VECTOR('',#20553,1.0);
#20551=DIRECTION('',(0.4052555450266321,-0.9142034473929572,0));
#20552=DIRECTION('',(0,0,1));
#20553=DIRECTION('',(-0.044479850332173575,0.10034071837443598,-0.9939583910559483));
#20554=FACE_SURFACE('',(#20559),#20555,.T.);
#20555=PLANE('',#20556);
#20556=AXIS2_PLACEMENT_3D('',#696,#20557,#20558);
#20557=DIRECTION('',(-0.9142034473929572,-0.4052555450266321,0));
#20558=DIRECTION('',(0.044479850332173575,-0.10034071837443598,0.9939583910559483));
#20559=FACE_BOUND('',#20560,.T.);
#20560=EDGE_LOOP('',(#20561,#20562,#20563));
#20561=ORIENTED_EDGE('',*,*,#20564,.T.);
#20562=ORIENTED_EDGE('',*,*,#20565,.T.);
#20563=ORIENTED_EDGE('',*,*,#20566,.T.);
#20564=EDGE_CURVE('',#697,#827,#20567,.F.);
#20565=EDGE_CURVE('',#827,#829,#20568,.T.);
#20566=EDGE_CURVE('',#829,#697,#20569,.T.);
#20567=LINE('',#696,#20570);
#20568=LINE('',#826,#20571);
#20569=LINE('',#828,#20572);
#20570=VECTOR('',#20573,1.0);
#20571=VECTOR('',#20574,1.0);
#20572=VECTOR('',#20575,1.0);
#20573=DIRECTION('',(0.044479850332173575,-0.10034071837443598,0.9939583910559483));
#20574=DIRECTION('',(-0.4052555450266321,0.9142034473929572,0));
#20575=DIRECTION('',(0,0,-1));
#20576=FACE_SURFACE('',(#20581),#20577,.T.);
#20577=PLANE('',#20578);
#20578=AXIS2_PLACEMENT_3D('',#470,#20579,#20580);
#20579=DIRECTION('',(0,-0,1));
#20580=DIRECTION('',(0.26663988812017564,0.9637962284960759,0));
#20581=FACE_BOUND('',#20582,.T.);
#20582=EDGE_LOOP('',(#20583,#20584,#20585));
#20583=ORIENTED_EDGE('',*,*,#20586,.T.);
#20584=ORIENTED_EDGE('',*,*,#20587,.T.);
#20585=ORIENTED_EDGE('',*,*,#20588,.T.);
#20586=EDGE_CURVE('',#471,#475,#20589,.F.);
#20587=EDGE_CURVE('',#475,#235,#20590,.T.);
#20588=EDGE_CURVE('',#235,#471,#20591,.T.);
#20589=LINE('',#470,#20592);
#20590=LINE('',#474,#20593);
#20591=LINE('',#234,#20594);
#20592=VECTOR('',#20595,1.0);
#20593=VECTOR('',#20596,1.0);
#20594=VECTOR('',#20597,1.0);
#20595=DIRECTION('',(0.26663988812017564,0.9637962284960759,0));
#20596=DIRECTION('',(-0.9959812876517322,0.08956156903269101,0));
#20597=DIRECTION('',(0.9877429426059406,-0.15608933125667995,0));
#20598=FACE_SURFACE('',(#20603),#20599,.T.);
#20599=PLANE('',#20600);
#20600=AXIS2_PLACEMENT_3D('',#474,#20601,#20602);
#20601=DIRECTION('',(0,-0,1));
#20602=DIRECTION('',(0.21913531139723524,0.9756944784607714,0));
#20603=FACE_BOUND('',#20604,.T.);
#20604=EDGE_LOOP('',(#20605,#20606,#20607));
#20605=ORIENTED_EDGE('',*,*,#20608,.T.);
#20606=ORIENTED_EDGE('',*,*,#20609,.T.);
#20607=ORIENTED_EDGE('',*,*,#20610,.T.);
#20608=EDGE_CURVE('',#475,#479,#20611,.F.);
#20609=EDGE_CURVE('',#479,#235,#20612,.T.);
#20610=EDGE_CURVE('',#235,#475,#20613,.T.);
#20611=LINE('',#474,#20614);
#20612=LINE('',#478,#20615);
#20613=LINE('',#234,#20616);
#20614=VECTOR('',#20617,1.0);
#20615=VECTOR('',#20618,1.0);
#20616=VECTOR('',#20619,1.0);
#20617=DIRECTION('',(0.21913531139723524,0.9756944784607714,0));
#20618=DIRECTION('',(-0.9997233685039217,0.02351991639381184,0));
#20619=DIRECTION('',(0.9959812876517322,-0.08956156903269101,0));
#20620=FACE_SURFACE('',(#20625),#20621,.T.);
#20621=PLANE('',#20622);
#20622=AXIS2_PLACEMENT_3D('',#848,#20623,#20624);
#20623=DIRECTION('',(-0.8930651879171663,-0.44992729427150396,-0));
#20624=DIRECTION('',(-0.44992729427150396,0.8930651879171663,0));
#20625=FACE_BOUND('',#20626,.T.);
#20626=EDGE_LOOP('',(#20627,#20628,#20629));
#20627=ORIENTED_EDGE('',*,*,#20630,.T.);
#20628=ORIENTED_EDGE('',*,*,#20631,.T.);
#20629=ORIENTED_EDGE('',*,*,#20632,.T.);
#20630=EDGE_CURVE('',#849,#827,#20633,.F.);
#20631=EDGE_CURVE('',#827,#749,#20634,.T.);
#20632=EDGE_CURVE('',#749,#849,#20635,.T.);
#20633=LINE('',#848,#20636);
#20634=LINE('',#826,#20637);
#20635=LINE('',#748,#20638);
#20636=VECTOR('',#20639,1.0);
#20637=VECTOR('',#20640,1.0);
#20638=VECTOR('',#20641,1.0);
#20639=DIRECTION('',(-0.44992729427150396,0.8930651879171663,0));
#20640=DIRECTION('',(0.049399316532112054,-0.09805319762421082,-0.9939543641243432));
#20641=DIRECTION('',(0,0,1));
#20642=FACE_SURFACE('',(#20647),#20643,.T.);
#20643=PLANE('',#20644);
#20644=AXIS2_PLACEMENT_3D('',#694,#20645,#20646);
#20645=DIRECTION('',(-0.8930651879171663,-0.44992729427150396,0));
#20646=DIRECTION('',(0.44992729427150396,-0.8930651879171663,0));
#20647=FACE_BOUND('',#20648,.T.);
#20648=EDGE_LOOP('',(#20649,#20650,#20651));
#20649=ORIENTED_EDGE('',*,*,#20652,.T.);
#20650=ORIENTED_EDGE('',*,*,#20653,.T.);
#20651=ORIENTED_EDGE('',*,*,#20654,.T.);
#20652=EDGE_CURVE('',#695,#749,#20655,.F.);
#20653=EDGE_CURVE('',#749,#827,#20656,.T.);
#20654=EDGE_CURVE('',#827,#695,#20657,.T.);
#20655=LINE('',#694,#20658);
#20656=LINE('',#748,#20659);
#20657=LINE('',#826,#20660);
#20658=VECTOR('',#20661,1.0);
#20659=VECTOR('',#20662,1.0);
#20660=VECTOR('',#20663,1.0);
#20661=DIRECTION('',(0.44992729427150396,-0.8930651879171663,0));
#20662=DIRECTION('',(-0.049399316532112054,0.09805319762421082,0.9939543641243432));
#20663=DIRECTION('',(0,0,-1));
#20664=FACE_SURFACE('',(#20669),#20665,.T.);
#20665=PLANE('',#20666);
#20666=AXIS2_PLACEMENT_3D('',#478,#20667,#20668);
#20667=DIRECTION('',(0,-0,1));
#20668=DIRECTION('',(0.17114901219602827,0.985245155087973,0));
#20669=FACE_BOUND('',#20670,.T.);
#20670=EDGE_LOOP('',(#20671,#20672,#20673));
#20671=ORIENTED_EDGE('',*,*,#20674,.T.);
#20672=ORIENTED_EDGE('',*,*,#20675,.T.);
#20673=ORIENTED_EDGE('',*,*,#20676,.T.);
#20674=EDGE_CURVE('',#479,#483,#20677,.F.);
#20675=EDGE_CURVE('',#483,#235,#20678,.T.);
#20676=EDGE_CURVE('',#235,#479,#20679,.T.);
#20677=LINE('',#478,#20680);
#20678=LINE('',#482,#20681);
#20679=LINE('',#234,#20682);
#20680=VECTOR('',#20683,1.0);
#20681=VECTOR('',#20684,1.0);
#20682=VECTOR('',#20685,1.0);
#20683=DIRECTION('',(0.17114901219602827,0.985245155087973,0));
#20684=DIRECTION('',(-0.9991311031900254,-0.04167779550651523,0));
#20685=DIRECTION('',(0.9997233685039217,-0.02351991639381184,0));
#20686=FACE_SURFACE('',(#20691),#20687,.T.);
#20687=PLANE('',#20688);
#20688=AXIS2_PLACEMENT_3D('',#532,#20689,#20690);
#20689=DIRECTION('',(0,0,1));
#20690=DIRECTION('',(-0.9817619080832981,-0.19011458607019577,0));
#20691=FACE_BOUND('',#20692,.T.);
#20692=EDGE_LOOP('',(#20693,#20694,#20695));
#20693=ORIENTED_EDGE('',*,*,#20696,.T.);
#20694=ORIENTED_EDGE('',*,*,#20697,.T.);
#20695=ORIENTED_EDGE('',*,*,#20698,.T.);
#20696=EDGE_CURVE('',#533,#235,#20699,.F.);
#20697=EDGE_CURVE('',#235,#483,#20700,.T.);
#20698=EDGE_CURVE('',#483,#533,#20701,.T.);
#20699=LINE('',#532,#20702);
#20700=LINE('',#234,#20703);
#20701=LINE('',#482,#20704);
#20702=VECTOR('',#20705,1.0);
#20703=VECTOR('',#20706,1.0);
#20704=VECTOR('',#20707,1.0);
#20705=DIRECTION('',(-0.9817619080832981,-0.19011458607019577,0));
#20706=DIRECTION('',(0.9991311031900254,0.04167779550651523,0));
#20707=DIRECTION('',(-0.4797872480846993,0.8773848622898114,0));
#20708=FACE_SURFACE('',(#20713),#20709,.T.);
#20709=PLANE('',#20710);
#20710=AXIS2_PLACEMENT_3D('',#482,#20711,#20712);
#20711=DIRECTION('',(0,-0,1));
#20712=DIRECTION('',(0.1222513983317099,0.9924991665517617,0));
#20713=FACE_BOUND('',#20714,.T.);
#20714=EDGE_LOOP('',(#20715,#20716,#20717));
#20715=ORIENTED_EDGE('',*,*,#20718,.T.);
#20716=ORIENTED_EDGE('',*,*,#20719,.T.);
#20717=ORIENTED_EDGE('',*,*,#20720,.T.);
#20718=EDGE_CURVE('',#483,#487,#20721,.F.);
#20719=EDGE_CURVE('',#487,#533,#20722,.T.);
#20720=EDGE_CURVE('',#533,#483,#20723,.T.);
#20721=LINE('',#482,#20724);
#20722=LINE('',#486,#20725);
#20723=LINE('',#532,#20726);
#20724=VECTOR('',#20727,1.0);
#20725=VECTOR('',#20728,1.0);
#20726=VECTOR('',#20729,1.0);
#20727=DIRECTION('',(0.1222513983317099,0.9924991665517617,0));
#20728=DIRECTION('',(-0.7564326408574189,0.6540716014668968,0));
#20729=DIRECTION('',(0.4797872480846993,-0.8773848622898114,0));
#20730=FACE_SURFACE('',(#20735),#20731,.T.);
#20731=PLANE('',#20732);
#20732=AXIS2_PLACEMENT_3D('',#486,#20733,#20734);
#20733=DIRECTION('',(0,-0,1));
#20734=DIRECTION('',(0.07378826192057876,0.9972739304738394,0));
#20735=FACE_BOUND('',#20736,.T.);
#20736=EDGE_LOOP('',(#20737,#20738,#20739));
#20737=ORIENTED_EDGE('',*,*,#20740,.T.);
#20738=ORIENTED_EDGE('',*,*,#20741,.T.);
#20739=ORIENTED_EDGE('',*,*,#20742,.T.);
#20740=EDGE_CURVE('',#487,#491,#20743,.F.);
#20741=EDGE_CURVE('',#491,#533,#20744,.T.);
#20742=EDGE_CURVE('',#533,#487,#20745,.T.);
#20743=LINE('',#486,#20746);
#20744=LINE('',#490,#20747);
#20745=LINE('',#532,#20748);
#20746=VECTOR('',#20749,1.0);
#20747=VECTOR('',#20750,1.0);
#20748=VECTOR('',#20751,1.0);
#20749=DIRECTION('',(0.07378826192057876,0.9972739304738394,0));
#20750=DIRECTION('',(-0.9975692388814843,0.06968223329813802,0));
#20751=DIRECTION('',(0.7564326408574189,-0.6540716014668968,0));
#20752=FACE_SURFACE('',(#20757),#20753,.T.);
#20753=PLANE('',#20754);
#20754=AXIS2_PLACEMENT_3D('',#494,#20755,#20756);
#20755=DIRECTION('',(0,0,1));
#20756=DIRECTION('',(-1,0,0));
#20757=FACE_BOUND('',#20758,.T.);
#20758=EDGE_LOOP('',(#20759,#20760,#20761));
#20759=ORIENTED_EDGE('',*,*,#20762,.T.);
#20760=ORIENTED_EDGE('',*,*,#20763,.T.);
#20761=ORIENTED_EDGE('',*,*,#20764,.T.);
#20762=EDGE_CURVE('',#495,#533,#20765,.F.);
#20763=EDGE_CURVE('',#533,#491,#20766,.T.);
#20764=EDGE_CURVE('',#491,#495,#20767,.T.);
#20765=LINE('',#494,#20768);
#20766=LINE('',#532,#20769);
#20767=LINE('',#490,#20770);
#20768=VECTOR('',#20771,1.0);
#20769=VECTOR('',#20772,1.0);
#20770=VECTOR('',#20773,1.0);
#20771=DIRECTION('',(-1,0,0));
#20772=DIRECTION('',(0.9975692388814843,-0.06968223329813802,0));
#20773=DIRECTION('',(0.02446027195711448,0.9997008027884063,0));
#20774=FACE_SURFACE('',(#20779),#20775,.T.);
#20775=PLANE('',#20776);
#20776=AXIS2_PLACEMENT_3D('',#878,#20777,#20778);
#20777=DIRECTION('',(0,-1,0));
#20778=DIRECTION('',(0,0,1));
#20779=FACE_BOUND('',#20780,.T.);
#20780=EDGE_LOOP('',(#20781,#20782,#20783));
#20781=ORIENTED_EDGE('',*,*,#20784,.T.);
#20782=ORIENTED_EDGE('',*,*,#20785,.T.);
#20783=ORIENTED_EDGE('',*,*,#20786,.T.);
#20784=EDGE_CURVE('',#879,#801,#20787,.F.);
#20785=EDGE_CURVE('',#801,#1015,#20788,.T.);
#20786=EDGE_CURVE('',#1015,#879,#20789,.T.);
#20787=LINE('',#878,#20790);
#20788=LINE('',#800,#20791);
#20789=LINE('',#1014,#20792);
#20790=VECTOR('',#20793,1.0);
#20791=VECTOR('',#20794,1.0);
#20792=VECTOR('',#20795,1.0);
#20793=DIRECTION('',(0,0,1));
#20794=DIRECTION('',(-0.6590588703837598,0,-0.7520913544034943));
#20795=DIRECTION('',(1,0,0));
#20796=FACE_SURFACE('',(#20801),#20797,.T.);
#20797=PLANE('',#20798);
#20798=AXIS2_PLACEMENT_3D('',#662,#20799,#20800);
#20799=DIRECTION('',(0,-1,0));
#20800=DIRECTION('',(1,0,0));
#20801=FACE_BOUND('',#20802,.T.);
#20802=EDGE_LOOP('',(#20803,#20804,#20805));
#20803=ORIENTED_EDGE('',*,*,#20806,.T.);
#20804=ORIENTED_EDGE('',*,*,#20807,.T.);
#20805=ORIENTED_EDGE('',*,*,#20808,.T.);
#20806=EDGE_CURVE('',#663,#661,#20809,.F.);
#20807=EDGE_CURVE('',#661,#1015,#20810,.T.);
#20808=EDGE_CURVE('',#1015,#663,#20811,.T.);
#20809=LINE('',#662,#20812);
#20810=LINE('',#660,#20813);
#20811=LINE('',#1014,#20814);
#20812=VECTOR('',#20815,1.0);
#20813=VECTOR('',#20816,1.0);
#20814=VECTOR('',#20817,1.0);
#20815=DIRECTION('',(1,0,0));
#20816=DIRECTION('',(0,0,1));
#20817=DIRECTION('',(-0.10877272942452607,0,-0.9940666443119086));
#20818=FACE_SURFACE('',(#20823),#20819,.T.);
#20819=PLANE('',#20820);
#20820=AXIS2_PLACEMENT_3D('',#800,#20821,#20822);
#20821=DIRECTION('',(-0,-1,0));
#20822=DIRECTION('',(-1,0,0));
#20823=FACE_BOUND('',#20824,.T.);
#20824=EDGE_LOOP('',(#20825,#20826,#20827));
#20825=ORIENTED_EDGE('',*,*,#20828,.T.);
#20826=ORIENTED_EDGE('',*,*,#20829,.T.);
#20827=ORIENTED_EDGE('',*,*,#20830,.T.);
#20828=EDGE_CURVE('',#801,#807,#20831,.F.);
#20829=EDGE_CURVE('',#807,#1015,#20832,.T.);
#20830=EDGE_CURVE('',#1015,#801,#20833,.T.);
#20831=LINE('',#800,#20834);
#20832=LINE('',#806,#20835);
#20833=LINE('',#1014,#20836);
#20834=VECTOR('',#20837,1.0);
#20835=VECTOR('',#20838,1.0);
#20836=VECTOR('',#20839,1.0);
#20837=DIRECTION('',(-1,0,0));
#20838=DIRECTION('',(0.9017067324223136,0,-0.43234820307742017));
#20839=DIRECTION('',(0.6590588703837598,0,0.7520913544034943));
#20840=FACE_SURFACE('',(#20845),#20841,.T.);
#20841=PLANE('',#20842);
#20842=AXIS2_PLACEMENT_3D('',#662,#20843,#20844);
#20843=DIRECTION('',(0,-1,0));
#20844=DIRECTION('',(0.10877272942452607,0,0.9940666443119086));
#20845=FACE_BOUND('',#20846,.T.);
#20846=EDGE_LOOP('',(#20847,#20848,#20849));
#20847=ORIENTED_EDGE('',*,*,#20850,.T.);
#20848=ORIENTED_EDGE('',*,*,#20851,.T.);
#20849=ORIENTED_EDGE('',*,*,#20852,.T.);
#20850=EDGE_CURVE('',#663,#1015,#20853,.F.);
#20851=EDGE_CURVE('',#1015,#807,#20854,.T.);
#20852=EDGE_CURVE('',#807,#663,#20855,.T.);
#20853=LINE('',#662,#20856);
#20854=LINE('',#1014,#20857);
#20855=LINE('',#806,#20858);
#20856=VECTOR('',#20859,1.0);
#20857=VECTOR('',#20860,1.0);
#20858=VECTOR('',#20861,1.0);
#20859=DIRECTION('',(0.10877272942452607,0,0.9940666443119086));
#20860=DIRECTION('',(-0.9017067324223136,0,0.43234820307742017));
#20861=DIRECTION('',(0,0,-1));
#20862=FACE_SURFACE('',(#20867),#20863,.T.);
#20863=PLANE('',#20864);
#20864=AXIS2_PLACEMENT_3D('',#416,#20865,#20866);
#20865=DIRECTION('',(0,-0,1));
#20866=DIRECTION('',(0.47986810239583194,0.8773406432526785,0));
#20867=FACE_BOUND('',#20868,.T.);
#20868=EDGE_LOOP('',(#20869,#20870,#20871));
#20869=ORIENTED_EDGE('',*,*,#20872,.T.);
#20870=ORIENTED_EDGE('',*,*,#20873,.T.);
#20871=ORIENTED_EDGE('',*,*,#20874,.T.);
#20872=EDGE_CURVE('',#417,#511,#20875,.F.);
#20873=EDGE_CURVE('',#511,#255,#20876,.T.);
#20874=EDGE_CURVE('',#255,#417,#20877,.T.);
#20875=LINE('',#416,#20878);
#20876=LINE('',#510,#20879);
#20877=LINE('',#254,#20880);
#20878=VECTOR('',#20881,1.0);
#20879=VECTOR('',#20882,1.0);
#20880=VECTOR('',#20883,1.0);
#20881=DIRECTION('',(0.47986810239583194,0.8773406432526785,0));
#20882=DIRECTION('',(-0.9991645668271927,0.040867693806091156,0));
#20883=DIRECTION('',(0.9825064501290726,-0.18622855703346933,0));
#20884=FACE_SURFACE('',(#20889),#20885,.T.);
#20885=PLANE('',#20886);
#20886=AXIS2_PLACEMENT_3D('',#458,#20887,#20888);
#20887=DIRECTION('',(0,-0,1));
#20888=DIRECTION('',(0.40525374051274854,0.9142042473104278,0));
#20889=FACE_BOUND('',#20890,.T.);
#20890=EDGE_LOOP('',(#20891,#20892,#20893));
#20891=ORIENTED_EDGE('',*,*,#20894,.T.);
#20892=ORIENTED_EDGE('',*,*,#20895,.T.);
#20893=ORIENTED_EDGE('',*,*,#20896,.T.);
#20894=EDGE_CURVE('',#459,#463,#20897,.F.);
#20895=EDGE_CURVE('',#463,#237,#20898,.T.);
#20896=EDGE_CURVE('',#237,#459,#20899,.T.);
#20897=LINE('',#458,#20900);
#20898=LINE('',#462,#20901);
#20899=LINE('',#236,#20902);
#20900=VECTOR('',#20903,1.0);
#20901=VECTOR('',#20904,1.0);
#20902=VECTOR('',#20905,1.0);
#20903=DIRECTION('',(0.40525374051274854,0.9142042473104278,0));
#20904=DIRECTION('',(-0.9857107329895063,0.16844687847891487,0));
#20905=DIRECTION('',(0.9714706157354862,-0.2371599518521524,0));
#20906=FACE_SURFACE('',(#20911),#20907,.T.);
#20907=PLANE('',#20908);
#20908=AXIS2_PLACEMENT_3D('',#462,#20909,#20910);
#20909=DIRECTION('',(0,-0,1));
#20910=DIRECTION('',(0.35949666200105884,0.9331463711605466,0));
#20911=FACE_BOUND('',#20912,.T.);
#20912=EDGE_LOOP('',(#20913,#20914,#20915));
#20913=ORIENTED_EDGE('',*,*,#20916,.T.);
#20914=ORIENTED_EDGE('',*,*,#20917,.T.);
#20915=ORIENTED_EDGE('',*,*,#20918,.T.);
#20916=EDGE_CURVE('',#463,#467,#20919,.F.);
#20917=EDGE_CURVE('',#467,#235,#20920,.T.);
#20918=EDGE_CURVE('',#235,#463,#20921,.T.);
#20919=LINE('',#462,#20922);
#20920=LINE('',#466,#20923);
#20921=LINE('',#234,#20924);
#20922=VECTOR('',#20925,1.0);
#20923=VECTOR('',#20926,1.0);
#20924=VECTOR('',#20927,1.0);
#20925=DIRECTION('',(0.35949666200105884,0.9331463711605466,0));
#20926=DIRECTION('',(-0.9748908990937362,0.22268303676797394,0));
#20927=DIRECTION('',(0.9573472320825858,-0.28893991974770766,0));
#20928=FACE_SURFACE('',(#20933),#20929,.T.);
#20929=PLANE('',#20930);
#20930=AXIS2_PLACEMENT_3D('',#466,#20931,#20932);
#20931=DIRECTION('',(0,-0,1));
#20932=DIRECTION('',(0.3137815819436196,0.949495191579694,0));
#20933=FACE_BOUND('',#20934,.T.);
#20934=EDGE_LOOP('',(#20935,#20936,#20937));
#20935=ORIENTED_EDGE('',*,*,#20938,.T.);
#20936=ORIENTED_EDGE('',*,*,#20939,.T.);
#20937=ORIENTED_EDGE('',*,*,#20940,.T.);
#20938=EDGE_CURVE('',#467,#471,#20941,.F.);
#20939=EDGE_CURVE('',#471,#235,#20942,.T.);
#20940=EDGE_CURVE('',#235,#467,#20943,.T.);
#20941=LINE('',#466,#20944);
#20942=LINE('',#470,#20945);
#20943=LINE('',#234,#20946);
#20944=VECTOR('',#20947,1.0);
#20945=VECTOR('',#20948,1.0);
#20946=VECTOR('',#20949,1.0);
#20947=DIRECTION('',(0.3137815819436196,0.949495191579694,0));
#20948=DIRECTION('',(-0.9877429426059406,0.15608933125667995,0));
#20949=DIRECTION('',(0.9748908990937362,-0.22268303676797394,0));
#20950=FACE_SURFACE('',(#20955),#20951,.T.);
#20951=PLANE('',#20952);
#20952=AXIS2_PLACEMENT_3D('',#664,#20953,#20954);
#20953=DIRECTION('',(0.9978575742753669,-0.06542370718081177,0));
#20954=DIRECTION('',(0,0,1));
#20955=FACE_BOUND('',#20956,.T.);
#20956=EDGE_LOOP('',(#20957,#20958,#20959));
#20957=ORIENTED_EDGE('',*,*,#20960,.T.);
#20958=ORIENTED_EDGE('',*,*,#20961,.T.);
#20959=ORIENTED_EDGE('',*,*,#20962,.T.);
#20960=EDGE_CURVE('',#665,#1011,#20963,.F.);
#20961=EDGE_CURVE('',#1011,#1015,#20964,.T.);
#20962=EDGE_CURVE('',#1015,#665,#20965,.T.);
#20963=LINE('',#664,#20966);
#20964=LINE('',#1010,#20967);
#20965=LINE('',#1014,#20968);
#20966=VECTOR('',#20969,1.0);
#20967=VECTOR('',#20970,1.0);
#20968=VECTOR('',#20971,1.0);
#20969=DIRECTION('',(0,0,1));
#20970=DIRECTION('',(-0.06542370718081178,-0.9978575742753669,0));
#20971=DIRECTION('',(0.012235472095545562,0.18661826165906886,-0.9823563089011779));
#20972=FACE_SURFACE('',(#20977),#20973,.T.);
#20973=PLANE('',#20974);
#20974=AXIS2_PLACEMENT_3D('',#664,#20975,#20976);
#20975=DIRECTION('',(0.9978575742753669,-0.06542370718081177,0));
#20976=DIRECTION('',(-0.012235472095545562,-0.18661826165906886,0.9823563089011779));
#20977=FACE_BOUND('',#20978,.T.);
#20978=EDGE_LOOP('',(#20979,#20980,#20981));
#20979=ORIENTED_EDGE('',*,*,#20982,.T.);
#20980=ORIENTED_EDGE('',*,*,#20983,.T.);
#20981=ORIENTED_EDGE('',*,*,#20984,.T.);
#20982=EDGE_CURVE('',#665,#1015,#20985,.F.);
#20983=EDGE_CURVE('',#1015,#661,#20986,.T.);
#20984=EDGE_CURVE('',#661,#665,#20987,.T.);
#20985=LINE('',#664,#20988);
#20986=LINE('',#1014,#20989);
#20987=LINE('',#660,#20990);
#20988=VECTOR('',#20991,1.0);
#20989=VECTOR('',#20992,1.0);
#20990=VECTOR('',#20993,1.0);
#20991=DIRECTION('',(-0.012235472095545562,-0.18661826165906886,0.9823563089011779));
#20992=DIRECTION('',(0,0,-1));
#20993=DIRECTION('',(0.06542370718081178,0.9978575742753669,0));
#20994=FACE_SURFACE('',(#20999),#20995,.T.);
#20995=PLANE('',#20996);
#20996=AXIS2_PLACEMENT_3D('',#574,#20997,#20998);
#20997=DIRECTION('',(0,0,1));
#20998=DIRECTION('',(-0.5630136967390174,-0.8264475647518515,0));
#20999=FACE_BOUND('',#21000,.T.);
#21000=EDGE_LOOP('',(#21001,#21002,#21003));
#21001=ORIENTED_EDGE('',*,*,#21004,.T.);
#21002=ORIENTED_EDGE('',*,*,#21005,.T.);
#21003=ORIENTED_EDGE('',*,*,#21006,.T.);
#21004=EDGE_CURVE('',#575,#257,#21007,.F.);
#21005=EDGE_CURVE('',#257,#571,#21008,.T.);
#21006=EDGE_CURVE('',#571,#575,#21009,.T.);
#21007=LINE('',#574,#21010);
#21008=LINE('',#256,#21011);
#21009=LINE('',#570,#21012);
#21010=VECTOR('',#21013,1.0);
#21011=VECTOR('',#21014,1.0);
#21012=VECTOR('',#21015,1.0);
#21013=DIRECTION('',(-0.5630136967390174,-0.8264475647518515,0));
#21014=DIRECTION('',(0.6238999320388229,0.7815042385054302,0));
#21015=DIRECTION('',(-0.7884476920971953,0.6151018101311411,0));
#21016=FACE_SURFACE('',(#21021),#21017,.T.);
#21017=PLANE('',#21018);
#21018=AXIS2_PLACEMENT_3D('',#566,#21019,#21020);
#21019=DIRECTION('',(0,0,1));
#21020=DIRECTION('',(-0.7572672102580659,0.6531051770335051,0));
#21021=FACE_BOUND('',#21022,.T.);
#21022=EDGE_LOOP('',(#21023,#21024,#21025));
#21023=ORIENTED_EDGE('',*,*,#21026,.T.);
#21024=ORIENTED_EDGE('',*,*,#21027,.T.);
#21025=ORIENTED_EDGE('',*,*,#21028,.T.);
#21026=EDGE_CURVE('',#567,#571,#21029,.F.);
#21027=EDGE_CURVE('',#571,#257,#21030,.T.);
#21028=EDGE_CURVE('',#257,#567,#21031,.T.);
#21029=LINE('',#566,#21032);
#21030=LINE('',#570,#21033);
#21031=LINE('',#256,#21034);
#21032=VECTOR('',#21035,1.0);
#21033=VECTOR('',#21036,1.0);
#21034=VECTOR('',#21037,1.0);
#21035=DIRECTION('',(-0.7572672102580659,0.6531051770335051,0));
#21036=DIRECTION('',(-0.6238999320388229,-0.7815042385054302,0));
#21037=DIRECTION('',(0.6812521112758447,0.7320488787520982,0));
#21038=FACE_SURFACE('',(#21043),#21039,.T.);
#21039=PLANE('',#21040);
#21040=AXIS2_PLACEMENT_3D('',#576,#21041,#21042);
#21041=DIRECTION('',(0,0,1));
#21042=DIRECTION('',(-0.4992090520749533,-0.8664815764495092,0));
#21043=FACE_BOUND('',#21044,.T.);
#21044=EDGE_LOOP('',(#21045,#21046,#21047));
#21045=ORIENTED_EDGE('',*,*,#21048,.T.);
#21046=ORIENTED_EDGE('',*,*,#21049,.T.);
#21047=ORIENTED_EDGE('',*,*,#21050,.T.);
#21048=EDGE_CURVE('',#577,#257,#21051,.F.);
#21049=EDGE_CURVE('',#257,#575,#21052,.T.);
#21050=EDGE_CURVE('',#575,#577,#21053,.T.);
#21051=LINE('',#576,#21054);
#21052=LINE('',#256,#21055);
#21053=LINE('',#574,#21056);
#21054=VECTOR('',#21057,1.0);
#21055=VECTOR('',#21058,1.0);
#21056=VECTOR('',#21059,1.0);
#21057=DIRECTION('',(-0.4992090520749533,-0.8664815764495092,0));
#21058=DIRECTION('',(0.5630136967390174,0.8264475647518515,0));
#21059=DIRECTION('',(-0.8174252713953803,0.5760346566693613,0));
#21060=FACE_SURFACE('',(#21065),#21061,.T.);
#21061=PLANE('',#21062);
#21062=AXIS2_PLACEMENT_3D('',#580,#21063,#21064);
#21063=DIRECTION('',(0,0,1));
#21064=DIRECTION('',(-0.4330054984780706,-0.9013912792387986,0));
#21065=FACE_BOUND('',#21066,.T.);
#21066=EDGE_LOOP('',(#21067,#21068,#21069));
#21067=ORIENTED_EDGE('',*,*,#21070,.T.);
#21068=ORIENTED_EDGE('',*,*,#21071,.T.);
#21069=ORIENTED_EDGE('',*,*,#21072,.T.);
#21070=EDGE_CURVE('',#581,#257,#21073,.F.);
#21071=EDGE_CURVE('',#257,#577,#21074,.T.);
#21072=EDGE_CURVE('',#577,#581,#21075,.T.);
#21073=LINE('',#580,#21076);
#21074=LINE('',#256,#21077);
#21075=LINE('',#576,#21078);
#21076=VECTOR('',#21079,1.0);
#21077=VECTOR('',#21080,1.0);
#21078=VECTOR('',#21081,1.0);
#21079=DIRECTION('',(-0.4330054984780706,-0.9013912792387986,0));
#21080=DIRECTION('',(0.4992090520749533,0.8664815764495092,0));
#21081=DIRECTION('',(-0.8447767069803306,0.5351189730737165,0));
#21082=FACE_SURFACE('',(#21087),#21083,.T.);
#21083=PLANE('',#21084);
#21084=AXIS2_PLACEMENT_3D('',#584,#21085,#21086);
#21085=DIRECTION('',(0,0,1));
#21086=DIRECTION('',(-0.3650217564465733,-0.9309989888934673,0));
#21087=FACE_BOUND('',#21088,.T.);
#21088=EDGE_LOOP('',(#21089,#21090,#21091));
#21089=ORIENTED_EDGE('',*,*,#21092,.T.);
#21090=ORIENTED_EDGE('',*,*,#21093,.T.);
#21091=ORIENTED_EDGE('',*,*,#21094,.T.);
#21092=EDGE_CURVE('',#585,#257,#21095,.F.);
#21093=EDGE_CURVE('',#257,#581,#21096,.T.);
#21094=EDGE_CURVE('',#581,#585,#21097,.T.);
#21095=LINE('',#584,#21098);
#21096=LINE('',#256,#21099);
#21097=LINE('',#580,#21100);
#21098=VECTOR('',#21101,1.0);
#21099=VECTOR('',#21102,1.0);
#21100=VECTOR('',#21103,1.0);
#21101=DIRECTION('',(-0.3650217564465733,-0.9309989888934673,0));
#21102=DIRECTION('',(0.4330054984780706,0.9013912792387986,0));
#21103=DIRECTION('',(-0.8702397861689191,0.4926283736942828,0));
#21104=FACE_SURFACE('',(#21109),#21105,.T.);
#21105=PLANE('',#21106);
#21106=AXIS2_PLACEMENT_3D('',#412,#21107,#21108);
#21107=DIRECTION('',(0,0,1));
#21108=DIRECTION('',(-0.29583142473209073,-0.955240162546038,0));
#21109=FACE_BOUND('',#21110,.T.);
#21110=EDGE_LOOP('',(#21111,#21112,#21113));
#21111=ORIENTED_EDGE('',*,*,#21114,.T.);
#21112=ORIENTED_EDGE('',*,*,#21115,.T.);
#21113=ORIENTED_EDGE('',*,*,#21116,.T.);
#21114=EDGE_CURVE('',#413,#257,#21117,.F.);
#21115=EDGE_CURVE('',#257,#585,#21118,.T.);
#21116=EDGE_CURVE('',#585,#413,#21119,.T.);
#21117=LINE('',#412,#21120);
#21118=LINE('',#256,#21121);
#21119=LINE('',#584,#21122);
#21120=VECTOR('',#21123,1.0);
#21121=VECTOR('',#21124,1.0);
#21122=VECTOR('',#21125,1.0);
#21123=DIRECTION('',(-0.29583142473209073,-0.955240162546038,0));
#21124=DIRECTION('',(0.3650217564465733,0.9309989888934673,0));
#21125=DIRECTION('',(-0.8930673183149528,0.4499230655987073,0));
#21126=FACE_SURFACE('',(#21131),#21127,.T.);
#21127=PLANE('',#21128);
#21128=AXIS2_PLACEMENT_3D('',#552,#21129,#21130);
#21129=DIRECTION('',(0,0,1));
#21130=DIRECTION('',(-0.6531015099688136,0.7572703729028726,0));
#21131=FACE_BOUND('',#21132,.T.);
#21132=EDGE_LOOP('',(#21133,#21134,#21135));
#21133=ORIENTED_EDGE('',*,*,#21136,.T.);
#21134=ORIENTED_EDGE('',*,*,#21137,.T.);
#21135=ORIENTED_EDGE('',*,*,#21138,.T.);
#21136=EDGE_CURVE('',#553,#559,#21139,.F.);
#21137=EDGE_CURVE('',#559,#257,#21140,.T.);
#21138=EDGE_CURVE('',#257,#553,#21141,.T.);
#21139=LINE('',#552,#21142);
#21140=LINE('',#558,#21143);
#21141=LINE('',#256,#21144);
#21142=VECTOR('',#21145,1.0);
#21143=VECTOR('',#21146,1.0);
#21144=VECTOR('',#21147,1.0);
#21145=DIRECTION('',(-0.6531015099688136,0.7572703729028726,0));
#21146=DIRECTION('',(-0.783655041127681,-0.6211962463788497,0));
#21147=DIRECTION('',(0.827907964394872,0.5608639786004618,0));
#21148=FACE_SURFACE('',(#21153),#21149,.T.);
#21149=PLANE('',#21150);
#21150=AXIS2_PLACEMENT_3D('',#558,#21151,#21152);
#21151=DIRECTION('',(0,0,1));
#21152=DIRECTION('',(-0.6894615997573873,0.7243222366184712,0));
#21153=FACE_BOUND('',#21154,.T.);
#21154=EDGE_LOOP('',(#21155,#21156,#21157));
#21155=ORIENTED_EDGE('',*,*,#21158,.T.);
#21156=ORIENTED_EDGE('',*,*,#21159,.T.);
#21157=ORIENTED_EDGE('',*,*,#21160,.T.);
#21158=EDGE_CURVE('',#559,#563,#21161,.F.);
#21159=EDGE_CURVE('',#563,#257,#21162,.T.);
#21160=EDGE_CURVE('',#257,#559,#21163,.T.);
#21161=LINE('',#558,#21164);
#21162=LINE('',#562,#21165);
#21163=LINE('',#256,#21166);
#21164=VECTOR('',#21167,1.0);
#21165=VECTOR('',#21168,1.0);
#21166=VECTOR('',#21169,1.0);
#21167=DIRECTION('',(-0.6894615997573873,0.7243222366184712,0));
#21168=DIRECTION('',(-0.7346510712549482,-0.6784451366941597,0));
#21169=DIRECTION('',(0.783655041127681,0.6211962463788497,0));
#21170=FACE_SURFACE('',(#21175),#21171,.T.);
#21171=PLANE('',#21172);
#21172=AXIS2_PLACEMENT_3D('',#562,#21173,#21174);
#21173=DIRECTION('',(0,0,1));
#21174=DIRECTION('',(-0.7243254842105398,0.6894581879441036,0));
#21175=FACE_BOUND('',#21176,.T.);
#21176=EDGE_LOOP('',(#21177,#21178,#21179));
#21177=ORIENTED_EDGE('',*,*,#21180,.T.);
#21178=ORIENTED_EDGE('',*,*,#21181,.T.);
#21179=ORIENTED_EDGE('',*,*,#21182,.T.);
#21180=EDGE_CURVE('',#563,#567,#21183,.F.);
#21181=EDGE_CURVE('',#567,#257,#21184,.T.);
#21182=EDGE_CURVE('',#257,#563,#21185,.T.);
#21183=LINE('',#562,#21186);
#21184=LINE('',#566,#21187);
#21185=LINE('',#256,#21188);
#21186=VECTOR('',#21189,1.0);
#21187=VECTOR('',#21190,1.0);
#21188=VECTOR('',#21191,1.0);
#21189=DIRECTION('',(-0.7243254842105398,0.6894581879441036,0));
#21190=DIRECTION('',(-0.6812521112758447,-0.7320488787520982,0));
#21191=DIRECTION('',(0.7346510712549482,0.6784451366941597,0));
#21192=FACE_SURFACE('',(#21197),#21193,.T.);
#21193=PLANE('',#21194);
#21194=AXIS2_PLACEMENT_3D('',#1014,#21195,#21196);
#21195=DIRECTION('',(0,0,-1));
#21196=DIRECTION('',(0.06542370718081178,0.9978575742753669,0));
#21197=FACE_BOUND('',#21198,.T.);
#21198=EDGE_LOOP('',(#21199,#21200,#21201));
#21199=ORIENTED_EDGE('',*,*,#21202,.T.);
#21200=ORIENTED_EDGE('',*,*,#21203,.T.);
#21201=ORIENTED_EDGE('',*,*,#21204,.T.);
#21202=EDGE_CURVE('',#1015,#1011,#21205,.F.);
#21203=EDGE_CURVE('',#1011,#879,#21206,.T.);
#21204=EDGE_CURVE('',#879,#1015,#21207,.T.);
#21205=LINE('',#1014,#21208);
#21206=LINE('',#1010,#21209);
#21207=LINE('',#878,#21210);
#21208=VECTOR('',#21211,1.0);
#21209=VECTOR('',#21212,1.0);
#21210=VECTOR('',#21213,1.0);
#21211=DIRECTION('',(0.06542370718081178,0.9978575742753669,0));
#21212=DIRECTION('',(0.1737659810065528,-0.9847869738399418,0));
#21213=DIRECTION('',(-1,0,0));
#21214=FACE_SURFACE('',(#21219),#21215,.T.);
#21215=PLANE('',#21216);
#21216=AXIS2_PLACEMENT_3D('',#410,#21217,#21218);
#21217=DIRECTION('',(0,0,1));
#21218=DIRECTION('',(-0.018195470546985542,-0.9998344487221741,0));
#21219=FACE_BOUND('',#21220,.T.);
#21220=EDGE_LOOP('',(#21221,#21222,#21223));
#21221=ORIENTED_EDGE('',*,*,#21224,.T.);
#21222=ORIENTED_EDGE('',*,*,#21225,.T.);
#21223=ORIENTED_EDGE('',*,*,#21226,.T.);
#21224=EDGE_CURVE('',#411,#257,#21227,.F.);
#21225=EDGE_CURVE('',#257,#279,#21228,.T.);
#21226=EDGE_CURVE('',#279,#411,#21229,.T.);
#21227=LINE('',#410,#21230);
#21228=LINE('',#256,#21231);
#21229=LINE('',#278,#21232);
#21230=VECTOR('',#21233,1.0);
#21231=VECTOR('',#21234,1.0);
#21232=VECTOR('',#21235,1.0);
#21233=DIRECTION('',(-0.018195470546985542,-0.9998344487221741,0));
#21234=DIRECTION('',(0.08675552318711097,0.9962296317599325,0));
#21235=DIRECTION('',(-0.9637975103051583,0.2666352548512267,0));
#21236=FACE_SURFACE('',(#21241),#21237,.T.);
#21237=PLANE('',#21238);
#21238=AXIS2_PLACEMENT_3D('',#812,#21239,#21240);
#21239=DIRECTION('',(0,1,0));
#21240=DIRECTION('',(0,0,-1));
#21241=FACE_BOUND('',#21242,.T.);
#21242=EDGE_LOOP('',(#21243,#21244,#21245));
#21243=ORIENTED_EDGE('',*,*,#21246,.T.);
#21244=ORIENTED_EDGE('',*,*,#21247,.T.);
#21245=ORIENTED_EDGE('',*,*,#21248,.T.);
#21246=EDGE_CURVE('',#813,#877,#21249,.F.);
#21247=EDGE_CURVE('',#877,#1017,#21250,.T.);
#21248=EDGE_CURVE('',#1017,#813,#21251,.T.);
#21249=LINE('',#812,#21252);
#21250=LINE('',#876,#21253);
#21251=LINE('',#1016,#21254);
#21252=VECTOR('',#21255,1.0);
#21253=VECTOR('',#21256,1.0);
#21254=VECTOR('',#21257,1.0);
#21255=DIRECTION('',(0,0,-1));
#21256=DIRECTION('',(-1,0,0));
#21257=DIRECTION('',(0.6590914227158854,0,0.7520628274967126));
#21258=FACE_SURFACE('',(#21263),#21259,.T.);
#21259=PLANE('',#21260);
#21260=AXIS2_PLACEMENT_3D('',#808,#21261,#21262);
#21261=DIRECTION('',(-0,1,0));
#21262=DIRECTION('',(1,0,0));
#21263=FACE_BOUND('',#21264,.T.);
#21264=EDGE_LOOP('',(#21265,#21266,#21267));
#21265=ORIENTED_EDGE('',*,*,#21268,.T.);
#21266=ORIENTED_EDGE('',*,*,#21269,.T.);
#21267=ORIENTED_EDGE('',*,*,#21270,.T.);
#21268=EDGE_CURVE('',#809,#813,#21271,.F.);
#21269=EDGE_CURVE('',#813,#1017,#21272,.T.);
#21270=EDGE_CURVE('',#1017,#809,#21273,.T.);
#21271=LINE('',#808,#21274);
#21272=LINE('',#812,#21275);
#21273=LINE('',#1016,#21276);
#21274=VECTOR('',#21277,1.0);
#21275=VECTOR('',#21278,1.0);
#21276=VECTOR('',#21279,1.0);
#21277=DIRECTION('',(1,0,0));
#21278=DIRECTION('',(-0.6590914227158854,0,-0.7520628274967126));
#21279=DIRECTION('',(-0.9017011662582398,0,0.4323598116945308));
#21280=FACE_SURFACE('',(#21285),#21281,.T.);
#21281=PLANE('',#21282);
#21282=AXIS2_PLACEMENT_3D('',#688,#21283,#21284);
#21283=DIRECTION('',(0,1,-0));
#21284=DIRECTION('',(-1,0,0));
#21285=FACE_BOUND('',#21286,.T.);
#21286=EDGE_LOOP('',(#21287,#21288,#21289));
#21287=ORIENTED_EDGE('',*,*,#21290,.T.);
#21288=ORIENTED_EDGE('',*,*,#21291,.T.);
#21289=ORIENTED_EDGE('',*,*,#21292,.T.);
#21290=EDGE_CURVE('',#689,#693,#21293,.F.);
#21291=EDGE_CURVE('',#693,#1017,#21294,.T.);
#21292=EDGE_CURVE('',#1017,#689,#21295,.T.);
#21293=LINE('',#688,#21296);
#21294=LINE('',#692,#21297);
#21295=LINE('',#1016,#21298);
#21296=VECTOR('',#21299,1.0);
#21297=VECTOR('',#21300,1.0);
#21298=VECTOR('',#21301,1.0);
#21299=DIRECTION('',(-1,0,0));
#21300=DIRECTION('',(0.10876918000636135,0,0.9940670326898201));
#21301=DIRECTION('',(0,0,-1));
#21302=FACE_SURFACE('',(#21307),#21303,.T.);
#21303=PLANE('',#21304);
#21304=AXIS2_PLACEMENT_3D('',#808,#21305,#21306);
#21305=DIRECTION('',(0,1,0));
#21306=DIRECTION('',(0.9017011662582398,0,-0.4323598116945308));
#21307=FACE_BOUND('',#21308,.T.);
#21308=EDGE_LOOP('',(#21309,#21310,#21311));
#21309=ORIENTED_EDGE('',*,*,#21312,.T.);
#21310=ORIENTED_EDGE('',*,*,#21313,.T.);
#21311=ORIENTED_EDGE('',*,*,#21314,.T.);
#21312=EDGE_CURVE('',#809,#1017,#21315,.F.);
#21313=EDGE_CURVE('',#1017,#693,#21316,.T.);
#21314=EDGE_CURVE('',#693,#809,#21317,.T.);
#21315=LINE('',#808,#21318);
#21316=LINE('',#1016,#21319);
#21317=LINE('',#692,#21320);
#21318=VECTOR('',#21321,1.0);
#21319=VECTOR('',#21322,1.0);
#21320=VECTOR('',#21323,1.0);
#21321=DIRECTION('',(0.9017011662582398,0,-0.4323598116945308));
#21322=DIRECTION('',(-0.10876918000636135,0,-0.9940670326898201));
#21323=DIRECTION('',(0,0,1));
#21324=FACE_SURFACE('',(#21329),#21325,.T.);
#21325=PLANE('',#21326);
#21326=AXIS2_PLACEMENT_3D('',#276,#21327,#21328);
#21327=DIRECTION('',(0,0,1));
#21328=DIRECTION('',(-0.15618142250773373,-0.9877283853689033,0));
#21329=FACE_BOUND('',#21330,.T.);
#21330=EDGE_LOOP('',(#21331,#21332,#21333));
#21331=ORIENTED_EDGE('',*,*,#21334,.T.);
#21332=ORIENTED_EDGE('',*,*,#21335,.T.);
#21333=ORIENTED_EDGE('',*,*,#21336,.T.);
#21334=EDGE_CURVE('',#277,#257,#21337,.F.);
#21335=EDGE_CURVE('',#257,#275,#21338,.T.);
#21336=EDGE_CURVE('',#275,#277,#21339,.T.);
#21337=LINE('',#276,#21340);
#21338=LINE('',#256,#21341);
#21339=LINE('',#274,#21342);
#21340=VECTOR('',#21343,1.0);
#21341=VECTOR('',#21344,1.0);
#21342=VECTOR('',#21345,1.0);
#21343=DIRECTION('',(-0.15618142250773373,-0.9877283853689033,0));
#21344=DIRECTION('',(0.22604757632212194,0.9741162626909041,0));
#21345=DIRECTION('',(-0.9331507510334995,0.35948529294759135,0));
#21346=FACE_SURFACE('',(#21351),#21347,.T.);
#21347=PLANE('',#21348);
#21348=AXIS2_PLACEMENT_3D('',#552,#21349,#21350);
#21349=DIRECTION('',(0,0,1));
#21350=DIRECTION('',(-0.827907964394872,-0.5608639786004618,0));
#21351=FACE_BOUND('',#21352,.T.);
#21352=EDGE_LOOP('',(#21353,#21354,#21355));
#21353=ORIENTED_EDGE('',*,*,#21356,.T.);
#21354=ORIENTED_EDGE('',*,*,#21357,.T.);
#21355=ORIENTED_EDGE('',*,*,#21358,.T.);
#21356=EDGE_CURVE('',#553,#257,#21359,.F.);
#21357=EDGE_CURVE('',#257,#447,#21360,.T.);
#21358=EDGE_CURVE('',#447,#553,#21361,.T.);
#21359=LINE('',#552,#21362);
#21360=LINE('',#256,#21363);
#21361=LINE('',#446,#21364);
#21362=VECTOR('',#21365,1.0);
#21363=VECTOR('',#21366,1.0);
#21364=VECTOR('',#21367,1.0);
#21365=DIRECTION('',(-0.827907964394872,-0.5608639786004618,0));
#21366=DIRECTION('',(0.8672106115865282,0.4979415178027632,0));
#21367=DIRECTION('',(-0.6150984269643359,0.7884503314388291,0));
#21368=FACE_SURFACE('',(#21373),#21369,.T.);
#21369=PLANE('',#21370);
#21370=AXIS2_PLACEMENT_3D('',#384,#21371,#21372);
#21371=DIRECTION('',(0,-0,1));
#21372=DIRECTION('',(0.9331461159030812,0.3594973245727894,0));
#21373=FACE_BOUND('',#21374,.T.);
#21374=EDGE_LOOP('',(#21375,#21376,#21377));
#21375=ORIENTED_EDGE('',*,*,#21378,.T.);
#21376=ORIENTED_EDGE('',*,*,#21379,.T.);
#21377=ORIENTED_EDGE('',*,*,#21380,.T.);
#21378=EDGE_CURVE('',#385,#389,#21381,.F.);
#21379=EDGE_CURVE('',#389,#237,#21382,.T.);
#21380=EDGE_CURVE('',#237,#385,#21383,.T.);
#21381=LINE('',#384,#21384);
#21382=LINE('',#388,#21385);
#21383=LINE('',#236,#21386);
#21384=VECTOR('',#21387,1.0);
#21385=VECTOR('',#21388,1.0);
#21386=VECTOR('',#21389,1.0);
#21387=DIRECTION('',(0.9331461159030812,0.3594973245727894,0));
#21388=DIRECTION('',(-0.20511308575997078,0.9787382806705901,0));
#21389=DIRECTION('',(0.13497775597137215,-0.9908486288999611,0));
#21390=FACE_SURFACE('',(#21395),#21391,.T.);
#21391=PLANE('',#21392);
#21392=AXIS2_PLACEMENT_3D('',#236,#21393,#21394);
#21393=DIRECTION('',(-0,0,1));
#21394=DIRECTION('',(0.9857107329895063,-0.16844687847891487,0));
#21395=FACE_BOUND('',#21396,.T.);
#21396=EDGE_LOOP('',(#21397,#21398,#21399));
#21397=ORIENTED_EDGE('',*,*,#21400,.T.);
#21398=ORIENTED_EDGE('',*,*,#21401,.T.);
#21399=ORIENTED_EDGE('',*,*,#21402,.T.);
#21400=EDGE_CURVE('',#237,#463,#21403,.F.);
#21401=EDGE_CURVE('',#463,#235,#21404,.T.);
#21402=EDGE_CURVE('',#235,#237,#21405,.T.);
#21403=LINE('',#236,#21406);
#21404=LINE('',#462,#21407);
#21405=LINE('',#234,#21408);
#21406=VECTOR('',#21409,1.0);
#21407=VECTOR('',#21410,1.0);
#21408=VECTOR('',#21411,1.0);
#21409=DIRECTION('',(0.9857107329895063,-0.16844687847891487,0));
#21410=DIRECTION('',(-0.9573472320825858,0.28893991974770766,0));
#21411=DIRECTION('',(0,-1,0));
#21412=FACE_SURFACE('',(#21417),#21413,.T.);
#21413=PLANE('',#21414);
#21414=AXIS2_PLACEMENT_3D('',#416,#21415,#21416);
#21415=DIRECTION('',(0,0,1));
#21416=DIRECTION('',(-0.9516062923220705,-0.3073198080388606,0));
#21417=FACE_BOUND('',#21418,.T.);
#21418=EDGE_LOOP('',(#21419,#21420,#21421));
#21419=ORIENTED_EDGE('',*,*,#21422,.T.);
#21420=ORIENTED_EDGE('',*,*,#21423,.T.);
#21421=ORIENTED_EDGE('',*,*,#21424,.T.);
#21422=EDGE_CURVE('',#417,#235,#21425,.F.);
#21423=EDGE_CURVE('',#235,#533,#21426,.T.);
#21424=EDGE_CURVE('',#533,#417,#21427,.T.);
#21425=LINE('',#416,#21428);
#21426=LINE('',#234,#21429);
#21427=LINE('',#532,#21430);
#21428=VECTOR('',#21431,1.0);
#21429=VECTOR('',#21432,1.0);
#21430=VECTOR('',#21433,1.0);
#21431=DIRECTION('',(-0.9516062923220705,-0.3073198080388606,0));
#21432=DIRECTION('',(0.9817619080832981,0.19011458607019577,0));
#21433=DIRECTION('',(0,1,0));
#21434=FACE_SURFACE('',(#21439),#21435,.T.);
#21435=PLANE('',#21436);
#21436=AXIS2_PLACEMENT_3D('',#882,#21437,#21438);
#21437=DIRECTION('',(0.9807653722709271,0.19519038028107277,0));
#21438=DIRECTION('',(-0.05540312311145777,0.27838187817009896,-0.9588712238126582));
#21439=FACE_BOUND('',#21440,.T.);
#21440=EDGE_LOOP('',(#21441,#21442,#21443));
#21441=ORIENTED_EDGE('',*,*,#21444,.T.);
#21442=ORIENTED_EDGE('',*,*,#21445,.T.);
#21443=ORIENTED_EDGE('',*,*,#21446,.T.);
#21444=EDGE_CURVE('',#883,#683,#21447,.F.);
#21445=EDGE_CURVE('',#683,#885,#21448,.T.);
#21446=EDGE_CURVE('',#885,#883,#21449,.T.);
#21447=LINE('',#882,#21450);
#21448=LINE('',#682,#21451);
#21449=LINE('',#884,#21452);
#21450=VECTOR('',#21453,1.0);
#21451=VECTOR('',#21454,1.0);
#21452=VECTOR('',#21455,1.0);
#21453=DIRECTION('',(-0.05540312311145777,0.27838187817009896,-0.9588712238126582));
#21454=DIRECTION('',(0,0,1));
#21455=DIRECTION('',(0.1951903802810728,-0.9807653722709272,0));
#21456=FACE_SURFACE('',(#21461),#21457,.T.);
#21457=PLANE('',#21458);
#21458=AXIS2_PLACEMENT_3D('',#314,#21459,#21460);
#21459=DIRECTION('',(0,-0,1));
#21460=DIRECTION('',(0.4499290157183951,0.8930643206481134,0));
#21461=FACE_BOUND('',#21462,.T.);
#21462=EDGE_LOOP('',(#21463,#21464,#21465));
#21463=ORIENTED_EDGE('',*,*,#21466,.T.);
#21464=ORIENTED_EDGE('',*,*,#21467,.T.);
#21465=ORIENTED_EDGE('',*,*,#21468,.T.);
#21466=EDGE_CURVE('',#315,#459,#21469,.F.);
#21467=EDGE_CURVE('',#459,#237,#21470,.T.);
#21468=EDGE_CURVE('',#237,#315,#21471,.T.);
#21469=LINE('',#314,#21472);
#21470=LINE('',#458,#21473);
#21471=LINE('',#236,#21474);
#21472=VECTOR('',#21475,1.0);
#21473=VECTOR('',#21476,1.0);
#21474=VECTOR('',#21477,1.0);
#21475=DIRECTION('',(0.4499290157183951,0.8930643206481134,0));
#21476=DIRECTION('',(-0.9714706157354862,0.2371599518521524,0));
#21477=DIRECTION('',(0.9520296202066183,-0.3060058859715646,0));
#21478=FACE_SURFACE('',(#21483),#21479,.T.);
#21479=PLANE('',#21480);
#21480=AXIS2_PLACEMENT_3D('',#308,#21481,#21482);
#21481=DIRECTION('',(0,-0,1));
#21482=DIRECTION('',(0.49262477042796066,0.8702418259086373,0));
#21483=FACE_BOUND('',#21484,.T.);
#21484=EDGE_LOOP('',(#21485,#21486,#21487));
#21485=ORIENTED_EDGE('',*,*,#21488,.T.);
#21486=ORIENTED_EDGE('',*,*,#21489,.T.);
#21487=ORIENTED_EDGE('',*,*,#21490,.T.);
#21488=EDGE_CURVE('',#309,#315,#21491,.F.);
#21489=EDGE_CURVE('',#315,#237,#21492,.T.);
#21490=EDGE_CURVE('',#237,#309,#21493,.T.);
#21491=LINE('',#308,#21494);
#21492=LINE('',#314,#21495);
#21493=LINE('',#236,#21496);
#21494=VECTOR('',#21497,1.0);
#21495=VECTOR('',#21498,1.0);
#21496=VECTOR('',#21499,1.0);
#21497=DIRECTION('',(0.49262477042796066,0.8702418259086373,0));
#21498=DIRECTION('',(-0.9520296202066183,0.3060058859715646,0));
#21499=DIRECTION('',(0.9272542447056328,-0.3744323245599752,0));
#21500=FACE_SURFACE('',(#21505),#21501,.T.);
#21501=PLANE('',#21502);
#21502=AXIS2_PLACEMENT_3D('',#300,#21503,#21504);
#21503=DIRECTION('',(0,-0,1));
#21504=DIRECTION('',(0.5351138732976791,0.844779937382722,0));
#21505=FACE_BOUND('',#21506,.T.);
#21506=EDGE_LOOP('',(#21507,#21508,#21509));
#21507=ORIENTED_EDGE('',*,*,#21510,.T.);
#21508=ORIENTED_EDGE('',*,*,#21511,.T.);
#21509=ORIENTED_EDGE('',*,*,#21512,.T.);
#21510=EDGE_CURVE('',#301,#309,#21513,.F.);
#21511=EDGE_CURVE('',#309,#237,#21514,.T.);
#21512=EDGE_CURVE('',#237,#301,#21515,.T.);
#21513=LINE('',#300,#21516);
#21514=LINE('',#308,#21517);
#21515=LINE('',#236,#21518);
#21516=VECTOR('',#21519,1.0);
#21517=VECTOR('',#21520,1.0);
#21518=VECTOR('',#21521,1.0);
#21519=DIRECTION('',(0.5351138732976791,0.844779937382722,0));
#21520=DIRECTION('',(-0.9272542447056328,0.3744323245599752,0));
#21521=DIRECTION('',(0.8970692290334703,-0.4418900296694816,0));
#21522=FACE_SURFACE('',(#21527),#21523,.T.);
#21523=PLANE('',#21524);
#21524=AXIS2_PLACEMENT_3D('',#1016,#21525,#21526);
#21525=DIRECTION('',(0.9978573890773582,0.06542653180260732,0));
#21526=DIRECTION('',(0.06542653180260734,-0.9978573890773583,0));
#21527=FACE_BOUND('',#21528,.T.);
#21528=EDGE_LOOP('',(#21529,#21530,#21531));
#21529=ORIENTED_EDGE('',*,*,#21532,.T.);
#21530=ORIENTED_EDGE('',*,*,#21533,.T.);
#21531=ORIENTED_EDGE('',*,*,#21534,.T.);
#21532=EDGE_CURVE('',#1017,#885,#21535,.F.);
#21533=EDGE_CURVE('',#885,#683,#21536,.T.);
#21534=EDGE_CURVE('',#683,#1017,#21537,.T.);
#21535=LINE('',#1016,#21538);
#21536=LINE('',#884,#21539);
#21537=LINE('',#682,#21540);
#21538=VECTOR('',#21541,1.0);
#21539=VECTOR('',#21542,1.0);
#21540=VECTOR('',#21543,1.0);
#21541=DIRECTION('',(0.06542653180260734,-0.9978573890773583,0));
#21542=DIRECTION('',(0,0,-1));
#21543=DIRECTION('',(-0.0122392965782626,0.18666849963216078,0.9823467162180303));
#21544=FACE_SURFACE('',(#21549),#21545,.T.);
#21545=PLANE('',#21546);
#21546=AXIS2_PLACEMENT_3D('',#1016,#21547,#21548);
#21547=DIRECTION('',(0.9978573890773582,0.06542653180260732,0));
#21548=DIRECTION('',(0.0122392965782626,-0.18666849963216078,-0.9823467162180303));
#21549=FACE_BOUND('',#21550,.T.);
#21550=EDGE_LOOP('',(#21551,#21552,#21553));
#21551=ORIENTED_EDGE('',*,*,#21554,.T.);
#21552=ORIENTED_EDGE('',*,*,#21555,.T.);
#21553=ORIENTED_EDGE('',*,*,#21556,.T.);
#21554=EDGE_CURVE('',#1017,#683,#21557,.F.);
#21555=EDGE_CURVE('',#683,#689,#21558,.T.);
#21556=EDGE_CURVE('',#689,#1017,#21559,.T.);
#21557=LINE('',#1016,#21560);
#21558=LINE('',#682,#21561);
#21559=LINE('',#688,#21562);
#21560=VECTOR('',#21563,1.0);
#21561=VECTOR('',#21564,1.0);
#21562=VECTOR('',#21565,1.0);
#21563=DIRECTION('',(0.0122392965782626,-0.18666849963216078,-0.9823467162180303));
#21564=DIRECTION('',(-0.06542653180260734,0.9978573890773583,0));
#21565=DIRECTION('',(0,0,1));
#21566=FACE_SURFACE('',(#21571),#21567,.T.);
#21567=PLANE('',#21568);
#21568=AXIS2_PLACEMENT_3D('',#1016,#21569,#21570);
#21569=DIRECTION('',(0,0,-1));
#21570=DIRECTION('',(1,0,0));
#21571=FACE_BOUND('',#21572,.T.);
#21572=EDGE_LOOP('',(#21573,#21574,#21575));
#21573=ORIENTED_EDGE('',*,*,#21576,.T.);
#21574=ORIENTED_EDGE('',*,*,#21577,.T.);
#21575=ORIENTED_EDGE('',*,*,#21578,.T.);
#21576=EDGE_CURVE('',#1017,#877,#21579,.F.);
#21577=EDGE_CURVE('',#877,#885,#21580,.T.);
#21578=EDGE_CURVE('',#885,#1017,#21581,.T.);
#21579=LINE('',#1016,#21582);
#21580=LINE('',#876,#21583);
#21581=LINE('',#884,#21584);
#21582=VECTOR('',#21585,1.0);
#21583=VECTOR('',#21586,1.0);
#21584=VECTOR('',#21587,1.0);
#21585=DIRECTION('',(1,0,0));
#21586=DIRECTION('',(-0.17371898181103582,-0.9847952657068052,0));
#21587=DIRECTION('',(-0.06542653180260734,0.9978573890773583,0));
#21588=FACE_SURFACE('',(#21593),#21589,.T.);
#21589=PLANE('',#21590);
#21590=AXIS2_PLACEMENT_3D('',#1008,#21591,#21592);
#21591=DIRECTION('',(0,-0,-1));
#21592=DIRECTION('',(0.7483170793246663,-0.6633412008845835,0));
#21593=FACE_BOUND('',#21594,.T.);
#21594=EDGE_LOOP('',(#21595,#21596,#21597));
#21595=ORIENTED_EDGE('',*,*,#21598,.T.);
#21596=ORIENTED_EDGE('',*,*,#21599,.T.);
#21597=ORIENTED_EDGE('',*,*,#21600,.T.);
#21598=EDGE_CURVE('',#1009,#881,#21601,.F.);
#21599=EDGE_CURVE('',#881,#1007,#21602,.T.);
#21600=EDGE_CURVE('',#1007,#1009,#21603,.T.);
#21601=LINE('',#1008,#21604);
#21602=LINE('',#880,#21605);
#21603=LINE('',#1006,#21606);
#21604=VECTOR('',#21607,1.0);
#21605=VECTOR('',#21608,1.0);
#21606=VECTOR('',#21609,1.0);
#21607=DIRECTION('',(0.7483170793246663,-0.6633412008845835,0));
#21608=DIRECTION('',(-0.865290586597976,0.5012705863552446,0));
#21609=DIRECTION('',(0.6593722181491761,0.7518166518061671,0));
#21610=FACE_SURFACE('',(#21615),#21611,.T.);
#21611=PLANE('',#21612);
#21612=AXIS2_PLACEMENT_3D('',#800,#21613,#21614);
#21613=DIRECTION('',(-1,0,-0));
#21614=DIRECTION('',(0,0,-1));
#21615=FACE_BOUND('',#21616,.T.);
#21616=EDGE_LOOP('',(#21617,#21618,#21619));
#21617=ORIENTED_EDGE('',*,*,#21620,.T.);
#21618=ORIENTED_EDGE('',*,*,#21621,.T.);
#21619=ORIENTED_EDGE('',*,*,#21622,.T.);
#21620=EDGE_CURVE('',#801,#879,#21623,.F.);
#21621=EDGE_CURVE('',#879,#877,#21624,.T.);
#21622=EDGE_CURVE('',#877,#801,#21625,.T.);
#21623=LINE('',#800,#21626);
#21624=LINE('',#878,#21627);
#21625=LINE('',#876,#21628);
#21626=VECTOR('',#21629,1.0);
#21627=VECTOR('',#21630,1.0);
#21628=VECTOR('',#21631,1.0);
#21629=DIRECTION('',(0,0,-1));
#21630=DIRECTION('',(0,-1,0));
#21631=DIRECTION('',(0,0.9703843930241015,0.24156599465828413));
#21632=FACE_SURFACE('',(#21637),#21633,.T.);
#21633=PLANE('',#21634);
#21634=AXIS2_PLACEMENT_3D('',#800,#21635,#21636);
#21635=DIRECTION('',(-1,-0,0));
#21636=DIRECTION('',(0,-0.9703843930241015,-0.24156599465828413));
#21637=FACE_BOUND('',#21638,.T.);
#21638=EDGE_LOOP('',(#21639,#21640,#21641));
#21639=ORIENTED_EDGE('',*,*,#21642,.T.);
#21640=ORIENTED_EDGE('',*,*,#21643,.T.);
#21641=ORIENTED_EDGE('',*,*,#21644,.T.);
#21642=EDGE_CURVE('',#801,#877,#21645,.F.);
#21643=EDGE_CURVE('',#877,#813,#21646,.T.);
#21644=EDGE_CURVE('',#813,#801,#21647,.T.);
#21645=LINE('',#800,#21648);
#21646=LINE('',#876,#21649);
#21647=LINE('',#812,#21650);
#21648=VECTOR('',#21651,1.0);
#21649=VECTOR('',#21652,1.0);
#21650=VECTOR('',#21653,1.0);
#21651=DIRECTION('',(0,-0.9703843930241015,-0.24156599465828413));
#21652=DIRECTION('',(0,0,1));
#21653=DIRECTION('',(0,1,0));
#21654=FACE_SURFACE('',(#21659),#21655,.T.);
#21655=PLANE('',#21656);
#21656=AXIS2_PLACEMENT_3D('',#322,#21657,#21658);
#21657=DIRECTION('',(0,-0,1));
#21658=DIRECTION('',(0.8702427480188978,0.49262314147887637,0));
#21659=FACE_BOUND('',#21660,.T.);
#21660=EDGE_LOOP('',(#21661,#21662,#21663));
#21661=ORIENTED_EDGE('',*,*,#21664,.T.);
#21662=ORIENTED_EDGE('',*,*,#21665,.T.);
#21663=ORIENTED_EDGE('',*,*,#21666,.T.);
#21664=EDGE_CURVE('',#323,#331,#21667,.F.);
#21665=EDGE_CURVE('',#331,#237,#21668,.T.);
#21666=EDGE_CURVE('',#237,#323,#21669,.T.);
#21667=LINE('',#322,#21670);
#21668=LINE('',#330,#21671);
#21669=LINE('',#236,#21672);
#21670=VECTOR('',#21673,1.0);
#21671=VECTOR('',#21674,1.0);
#21672=VECTOR('',#21675,1.0);
#21673=DIRECTION('',(0.8702427480188978,0.49262314147887637,0));
#21674=DIRECTION('',(-0.4144266002509019,0.9100827396475989,0));
#21675=DIRECTION('',(0.34540366845439097,-0.9384542108266386,0));
#21676=FACE_SURFACE('',(#21681),#21677,.T.);
#21677=PLANE('',#21678);
#21678=AXIS2_PLACEMENT_3D('',#330,#21679,#21680);
#21679=DIRECTION('',(0,-0,1));
#21680=DIRECTION('',(0.8447767069803306,0.5351189730737165,0));
#21681=FACE_BOUND('',#21682,.T.);
#21682=EDGE_LOOP('',(#21683,#21684,#21685));
#21683=ORIENTED_EDGE('',*,*,#21686,.T.);
#21684=ORIENTED_EDGE('',*,*,#21687,.T.);
#21685=ORIENTED_EDGE('',*,*,#21688,.T.);
#21686=EDGE_CURVE('',#331,#335,#21689,.F.);
#21687=EDGE_CURVE('',#335,#237,#21690,.T.);
#21688=EDGE_CURVE('',#237,#331,#21691,.T.);
#21689=LINE('',#330,#21692);
#21690=LINE('',#334,#21693);
#21691=LINE('',#236,#21694);
#21692=VECTOR('',#21695,1.0);
#21693=VECTOR('',#21696,1.0);
#21694=VECTOR('',#21697,1.0);
#21695=DIRECTION('',(0.8447767069803306,0.5351189730737165,0));
#21696=DIRECTION('',(-0.4818975484702155,0.8762275690586301,0));
#21697=DIRECTION('',(0.4144266002509019,-0.9100827396475989,0));
#21698=FACE_SURFACE('',(#21703),#21699,.T.);
#21699=PLANE('',#21700);
#21700=AXIS2_PLACEMENT_3D('',#334,#21701,#21702);
#21701=DIRECTION('',(0,-0,1));
#21702=DIRECTION('',(0.8174187638440876,0.5760438911364341,0));
#21703=FACE_BOUND('',#21704,.T.);
#21704=EDGE_LOOP('',(#21705,#21706,#21707));
#21705=ORIENTED_EDGE('',*,*,#21708,.T.);
#21706=ORIENTED_EDGE('',*,*,#21709,.T.);
#21707=ORIENTED_EDGE('',*,*,#21710,.T.);
#21708=EDGE_CURVE('',#335,#341,#21711,.F.);
#21709=EDGE_CURVE('',#341,#237,#21712,.T.);
#21710=EDGE_CURVE('',#237,#335,#21713,.T.);
#21711=LINE('',#334,#21714);
#21712=LINE('',#340,#21715);
#21713=LINE('',#236,#21716);
#21714=VECTOR('',#21717,1.0);
#21715=VECTOR('',#21718,1.0);
#21716=VECTOR('',#21719,1.0);
#21717=DIRECTION('',(0.8174187638440876,0.5760438911364341,0));
#21718=DIRECTION('',(-0.5471653217947844,0.8370245579582538,0));
#21719=DIRECTION('',(0.4818975484702155,-0.8762275690586301,0));
#21720=FACE_SURFACE('',(#21725),#21721,.T.);
#21721=PLANE('',#21722);
#21722=AXIS2_PLACEMENT_3D('',#340,#21723,#21724);
#21723=DIRECTION('',(0,-0,1));
#21724=DIRECTION('',(0.7884510414818758,0.6150975168102577,0));
#21725=FACE_BOUND('',#21726,.T.);
#21726=EDGE_LOOP('',(#21727,#21728,#21729));
#21727=ORIENTED_EDGE('',*,*,#21730,.T.);
#21728=ORIENTED_EDGE('',*,*,#21731,.T.);
#21729=ORIENTED_EDGE('',*,*,#21732,.T.);
#21730=EDGE_CURVE('',#341,#343,#21733,.F.);
#21731=EDGE_CURVE('',#343,#237,#21734,.T.);
#21732=EDGE_CURVE('',#237,#341,#21735,.T.);
#21733=LINE('',#340,#21736);
#21734=LINE('',#342,#21737);
#21735=LINE('',#236,#21738);
#21736=VECTOR('',#21739,1.0);
#21737=VECTOR('',#21740,1.0);
#21738=VECTOR('',#21741,1.0);
#21739=DIRECTION('',(0.7884510414818758,0.6150975168102577,0));
#21740=DIRECTION('',(-0.609668651536724,0.7926563791034502,0));
#21741=DIRECTION('',(0.5471653217947844,-0.8370245579582538,0));
#21742=FACE_SURFACE('',(#21747),#21743,.T.);
#21743=PLANE('',#21744);
#21744=AXIS2_PLACEMENT_3D('',#342,#21745,#21746);
#21745=DIRECTION('',(0,-0,1));
#21746=DIRECTION('',(0.757270628209256,0.6531012139412687,0));
#21747=FACE_BOUND('',#21748,.T.);
#21748=EDGE_LOOP('',(#21749,#21750,#21751));
#21749=ORIENTED_EDGE('',*,*,#21752,.T.);
#21750=ORIENTED_EDGE('',*,*,#21753,.T.);
#21751=ORIENTED_EDGE('',*,*,#21754,.T.);
#21752=EDGE_CURVE('',#343,#349,#21755,.F.);
#21753=EDGE_CURVE('',#349,#237,#21756,.T.);
#21754=EDGE_CURVE('',#237,#343,#21757,.T.);
#21755=LINE('',#342,#21758);
#21756=LINE('',#348,#21759);
#21757=LINE('',#236,#21760);
#21758=VECTOR('',#21761,1.0);
#21759=VECTOR('',#21762,1.0);
#21760=VECTOR('',#21763,1.0);
#21761=DIRECTION('',(0.757270628209256,0.6531012139412687,0));
#21762=DIRECTION('',(-0.6687394669243926,0.74349682270853,0));
#21763=DIRECTION('',(0.609668651536724,-0.7926563791034502,0));
#21764=FACE_SURFACE('',(#21769),#21765,.T.);
#21765=PLANE('',#21766);
#21766=AXIS2_PLACEMENT_3D('',#348,#21767,#21768);
#21767=DIRECTION('',(0,-0,1));
#21768=DIRECTION('',(0.724322034563589,0.6894618120285293,0));
#21769=FACE_BOUND('',#21770,.T.);
#21770=EDGE_LOOP('',(#21771,#21772,#21773));
#21771=ORIENTED_EDGE('',*,*,#21774,.T.);
#21772=ORIENTED_EDGE('',*,*,#21775,.T.);
#21773=ORIENTED_EDGE('',*,*,#21776,.T.);
#21774=EDGE_CURVE('',#349,#353,#21777,.F.);
#21775=EDGE_CURVE('',#353,#237,#21778,.T.);
#21776=EDGE_CURVE('',#237,#349,#21779,.T.);
#21777=LINE('',#348,#21780);
#21778=LINE('',#352,#21781);
#21779=LINE('',#236,#21782);
#21780=VECTOR('',#21783,1.0);
#21781=VECTOR('',#21784,1.0);
#21782=VECTOR('',#21785,1.0);
#21783=DIRECTION('',(0.724322034563589,0.6894618120285293,0));
#21784=DIRECTION('',(-0.7239059710957164,0.6898986483621836,0));
#21785=DIRECTION('',(0.6687394669243926,-0.74349682270853,0));
#21786=FACE_SURFACE('',(#21791),#21787,.T.);
#21787=PLANE('',#21788);
#21788=AXIS2_PLACEMENT_3D('',#352,#21789,#21790);
#21789=DIRECTION('',(0,-0,1));
#21790=DIRECTION('',(0.6894615997573873,0.7243222366184712,0));
#21791=FACE_BOUND('',#21792,.T.);
#21792=EDGE_LOOP('',(#21793,#21794,#21795));
#21793=ORIENTED_EDGE('',*,*,#21796,.T.);
#21794=ORIENTED_EDGE('',*,*,#21797,.T.);
#21795=ORIENTED_EDGE('',*,*,#21798,.T.);
#21796=EDGE_CURVE('',#353,#357,#21799,.F.);
#21797=EDGE_CURVE('',#357,#237,#21800,.T.);
#21798=EDGE_CURVE('',#237,#353,#21801,.T.);
#21799=LINE('',#352,#21802);
#21800=LINE('',#356,#21803);
#21801=LINE('',#236,#21804);
#21802=VECTOR('',#21805,1.0);
#21803=VECTOR('',#21806,1.0);
#21804=VECTOR('',#21807,1.0);
#21805=DIRECTION('',(0.6894615997573873,0.7243222366184712,0));
#21806=DIRECTION('',(-0.7746681082233586,0.6323680274188779,0));
#21807=DIRECTION('',(0.7239059710957164,-0.6898986483621836,0));
#21808=FACE_SURFACE('',(#21813),#21809,.T.);
#21809=PLANE('',#21810);
#21810=AXIS2_PLACEMENT_3D('',#356,#21811,#21812);
#21811=DIRECTION('',(0,-0,1));
#21812=DIRECTION('',(0.6531015099688136,0.7572703729028726,0));
#21813=FACE_BOUND('',#21814,.T.);
#21814=EDGE_LOOP('',(#21815,#21816,#21817));
#21815=ORIENTED_EDGE('',*,*,#21818,.T.);
#21816=ORIENTED_EDGE('',*,*,#21819,.T.);
#21817=ORIENTED_EDGE('',*,*,#21820,.T.);
#21818=EDGE_CURVE('',#357,#361,#21821,.F.);
#21819=EDGE_CURVE('',#361,#237,#21822,.T.);
#21820=EDGE_CURVE('',#237,#357,#21823,.T.);
#21821=LINE('',#356,#21824);
#21822=LINE('',#360,#21825);
#21823=LINE('',#236,#21826);
#21824=VECTOR('',#21827,1.0);
#21825=VECTOR('',#21828,1.0);
#21826=VECTOR('',#21829,1.0);
#21827=DIRECTION('',(0.6531015099688136,0.7572703729028726,0));
#21828=DIRECTION('',(-0.8206150148636964,0.5714814059794555,0));
#21829=DIRECTION('',(0.7746681082233586,-0.6323680274188779,0));
#21830=FACE_SURFACE('',(#21835),#21831,.T.);
#21831=PLANE('',#21832);
#21832=AXIS2_PLACEMENT_3D('',#360,#21833,#21834);
#21833=DIRECTION('',(0,-0,1));
#21834=DIRECTION('',(0.6150984269643359,0.7884503314388291,0));
#21835=FACE_BOUND('',#21836,.T.);
#21836=EDGE_LOOP('',(#21837,#21838,#21839));
#21837=ORIENTED_EDGE('',*,*,#21840,.T.);
#21838=ORIENTED_EDGE('',*,*,#21841,.T.);
#21839=ORIENTED_EDGE('',*,*,#21842,.T.);
#21840=EDGE_CURVE('',#361,#303,#21843,.F.);
#21841=EDGE_CURVE('',#303,#237,#21844,.T.);
#21842=EDGE_CURVE('',#237,#361,#21845,.T.);
#21843=LINE('',#360,#21846);
#21844=LINE('',#302,#21847);
#21845=LINE('',#236,#21848);
#21846=VECTOR('',#21849,1.0);
#21847=VECTOR('',#21850,1.0);
#21848=VECTOR('',#21851,1.0);
#21849=DIRECTION('',(0.6150984269643359,0.7884503314388291,0));
#21850=DIRECTION('',(-0.8615001530943395,0.5077573103544938,0));
#21851=DIRECTION('',(0.8206150148636964,-0.5714814059794555,0));
#21852=FACE_SURFACE('',(#21857),#21853,.T.);
#21853=PLANE('',#21854);
#21854=AXIS2_PLACEMENT_3D('',#302,#21855,#21856);
#21855=DIRECTION('',(0,-0,1));
#21856=DIRECTION('',(0.5760446014654047,0.8174182632670763,0));
#21857=FACE_BOUND('',#21858,.T.);
#21858=EDGE_LOOP('',(#21859,#21860,#21861));
#21859=ORIENTED_EDGE('',*,*,#21862,.T.);
#21860=ORIENTED_EDGE('',*,*,#21863,.T.);
#21861=ORIENTED_EDGE('',*,*,#21864,.T.);
#21862=EDGE_CURVE('',#303,#301,#21865,.F.);
#21863=EDGE_CURVE('',#301,#237,#21866,.T.);
#21864=EDGE_CURVE('',#237,#303,#21867,.T.);
#21865=LINE('',#302,#21868);
#21866=LINE('',#300,#21869);
#21867=LINE('',#236,#21870);
#21868=VECTOR('',#21871,1.0);
#21869=VECTOR('',#21872,1.0);
#21870=VECTOR('',#21873,1.0);
#21871=DIRECTION('',(0.5760446014654047,0.8174182632670763,0));
#21872=DIRECTION('',(-0.8970692290334703,0.4418900296694816,0));
#21873=DIRECTION('',(0.8615001530943395,-0.5077573103544938,0));
#21874=FACE_SURFACE('',(#21879),#21875,.T.);
#21875=PLANE('',#21876);
#21876=AXIS2_PLACEMENT_3D('',#324,#21877,#21878);
#21877=DIRECTION('',(0,-0,1));
#21878=DIRECTION('',(0.8930673183149528,0.4499230655987073,0));
#21879=FACE_BOUND('',#21880,.T.);
#21880=EDGE_LOOP('',(#21881,#21882,#21883));
#21881=ORIENTED_EDGE('',*,*,#21884,.T.);
#21882=ORIENTED_EDGE('',*,*,#21885,.T.);
#21883=ORIENTED_EDGE('',*,*,#21886,.T.);
#21884=EDGE_CURVE('',#325,#323,#21887,.F.);
#21885=EDGE_CURVE('',#323,#237,#21888,.T.);
#21886=EDGE_CURVE('',#237,#325,#21889,.T.);
#21887=LINE('',#324,#21890);
#21888=LINE('',#322,#21891);
#21889=LINE('',#236,#21892);
#21890=VECTOR('',#21893,1.0);
#21891=VECTOR('',#21894,1.0);
#21892=VECTOR('',#21895,1.0);
#21893=DIRECTION('',(0.8930673183149528,0.4499230655987073,0));
#21894=DIRECTION('',(-0.34540366845439097,0.9384542108266386,0));
#21895=DIRECTION('',(0.2754249872640746,-0.9613225662547323,0));
#21896=FACE_SURFACE('',(#21901),#21897,.T.);
#21897=PLANE('',#21898);
#21898=AXIS2_PLACEMENT_3D('',#388,#21899,#21900);
#21899=DIRECTION('',(0,-0,1));
#21900=DIRECTION('',(0.9142025254404036,0.4052576248244913,0));
#21901=FACE_BOUND('',#21902,.T.);
#21902=EDGE_LOOP('',(#21903,#21904,#21905));
#21903=ORIENTED_EDGE('',*,*,#21906,.T.);
#21904=ORIENTED_EDGE('',*,*,#21907,.T.);
#21905=ORIENTED_EDGE('',*,*,#21908,.T.);
#21906=EDGE_CURVE('',#389,#325,#21909,.F.);
#21907=EDGE_CURVE('',#325,#237,#21910,.T.);
#21908=EDGE_CURVE('',#237,#389,#21911,.T.);
#21909=LINE('',#388,#21912);
#21910=LINE('',#324,#21913);
#21911=LINE('',#236,#21914);
#21912=VECTOR('',#21915,1.0);
#21913=VECTOR('',#21916,1.0);
#21914=VECTOR('',#21917,1.0);
#21915=DIRECTION('',(0.9142025254404036,0.4052576248244913,0));
#21916=DIRECTION('',(-0.2754249872640746,0.9613225662547323,0));
#21917=DIRECTION('',(0.20511308575997078,-0.9787382806705901,0));
#21918=FACE_SURFACE('',(#21923),#21919,.T.);
#21919=PLANE('',#21920);
#21920=AXIS2_PLACEMENT_3D('',#698,#21921,#21922);
#21921=DIRECTION('',(0.8968675466425448,0.44229922425817425,-0));
#21922=DIRECTION('',(0,0,1));
#21923=FACE_BOUND('',#21924,.T.);
#21924=EDGE_LOOP('',(#21925,#21926,#21927));
#21925=ORIENTED_EDGE('',*,*,#21928,.T.);
#21926=ORIENTED_EDGE('',*,*,#21929,.T.);
#21927=ORIENTED_EDGE('',*,*,#21930,.T.);
#21928=EDGE_CURVE('',#699,#121,#21931,.F.);
#21929=EDGE_CURVE('',#121,#945,#21932,.T.);
#21930=EDGE_CURVE('',#945,#699,#21933,.T.);
#21931=LINE('',#698,#21934);
#21932=LINE('',#120,#21935);
#21933=LINE('',#944,#21936);
#21934=VECTOR('',#21937,1.0);
#21935=VECTOR('',#21938,1.0);
#21936=VECTOR('',#21939,1.0);
#21937=DIRECTION('',(0,0,1));
#21938=DIRECTION('',(0.4422992242581743,-0.8968675466425448,0));
#21939=DIRECTION('',(-0.1255418733105277,0.25456619804334024,-0.9588718834439991));
#21940=FACE_SURFACE('',(#21945),#21941,.T.);
#21941=PLANE('',#21942);
#21942=AXIS2_PLACEMENT_3D('',#698,#21943,#21944);
#21943=DIRECTION('',(0.8968675466425448,0.44229922425817425,0));
#21944=DIRECTION('',(0.1255418733105277,-0.25456619804334024,0.9588718834439991));
#21945=FACE_BOUND('',#21946,.T.);
#21946=EDGE_LOOP('',(#21947,#21948,#21949));
#21947=ORIENTED_EDGE('',*,*,#21950,.T.);
#21948=ORIENTED_EDGE('',*,*,#21951,.T.);
#21949=ORIENTED_EDGE('',*,*,#21952,.T.);
#21950=EDGE_CURVE('',#699,#945,#21953,.F.);
#21951=EDGE_CURVE('',#945,#701,#21954,.T.);
#21952=EDGE_CURVE('',#701,#699,#21955,.T.);
#21953=LINE('',#698,#21956);
#21954=LINE('',#944,#21957);
#21955=LINE('',#700,#21958);
#21956=VECTOR('',#21959,1.0);
#21957=VECTOR('',#21960,1.0);
#21958=VECTOR('',#21961,1.0);
#21959=DIRECTION('',(0.1255418733105277,-0.25456619804334024,0.9588718834439991));
#21960=DIRECTION('',(0,0,-1));
#21961=DIRECTION('',(-0.4422992242581743,0.8968675466425448,0));
#21962=FACE_SURFACE('',(#21967),#21963,.T.);
#21963=PLANE('',#21964);
#21964=AXIS2_PLACEMENT_3D('',#674,#21965,#21966);
#21965=DIRECTION('',(0.9469259777761069,0.3214516956134528,-0));
#21966=DIRECTION('',(0,0,1));
#21967=FACE_BOUND('',#21968,.T.);
#21968=EDGE_LOOP('',(#21969,#21970,#21971));
#21969=ORIENTED_EDGE('',*,*,#21972,.T.);
#21970=ORIENTED_EDGE('',*,*,#21973,.T.);
#21971=ORIENTED_EDGE('',*,*,#21974,.T.);
#21972=EDGE_CURVE('',#675,#883,#21975,.F.);
#21973=EDGE_CURVE('',#883,#121,#21976,.T.);
#21974=EDGE_CURVE('',#121,#675,#21977,.T.);
#21975=LINE('',#674,#21978);
#21976=LINE('',#882,#21979);
#21977=LINE('',#120,#21980);
#21978=VECTOR('',#21981,1.0);
#21979=VECTOR('',#21982,1.0);
#21980=VECTOR('',#21983,1.0);
#21981=DIRECTION('',(0,0,1));
#21982=DIRECTION('',(0.32145169561345277,-0.9469259777761069,0));
#21983=DIRECTION('',(-0.09123098376803554,0.26874640789546916,-0.958880741199863));
#21984=FACE_SURFACE('',(#21989),#21985,.T.);
#21985=PLANE('',#21986);
#21986=AXIS2_PLACEMENT_3D('',#674,#21987,#21988);
#21987=DIRECTION('',(0.9469259777761069,0.3214516956134528,0));
#21988=DIRECTION('',(0.09123098376803554,-0.26874640789546916,0.958880741199863));
#21989=FACE_BOUND('',#21990,.T.);
#21990=EDGE_LOOP('',(#21991,#21992,#21993));
#21991=ORIENTED_EDGE('',*,*,#21994,.T.);
#21992=ORIENTED_EDGE('',*,*,#21995,.T.);
#21993=ORIENTED_EDGE('',*,*,#21996,.T.);
#21994=EDGE_CURVE('',#675,#121,#21997,.F.);
#21995=EDGE_CURVE('',#121,#699,#21998,.T.);
#21996=EDGE_CURVE('',#699,#675,#21999,.T.);
#21997=LINE('',#674,#22000);
#21998=LINE('',#120,#22001);
#21999=LINE('',#698,#22002);
#22000=VECTOR('',#22003,1.0);
#22001=VECTOR('',#22004,1.0);
#22002=VECTOR('',#22005,1.0);
#22003=DIRECTION('',(0.09123098376803554,-0.26874640789546916,0.958880741199863));
#22004=DIRECTION('',(0,0,-1));
#22005=DIRECTION('',(-0.32145169561345277,0.9469259777761069,0));
#22006=FACE_SURFACE('',(#22011),#22007,.T.);
#22007=PLANE('',#22008);
#22008=AXIS2_PLACEMENT_3D('',#882,#22009,#22010);
#22009=DIRECTION('',(0.9807653722709271,0.19519038028107277,0));
#22010=DIRECTION('',(0,0,-1));
#22011=FACE_BOUND('',#22012,.T.);
#22012=EDGE_LOOP('',(#22013,#22014,#22015));
#22013=ORIENTED_EDGE('',*,*,#22016,.T.);
#22014=ORIENTED_EDGE('',*,*,#22017,.T.);
#22015=ORIENTED_EDGE('',*,*,#22018,.T.);
#22016=EDGE_CURVE('',#883,#675,#22019,.F.);
#22017=EDGE_CURVE('',#675,#683,#22020,.T.);
#22018=EDGE_CURVE('',#683,#883,#22021,.T.);
#22019=LINE('',#882,#22022);
#22020=LINE('',#674,#22023);
#22021=LINE('',#682,#22024);
#22022=VECTOR('',#22025,1.0);
#22023=VECTOR('',#22026,1.0);
#22024=VECTOR('',#22027,1.0);
#22025=DIRECTION('',(0,0,-1));
#22026=DIRECTION('',(-0.1951903802810728,0.9807653722709272,0));
#22027=DIRECTION('',(0.05540312311145777,-0.27838187817009896,0.9588712238126582));
#22028=FACE_SURFACE('',(#22033),#22029,.T.);
#22029=PLANE('',#22030);
#22030=AXIS2_PLACEMENT_3D('',#1010,#22031,#22032);
#22031=DIRECTION('',(0.9807653722709271,-0.19519038028107277,0));
#22032=DIRECTION('',(0,0,-1));
#22033=FACE_BOUND('',#22034,.T.);
#22034=EDGE_LOOP('',(#22035,#22036,#22037));
#22035=ORIENTED_EDGE('',*,*,#22038,.T.);
#22036=ORIENTED_EDGE('',*,*,#22039,.T.);
#22037=ORIENTED_EDGE('',*,*,#22040,.T.);
#22038=EDGE_CURVE('',#1011,#665,#22041,.F.);
#22039=EDGE_CURVE('',#665,#1013,#22042,.T.);
#22040=EDGE_CURVE('',#1013,#1011,#22043,.T.);
#22041=LINE('',#1010,#22044);
#22042=LINE('',#664,#22045);
#22043=LINE('',#1012,#22046);
#22044=VECTOR('',#22047,1.0);
#22045=VECTOR('',#22048,1.0);
#22046=VECTOR('',#22049,1.0);
#22047=DIRECTION('',(0,0,-1));
#22048=DIRECTION('',(0.05540312311145777,0.27838187817009896,0.9588712238126582));
#22049=DIRECTION('',(-0.1951903802810728,-0.9807653722709272,0));
#22050=FACE_SURFACE('',(#22055),#22051,.T.);
#22051=PLANE('',#22052);
#22052=AXIS2_PLACEMENT_3D('',#652,#22053,#22054);
#22053=DIRECTION('',(0.9807653722709271,-0.19519038028107277,0));
#22054=DIRECTION('',(0,0,1));
#22055=FACE_BOUND('',#22056,.T.);
#22056=EDGE_LOOP('',(#22057,#22058,#22059));
#22057=ORIENTED_EDGE('',*,*,#22060,.T.);
#22058=ORIENTED_EDGE('',*,*,#22061,.T.);
#22059=ORIENTED_EDGE('',*,*,#22062,.T.);
#22060=EDGE_CURVE('',#653,#1013,#22063,.F.);
#22061=EDGE_CURVE('',#1013,#665,#22064,.T.);
#22062=EDGE_CURVE('',#665,#653,#22065,.T.);
#22063=LINE('',#652,#22066);
#22064=LINE('',#1012,#22067);
#22065=LINE('',#664,#22068);
#22066=VECTOR('',#22069,1.0);
#22067=VECTOR('',#22070,1.0);
#22068=VECTOR('',#22071,1.0);
#22069=DIRECTION('',(0,0,1));
#22070=DIRECTION('',(-0.05540312311145777,-0.27838187817009896,-0.9588712238126582));
#22071=DIRECTION('',(0.1951903802810728,0.9807653722709272,0));
#22072=FACE_SURFACE('',(#22077),#22073,.T.);
#22073=PLANE('',#22074);
#22074=AXIS2_PLACEMENT_3D('',#1004,#22075,#22076);
#22075=DIRECTION('',(0.9469259777761069,-0.3214516956134528,0));
#22076=DIRECTION('',(-0.32145169561345277,-0.9469259777761069,0));
#22077=FACE_BOUND('',#22078,.T.);
#22078=EDGE_LOOP('',(#22079,#22080,#22081));
#22079=ORIENTED_EDGE('',*,*,#22082,.T.);
#22080=ORIENTED_EDGE('',*,*,#22083,.T.);
#22081=ORIENTED_EDGE('',*,*,#22084,.T.);
#22082=EDGE_CURVE('',#1005,#1013,#22085,.F.);
#22083=EDGE_CURVE('',#1013,#653,#22086,.T.);
#22084=EDGE_CURVE('',#653,#1005,#22087,.T.);
#22085=LINE('',#1004,#22088);
#22086=LINE('',#1012,#22089);
#22087=LINE('',#652,#22090);
#22088=VECTOR('',#22091,1.0);
#22089=VECTOR('',#22092,1.0);
#22090=VECTOR('',#22093,1.0);
#22091=DIRECTION('',(-0.32145169561345277,-0.9469259777761069,0));
#22092=DIRECTION('',(0,0,-1));
#22093=DIRECTION('',(0.09123098376803554,0.26874640789546916,0.958880741199863));
#22094=FACE_SURFACE('',(#22099),#22095,.T.);
#22095=PLANE('',#22096);
#22096=AXIS2_PLACEMENT_3D('',#1004,#22097,#22098);
#22097=DIRECTION('',(0.9469259777761069,-0.3214516956134528,0));
#22098=DIRECTION('',(-0.09123098376803554,-0.26874640789546916,-0.958880741199863));
#22099=FACE_BOUND('',#22100,.T.);
#22100=EDGE_LOOP('',(#22101,#22102,#22103));
#22101=ORIENTED_EDGE('',*,*,#22104,.T.);
#22102=ORIENTED_EDGE('',*,*,#22105,.T.);
#22103=ORIENTED_EDGE('',*,*,#22106,.T.);
#22104=EDGE_CURVE('',#1005,#653,#22107,.F.);
#22105=EDGE_CURVE('',#653,#627,#22108,.T.);
#22106=EDGE_CURVE('',#627,#1005,#22109,.T.);
#22107=LINE('',#1004,#22110);
#22108=LINE('',#652,#22111);
#22109=LINE('',#626,#22112);
#22110=VECTOR('',#22113,1.0);
#22111=VECTOR('',#22114,1.0);
#22112=VECTOR('',#22115,1.0);
#22113=DIRECTION('',(-0.09123098376803554,-0.26874640789546916,-0.958880741199863));
#22114=DIRECTION('',(0.32145169561345277,0.9469259777761069,0));
#22115=DIRECTION('',(0,0,1));
#22116=FACE_SURFACE('',(#22121),#22117,.T.);
#22117=PLANE('',#22118);
#22118=AXIS2_PLACEMENT_3D('',#124,#22119,#22120);
#22119=DIRECTION('',(0,0,-1));
#22120=DIRECTION('',(-0.4422367972416186,-0.896898330450824,0));
#22121=FACE_BOUND('',#22122,.T.);
#22122=EDGE_LOOP('',(#22123,#22124,#22125));
#22123=ORIENTED_EDGE('',*,*,#22126,.T.);
#22124=ORIENTED_EDGE('',*,*,#22127,.T.);
#22125=ORIENTED_EDGE('',*,*,#22128,.T.);
#22126=EDGE_CURVE('',#125,#199,#22129,.F.);
#22127=EDGE_CURVE('',#199,#877,#22130,.T.);
#22128=EDGE_CURVE('',#877,#125,#22131,.T.);
#22129=LINE('',#124,#22132);
#22130=LINE('',#198,#22133);
#22131=LINE('',#876,#22134);
#22132=VECTOR('',#22135,1.0);
#22133=VECTOR('',#22136,1.0);
#22134=VECTOR('',#22137,1.0);
#22135=DIRECTION('',(-0.4422367972416186,-0.896898330450824,0));
#22136=DIRECTION('',(-0.9888357839115505,-0.149009370363173,0));
#22137=DIRECTION('',(0.9848280232781594,0.17353318001475382,0));
#22138=FACE_SURFACE('',(#22143),#22139,.T.);
#22139=PLANE('',#22140);
#22140=AXIS2_PLACEMENT_3D('',#126,#22141,#22142);
#22141=DIRECTION('',(0,-0,-1));
#22142=DIRECTION('',(0.39355878831803687,-0.9192994507436839,0));
#22143=FACE_BOUND('',#22144,.T.);
#22144=EDGE_LOOP('',(#22145,#22146,#22147));
#22145=ORIENTED_EDGE('',*,*,#22148,.T.);
#22146=ORIENTED_EDGE('',*,*,#22149,.T.);
#22147=ORIENTED_EDGE('',*,*,#22150,.T.);
#22148=EDGE_CURVE('',#127,#125,#22151,.F.);
#22149=EDGE_CURVE('',#125,#877,#22152,.T.);
#22150=EDGE_CURVE('',#877,#127,#22153,.T.);
#22151=LINE('',#126,#22154);
#22152=LINE('',#124,#22155);
#22153=LINE('',#876,#22156);
#22154=VECTOR('',#22157,1.0);
#22155=VECTOR('',#22158,1.0);
#22156=VECTOR('',#22159,1.0);
#22157=DIRECTION('',(0.39355878831803687,-0.9192994507436839,0));
#22158=DIRECTION('',(-0.9848280232781594,-0.17353318001475382,0));
#22159=DIRECTION('',(0.9553938717367547,0.2953346404468214,0));
#22160=FACE_SURFACE('',(#22165),#22161,.T.);
#22161=PLANE('',#22162);
#22162=AXIS2_PLACEMENT_3D('',#872,#22163,#22164);
#22163=DIRECTION('',(0,-0,-1));
#22164=DIRECTION('',(0.5988174733371339,-0.800885530913208,0));
#22165=FACE_BOUND('',#22166,.T.);
#22166=EDGE_LOOP('',(#22167,#22168,#22169));
#22167=ORIENTED_EDGE('',*,*,#22170,.T.);
#22168=ORIENTED_EDGE('',*,*,#22171,.T.);
#22169=ORIENTED_EDGE('',*,*,#22172,.T.);
#22170=EDGE_CURVE('',#873,#881,#22173,.F.);
#22171=EDGE_CURVE('',#881,#1009,#22174,.T.);
#22172=EDGE_CURVE('',#1009,#873,#22175,.T.);
#22173=LINE('',#872,#22176);
#22174=LINE('',#880,#22177);
#22175=LINE('',#1008,#22178);
#22176=VECTOR('',#22179,1.0);
#22177=VECTOR('',#22180,1.0);
#22178=VECTOR('',#22181,1.0);
#22179=DIRECTION('',(0.5988174733371339,-0.800885530913208,0));
#22180=DIRECTION('',(-0.7483170793246663,0.6633412008845835,0));
#22181=DIRECTION('',(0.7518177016960216,0.659371021062127,0));
#22182=FACE_SURFACE('',(#22187),#22183,.T.);
#22183=PLANE('',#22184);
#22184=AXIS2_PLACEMENT_3D('',#878,#22185,#22186);
#22185=DIRECTION('',(0,0,-1));
#22186=DIRECTION('',(-0.1737659810065528,0.9847869738399418,0));
#22187=FACE_BOUND('',#22188,.T.);
#22188=EDGE_LOOP('',(#22189,#22190,#22191));
#22189=ORIENTED_EDGE('',*,*,#22192,.T.);
#22190=ORIENTED_EDGE('',*,*,#22193,.T.);
#22191=ORIENTED_EDGE('',*,*,#22194,.T.);
#22192=EDGE_CURVE('',#879,#1011,#22195,.F.);
#22193=EDGE_CURVE('',#1011,#127,#22196,.T.);
#22194=EDGE_CURVE('',#127,#879,#22197,.T.);
#22195=LINE('',#878,#22198);
#22196=LINE('',#1010,#22199);
#22197=LINE('',#126,#22200);
#22198=VECTOR('',#22201,1.0);
#22199=VECTOR('',#22202,1.0);
#22200=VECTOR('',#22203,1.0);
#22201=DIRECTION('',(-0.1737659810065528,0.9847869738399418,0));
#22202=DIRECTION('',(0.997393076517963,0.07215989824017723,0));
#22203=DIRECTION('',(-0.9832540180300438,-0.18224032492226996,0));
#22204=FACE_SURFACE('',(#22209),#22205,.T.);
#22205=PLANE('',#22206);
#22206=AXIS2_PLACEMENT_3D('',#1006,#22207,#22208);
#22207=DIRECTION('',(0,-0,-1));
#22208=DIRECTION('',(0.865290586597976,-0.5012705863552446,0));
#22209=FACE_BOUND('',#22210,.T.);
#22210=EDGE_LOOP('',(#22211,#22212,#22213));
#22211=ORIENTED_EDGE('',*,*,#22214,.T.);
#22212=ORIENTED_EDGE('',*,*,#22215,.T.);
#22213=ORIENTED_EDGE('',*,*,#22216,.T.);
#22214=EDGE_CURVE('',#1007,#881,#22217,.F.);
#22215=EDGE_CURVE('',#881,#1003,#22218,.T.);
#22216=EDGE_CURVE('',#1003,#1007,#22219,.T.);
#22217=LINE('',#1006,#22220);
#22218=LINE('',#880,#22221);
#22219=LINE('',#1002,#22222);
#22220=VECTOR('',#22223,1.0);
#22221=VECTOR('',#22224,1.0);
#22222=VECTOR('',#22225,1.0);
#22223=DIRECTION('',(0.865290586597976,-0.5012705863552446,0));
#22224=DIRECTION('',(-0.945540619171274,0.32550412823373504,0));
#22225=DIRECTION('',(0.5555608172046163,0.8314759036718616,0));
#22226=FACE_SURFACE('',(#22231),#22227,.T.);
#22227=PLANE('',#22228);
#22228=AXIS2_PLACEMENT_3D('',#1012,#22229,#22230);
#22229=DIRECTION('',(0,0,-1));
#22230=DIRECTION('',(0.32145169561345277,0.9469259777761069,0));
#22231=FACE_BOUND('',#22232,.T.);
#22232=EDGE_LOOP('',(#22233,#22234,#22235));
#22233=ORIENTED_EDGE('',*,*,#22236,.T.);
#22234=ORIENTED_EDGE('',*,*,#22237,.T.);
#22235=ORIENTED_EDGE('',*,*,#22238,.T.);
#22236=EDGE_CURVE('',#1013,#1005,#22239,.F.);
#22237=EDGE_CURVE('',#1005,#127,#22240,.T.);
#22238=EDGE_CURVE('',#127,#1013,#22241,.T.);
#22239=LINE('',#1012,#22242);
#22240=LINE('',#1004,#22243);
#22241=LINE('',#126,#22244);
#22242=VECTOR('',#22245,1.0);
#22243=VECTOR('',#22246,1.0);
#22244=VECTOR('',#22247,1.0);
#22245=DIRECTION('',(0.32145169561345277,0.9469259777761069,0));
#22246=DIRECTION('',(0.9627007487597651,-0.27056841710995694,0));
#22247=DIRECTION('',(-0.9952192983473235,0.09766549133169325,0));
#22248=FACE_SURFACE('',(#22253),#22249,.T.);
#22249=PLANE('',#22250);
#22250=AXIS2_PLACEMENT_3D('',#880,#22251,#22252);
#22251=DIRECTION('',(-0,-0,-1));
#22252=DIRECTION('',(0,-1,0));
#22253=FACE_BOUND('',#22254,.T.);
#22254=EDGE_LOOP('',(#22255,#22256,#22257));
#22255=ORIENTED_EDGE('',*,*,#22258,.T.);
#22256=ORIENTED_EDGE('',*,*,#22259,.T.);
#22257=ORIENTED_EDGE('',*,*,#22260,.T.);
#22258=EDGE_CURVE('',#881,#127,#22261,.F.);
#22259=EDGE_CURVE('',#127,#1005,#22262,.T.);
#22260=EDGE_CURVE('',#1005,#881,#22263,.T.);
#22261=LINE('',#880,#22264);
#22262=LINE('',#126,#22265);
#22263=LINE('',#1004,#22266);
#22264=VECTOR('',#22267,1.0);
#22265=VECTOR('',#22268,1.0);
#22266=VECTOR('',#22269,1.0);
#22267=DIRECTION('',(0,-1,0));
#22268=DIRECTION('',(-0.9627007487597651,0.27056841710995694,0));
#22269=DIRECTION('',(0.9892098452511134,-0.1465055700588489,0));
#22270=FACE_SURFACE('',(#22275),#22271,.T.);
#22271=PLANE('',#22272);
#22272=AXIS2_PLACEMENT_3D('',#1002,#22273,#22274);
#22273=DIRECTION('',(0,-0,-1));
#22274=DIRECTION('',(0.945540619171274,-0.32550412823373504,0));
#22275=FACE_BOUND('',#22276,.T.);
#22276=EDGE_LOOP('',(#22277,#22278,#22279));
#22277=ORIENTED_EDGE('',*,*,#22280,.T.);
#22278=ORIENTED_EDGE('',*,*,#22281,.T.);
#22279=ORIENTED_EDGE('',*,*,#22282,.T.);
#22280=EDGE_CURVE('',#1003,#881,#22283,.F.);
#22281=EDGE_CURVE('',#881,#1005,#22284,.T.);
#22282=EDGE_CURVE('',#1005,#1003,#22285,.T.);
#22283=LINE('',#1002,#22286);
#22284=LINE('',#880,#22287);
#22285=LINE('',#1004,#22288);
#22286=VECTOR('',#22289,1.0);
#22287=VECTOR('',#22290,1.0);
#22288=VECTOR('',#22291,1.0);
#22289=DIRECTION('',(0.945540619171274,-0.32550412823373504,0));
#22290=DIRECTION('',(-0.9892098452511134,0.1465055700588489,0));
#22291=DIRECTION('',(0.4422992242581743,0.8968675466425448,0));
#22292=FACE_SURFACE('',(#22297),#22293,.T.);
#22293=PLANE('',#22294);
#22294=AXIS2_PLACEMENT_3D('',#838,#22295,#22296);
#22295=DIRECTION('',(-0.3137788568677503,-0.949496092136649,-0));
#22296=DIRECTION('',(-0.1042165169707162,0.0344403097944542,-0.9939581392854301));
#22297=FACE_BOUND('',#22298,.T.);
#22298=EDGE_LOOP('',(#22299,#22300,#22301));
#22299=ORIENTED_EDGE('',*,*,#22302,.T.);
#22300=ORIENTED_EDGE('',*,*,#22303,.T.);
#22301=ORIENTED_EDGE('',*,*,#22304,.T.);
#22302=EDGE_CURVE('',#839,#709,#22305,.F.);
#22303=EDGE_CURVE('',#709,#705,#22306,.T.);
#22304=EDGE_CURVE('',#705,#839,#22307,.T.);
#22305=LINE('',#838,#22308);
#22306=LINE('',#708,#22309);
#22307=LINE('',#704,#22310);
#22308=VECTOR('',#22311,1.0);
#22309=VECTOR('',#22312,1.0);
#22310=VECTOR('',#22313,1.0);
#22311=DIRECTION('',(-0.1042165169707162,0.0344403097944542,-0.9939581392854301));
#22312=DIRECTION('',(0.949496092136649,-0.31377885686775026,0));
#22313=DIRECTION('',(0,0,1));
#22314=FACE_SURFACE('',(#22319),#22315,.T.);
#22315=PLANE('',#22316);
#22316=AXIS2_PLACEMENT_3D('',#702,#22317,#22318);
#22317=DIRECTION('',(-0.26664144949033314,-0.9637957965324887,0));
#22318=DIRECTION('',(0,0,1));
#22319=FACE_BOUND('',#22320,.T.);
#22320=EDGE_LOOP('',(#22321,#22322,#22323));
#22321=ORIENTED_EDGE('',*,*,#22324,.T.);
#22322=ORIENTED_EDGE('',*,*,#22325,.T.);
#22323=ORIENTED_EDGE('',*,*,#22326,.T.);
#22324=EDGE_CURVE('',#703,#941,#22327,.F.);
#22325=EDGE_CURVE('',#941,#839,#22328,.T.);
#22326=EDGE_CURVE('',#839,#703,#22329,.T.);
#22327=LINE('',#702,#22330);
#22328=LINE('',#940,#22331);
#22329=LINE('',#838,#22332);
#22330=VECTOR('',#22333,1.0);
#22331=VECTOR('',#22334,1.0);
#22332=VECTOR('',#22335,1.0);
#22333=DIRECTION('',(0,0,1));
#22334=DIRECTION('',(-0.9637957965324885,0.2666414494903331,0));
#22335=DIRECTION('',(0.10580667275784322,-0.029272222073806944,-0.9939557761866352));
#22336=FACE_SURFACE('',(#22341),#22337,.T.);
#22337=PLANE('',#22338);
#22338=AXIS2_PLACEMENT_3D('',#702,#22339,#22340);
#22339=DIRECTION('',(-0.26664144949033314,-0.9637957965324887,0));
#22340=DIRECTION('',(-0.10580667275784322,0.029272222073806944,0.9939557761866352));
#22341=FACE_BOUND('',#22342,.T.);
#22342=EDGE_LOOP('',(#22343,#22344,#22345));
#22343=ORIENTED_EDGE('',*,*,#22346,.T.);
#22344=ORIENTED_EDGE('',*,*,#22347,.T.);
#22345=ORIENTED_EDGE('',*,*,#22348,.T.);
#22346=EDGE_CURVE('',#703,#839,#22349,.F.);
#22347=EDGE_CURVE('',#839,#705,#22350,.T.);
#22348=EDGE_CURVE('',#705,#703,#22351,.T.);
#22349=LINE('',#702,#22352);
#22350=LINE('',#838,#22353);
#22351=LINE('',#704,#22354);
#22352=VECTOR('',#22355,1.0);
#22353=VECTOR('',#22356,1.0);
#22354=VECTOR('',#22357,1.0);
#22355=DIRECTION('',(-0.10580667275784322,0.029272222073806944,0.9939557761866352));
#22356=DIRECTION('',(0,0,-1));
#22357=DIRECTION('',(0.9637957965324885,-0.2666414494903331,0));
#22358=FACE_SURFACE('',(#22363),#22359,.T.);
#22359=PLANE('',#22360);
#22360=AXIS2_PLACEMENT_3D('',#702,#22361,#22362);
#22361=DIRECTION('',(-0.21913243404472413,-0.9756951246929723,0));
#22362=DIRECTION('',(0.10709884678195306,-0.024053447008969546,0.9939573777104139));
#22363=FACE_BOUND('',#22364,.T.);
#22364=EDGE_LOOP('',(#22365,#22366,#22367));
#22365=ORIENTED_EDGE('',*,*,#22368,.T.);
#22366=ORIENTED_EDGE('',*,*,#22369,.T.);
#22367=ORIENTED_EDGE('',*,*,#22370,.T.);
#22368=EDGE_CURVE('',#703,#937,#22371,.F.);
#22369=EDGE_CURVE('',#937,#941,#22372,.T.);
#22370=EDGE_CURVE('',#941,#703,#22373,.T.);
#22371=LINE('',#702,#22374);
#22372=LINE('',#936,#22375);
#22373=LINE('',#940,#22376);
#22374=VECTOR('',#22377,1.0);
#22375=VECTOR('',#22378,1.0);
#22376=VECTOR('',#22379,1.0);
#22377=DIRECTION('',(0.10709884678195306,-0.024053447008969546,0.9939573777104139));
#22378=DIRECTION('',(-0.9756951246929723,0.2191324340447241,0));
#22379=DIRECTION('',(0,0,-1));
#22380=FACE_SURFACE('',(#22385),#22381,.T.);
#22381=PLANE('',#22382);
#22382=AXIS2_PLACEMENT_3D('',#706,#22383,#22384);
#22383=DIRECTION('',(0.19519155507424638,0.9807651384647078,-0));
#22384=DIRECTION('',(0,0,1));
#22385=FACE_BOUND('',#22386,.T.);
#22386=EDGE_LOOP('',(#22387,#22388,#22389));
#22387=ORIENTED_EDGE('',*,*,#22390,.T.);
#22388=ORIENTED_EDGE('',*,*,#22391,.T.);
#22389=ORIENTED_EDGE('',*,*,#22392,.T.);
#22390=EDGE_CURVE('',#707,#951,#22393,.F.);
#22391=EDGE_CURVE('',#951,#947,#22394,.T.);
#22392=EDGE_CURVE('',#947,#707,#22395,.T.);
#22393=LINE('',#706,#22396);
#22394=LINE('',#950,#22397);
#22395=LINE('',#946,#22398);
#22396=VECTOR('',#22399,1.0);
#22397=VECTOR('',#22400,1.0);
#22398=VECTOR('',#22401,1.0);
#22399=DIRECTION('',(0,0,1));
#22400=DIRECTION('',(0.9807651384647077,-0.19519155507424638,0));
#22401=DIRECTION('',(-0.2783820498011868,0.05540350393215497,-0.9588711519805615));
#22402=FACE_SURFACE('',(#22407),#22403,.T.);
#22403=PLANE('',#22404);
#22404=AXIS2_PLACEMENT_3D('',#948,#22405,#22406);
#22405=DIRECTION('',(0.32144985998375936,0.9469266009128804,0));
#22406=DIRECTION('',(0.9469266009128804,-0.32144985998375936,0));
#22407=FACE_BOUND('',#22408,.T.);
#22408=EDGE_LOOP('',(#22409,#22410,#22411));
#22409=ORIENTED_EDGE('',*,*,#22412,.T.);
#22410=ORIENTED_EDGE('',*,*,#22413,.T.);
#22411=ORIENTED_EDGE('',*,*,#22414,.T.);
#22412=EDGE_CURVE('',#949,#951,#22415,.F.);
#22413=EDGE_CURVE('',#951,#707,#22416,.T.);
#22414=EDGE_CURVE('',#707,#949,#22417,.T.);
#22415=LINE('',#948,#22418);
#22416=LINE('',#950,#22419);
#22417=LINE('',#706,#22420);
#22418=VECTOR('',#22421,1.0);
#22419=VECTOR('',#22422,1.0);
#22420=VECTOR('',#22423,1.0);
#22421=DIRECTION('',(0.9469266009128804,-0.32144985998375936,0));
#22422=DIRECTION('',(0,0,-1));
#22423=DIRECTION('',(-0.2687469530896009,0.09123058783904849,0.9588806260674984));
#22424=FACE_SURFACE('',(#22429),#22425,.T.);
#22425=PLANE('',#22426);
#22426=AXIS2_PLACEMENT_3D('',#858,#22427,#22428);
#22427=DIRECTION('',(-0.65310102702182,-0.757270789416206,-0));
#22428=DIRECTION('',(0,0,-1));
#22429=FACE_BOUND('',#22430,.T.);
#22430=EDGE_LOOP('',(#22431,#22432,#22433));
#22431=ORIENTED_EDGE('',*,*,#22434,.T.);
#22432=ORIENTED_EDGE('',*,*,#22435,.T.);
#22433=ORIENTED_EDGE('',*,*,#22436,.T.);
#22434=EDGE_CURVE('',#859,#731,#22437,.F.);
#22435=EDGE_CURVE('',#731,#863,#22438,.T.);
#22436=EDGE_CURVE('',#863,#859,#22439,.T.);
#22437=LINE('',#858,#22440);
#22438=LINE('',#730,#22441);
#22439=LINE('',#862,#22442);
#22440=VECTOR('',#22443,1.0);
#22441=VECTOR('',#22444,1.0);
#22442=VECTOR('',#22445,1.0);
#22443=DIRECTION('',(0,0,-1));
#22444=DIRECTION('',(0.08309522090099497,-0.07166468701754922,0.9939614463841601));
#22445=DIRECTION('',(-0.7572707894162061,0.6531010270218202,0));
#22446=FACE_SURFACE('',(#22451),#22447,.T.);
#22447=PLANE('',#22448);
#22448=AXIS2_PLACEMENT_3D('',#862,#22449,#22450);
#22449=DIRECTION('',(-0.6150973859748388,-0.7884511435510256,-0));
#22450=DIRECTION('',(0,0,-1));
#22451=FACE_BOUND('',#22452,.T.);
#22452=EDGE_LOOP('',(#22453,#22454,#22455));
#22453=ORIENTED_EDGE('',*,*,#22456,.T.);
#22454=ORIENTED_EDGE('',*,*,#22457,.T.);
#22455=ORIENTED_EDGE('',*,*,#22458,.T.);
#22456=EDGE_CURVE('',#863,#729,#22459,.F.);
#22457=EDGE_CURVE('',#729,#845,#22460,.T.);
#22458=EDGE_CURVE('',#845,#863,#22461,.T.);
#22459=LINE('',#862,#22462);
#22460=LINE('',#728,#22463);
#22461=LINE('',#844,#22464);
#22462=VECTOR('',#22465,1.0);
#22463=VECTOR('',#22466,1.0);
#22464=VECTOR('',#22467,1.0);
#22465=DIRECTION('',(0,0,-1));
#22466=DIRECTION('',(0.08657337857549265,-0.06753881872371134,0.9939534989562792));
#22467=DIRECTION('',(-0.7884511435510256,0.6150973859748388,0));
#22468=FACE_SURFACE('',(#22473),#22469,.T.);
#22469=PLANE('',#22470);
#22470=AXIS2_PLACEMENT_3D('',#726,#22471,#22472);
#22471=DIRECTION('',(-0.6150973859748388,-0.7884511435510256,0));
#22472=DIRECTION('',(0,0,1));
#22473=FACE_BOUND('',#22474,.T.);
#22474=EDGE_LOOP('',(#22475,#22476,#22477));
#22475=ORIENTED_EDGE('',*,*,#22478,.T.);
#22476=ORIENTED_EDGE('',*,*,#22479,.T.);
#22477=ORIENTED_EDGE('',*,*,#22480,.T.);
#22478=EDGE_CURVE('',#727,#845,#22481,.F.);
#22479=EDGE_CURVE('',#845,#729,#22482,.T.);
#22480=EDGE_CURVE('',#729,#727,#22483,.T.);
#22481=LINE('',#726,#22484);
#22482=LINE('',#844,#22485);
#22483=LINE('',#728,#22486);
#22484=VECTOR('',#22487,1.0);
#22485=VECTOR('',#22488,1.0);
#22486=VECTOR('',#22489,1.0);
#22487=DIRECTION('',(0,0,1));
#22488=DIRECTION('',(-0.08657337857549265,0.06753881872371134,-0.9939534989562792));
#22489=DIRECTION('',(0.7884511435510256,-0.6150973859748388,0));
#22490=FACE_SURFACE('',(#22495),#22491,.T.);
#22491=PLANE('',#22492);
#22492=AXIS2_PLACEMENT_3D('',#722,#22493,#22494);
#22493=DIRECTION('',(-0.5760438402961902,-0.8174187996717578,0));
#22494=DIRECTION('',(-0.08970491790458007,0.06321602270948373,0.9939601411407435));
#22495=FACE_BOUND('',#22496,.T.);
#22496=EDGE_LOOP('',(#22497,#22498,#22499));
#22497=ORIENTED_EDGE('',*,*,#22500,.T.);
#22498=ORIENTED_EDGE('',*,*,#22501,.T.);
#22499=ORIENTED_EDGE('',*,*,#22502,.T.);
#22500=EDGE_CURVE('',#723,#845,#22503,.F.);
#22501=EDGE_CURVE('',#845,#727,#22504,.T.);
#22502=EDGE_CURVE('',#727,#723,#22505,.T.);
#22503=LINE('',#722,#22506);
#22504=LINE('',#844,#22507);
#22505=LINE('',#726,#22508);
#22506=VECTOR('',#22509,1.0);
#22507=VECTOR('',#22510,1.0);
#22508=VECTOR('',#22511,1.0);
#22509=DIRECTION('',(-0.08970491790458007,0.06321602270948373,0.9939601411407435));
#22510=DIRECTION('',(0,0,-1));
#22511=DIRECTION('',(0.8174187996717579,-0.5760438402961902,0));
#22512=FACE_SURFACE('',(#22517),#22513,.T.);
#22513=PLANE('',#22514);
#22514=AXIS2_PLACEMENT_3D('',#844,#22515,#22516);
#22515=DIRECTION('',(-0.5760438402961902,-0.8174187996717578,0));
#22516=DIRECTION('',(0.08970491790458007,-0.06321602270948373,-0.9939601411407435));
#22517=FACE_BOUND('',#22518,.T.);
#22518=EDGE_LOOP('',(#22519,#22520,#22521));
#22519=ORIENTED_EDGE('',*,*,#22522,.T.);
#22520=ORIENTED_EDGE('',*,*,#22523,.T.);
#22521=ORIENTED_EDGE('',*,*,#22524,.T.);
#22522=EDGE_CURVE('',#845,#723,#22525,.F.);
#22523=EDGE_CURVE('',#723,#843,#22526,.T.);
#22524=EDGE_CURVE('',#843,#845,#22527,.T.);
#22525=LINE('',#844,#22528);
#22526=LINE('',#722,#22529);
#22527=LINE('',#842,#22530);
#22528=VECTOR('',#22531,1.0);
#22529=VECTOR('',#22532,1.0);
#22530=VECTOR('',#22533,1.0);
#22531=DIRECTION('',(0.08970491790458007,-0.06321602270948373,-0.9939601411407435));
#22532=DIRECTION('',(0,0,1));
#22533=DIRECTION('',(-0.8174187996717579,0.5760438402961902,0));
#22534=FACE_SURFACE('',(#22539),#22535,.T.);
#22535=PLANE('',#22536);
#22536=AXIS2_PLACEMENT_3D('',#840,#22537,#22538);
#22537=DIRECTION('',(-0.5351186803123286,-0.8447768924282859,-0));
#22538=DIRECTION('',(-0.8447768924282859,0.5351186803123286,0));
#22539=FACE_BOUND('',#22540,.T.);
#22540=EDGE_LOOP('',(#22541,#22542,#22543));
#22541=ORIENTED_EDGE('',*,*,#22544,.T.);
#22542=ORIENTED_EDGE('',*,*,#22545,.T.);
#22543=ORIENTED_EDGE('',*,*,#22546,.T.);
#22544=EDGE_CURVE('',#841,#843,#22547,.F.);
#22545=EDGE_CURVE('',#843,#721,#22548,.T.);
#22546=EDGE_CURVE('',#721,#841,#22549,.T.);
#22547=LINE('',#840,#22550);
#22548=LINE('',#842,#22551);
#22549=LINE('',#720,#22552);
#22550=VECTOR('',#22553,1.0);
#22551=VECTOR('',#22554,1.0);
#22552=VECTOR('',#22555,1.0);
#22553=DIRECTION('',(-0.8447768924282859,0.5351186803123286,0));
#22554=DIRECTION('',(0.09273618429941041,-0.058743160477384974,-0.9939563578038595));
#22555=DIRECTION('',(0,0,1));
#22556=FACE_SURFACE('',(#22561),#22557,.T.);
#22557=PLANE('',#22558);
#22558=AXIS2_PLACEMENT_3D('',#722,#22559,#22560);
#22559=DIRECTION('',(-0.5351186803123286,-0.8447768924282859,0));
#22560=DIRECTION('',(0.8447768924282859,-0.5351186803123286,0));
#22561=FACE_BOUND('',#22562,.T.);
#22562=EDGE_LOOP('',(#22563,#22564,#22565));
#22563=ORIENTED_EDGE('',*,*,#22566,.T.);
#22564=ORIENTED_EDGE('',*,*,#22567,.T.);
#22565=ORIENTED_EDGE('',*,*,#22568,.T.);
#22566=EDGE_CURVE('',#723,#721,#22569,.F.);
#22567=EDGE_CURVE('',#721,#843,#22570,.T.);
#22568=EDGE_CURVE('',#843,#723,#22571,.T.);
#22569=LINE('',#722,#22572);
#22570=LINE('',#720,#22573);
#22571=LINE('',#842,#22574);
#22572=VECTOR('',#22575,1.0);
#22573=VECTOR('',#22576,1.0);
#22574=VECTOR('',#22577,1.0);
#22575=DIRECTION('',(0.8447768924282859,-0.5351186803123286,0));
#22576=DIRECTION('',(-0.09273618429941041,0.058743160477384974,0.9939563578038595));
#22577=DIRECTION('',(0,0,-1));
#22578=FACE_SURFACE('',(#22583),#22579,.T.);
#22579=PLANE('',#22580);
#22580=AXIS2_PLACEMENT_3D('',#832,#22581,#22582);
#22581=DIRECTION('',(-0.4926237893830392,-0.8702423812558745,-0));
#22582=DIRECTION('',(-0.8702423812558746,0.49262378938303925,0));
#22583=FACE_BOUND('',#22584,.T.);
#22584=EDGE_LOOP('',(#22585,#22586,#22587));
#22585=ORIENTED_EDGE('',*,*,#22588,.T.);
#22586=ORIENTED_EDGE('',*,*,#22589,.T.);
#22587=ORIENTED_EDGE('',*,*,#22590,.T.);
#22588=EDGE_CURVE('',#833,#841,#22591,.F.);
#22589=EDGE_CURVE('',#841,#719,#22592,.T.);
#22590=EDGE_CURVE('',#719,#833,#22593,.T.);
#22591=LINE('',#832,#22594);
#22592=LINE('',#840,#22595);
#22593=LINE('',#718,#22596);
#22594=VECTOR('',#22597,1.0);
#22595=VECTOR('',#22598,1.0);
#22596=VECTOR('',#22599,1.0);
#22597=DIRECTION('',(-0.8702423812558746,0.49262378938303925,0));
#22598=DIRECTION('',(0.09551921246189708,-0.05407118455200578,-0.9939579402830897));
#22599=DIRECTION('',(0,0,1));
#22600=FACE_SURFACE('',(#22605),#22601,.T.);
#22601=PLANE('',#22602);
#22602=AXIS2_PLACEMENT_3D('',#720,#22603,#22604);
#22603=DIRECTION('',(-0.4926237893830392,-0.8702423812558745,0));
#22604=DIRECTION('',(0.8702423812558746,-0.49262378938303925,0));
#22605=FACE_BOUND('',#22606,.T.);
#22606=EDGE_LOOP('',(#22607,#22608,#22609));
#22607=ORIENTED_EDGE('',*,*,#22610,.T.);
#22608=ORIENTED_EDGE('',*,*,#22611,.T.);
#22609=ORIENTED_EDGE('',*,*,#22612,.T.);
#22610=EDGE_CURVE('',#721,#719,#22613,.F.);
#22611=EDGE_CURVE('',#719,#841,#22614,.T.);
#22612=EDGE_CURVE('',#841,#721,#22615,.T.);
#22613=LINE('',#720,#22616);
#22614=LINE('',#718,#22617);
#22615=LINE('',#840,#22618);
#22616=VECTOR('',#22619,1.0);
#22617=VECTOR('',#22620,1.0);
#22618=VECTOR('',#22621,1.0);
#22619=DIRECTION('',(0.8702423812558746,-0.49262378938303925,0));
#22620=DIRECTION('',(-0.09551921246189708,0.05407118455200578,0.9939579402830897));
#22621=DIRECTION('',(0,0,-1));
#22622=FACE_SURFACE('',(#22627),#22623,.T.);
#22623=PLANE('',#22624);
#22624=AXIS2_PLACEMENT_3D('',#712,#22625,#22626);
#22625=DIRECTION('',(-0.44992315232478786,-0.8930672746227608,0));
#22626=DIRECTION('',(0,0,1));
#22627=FACE_BOUND('',#22628,.T.);
#22628=EDGE_LOOP('',(#22629,#22630,#22631));
#22629=ORIENTED_EDGE('',*,*,#22632,.T.);
#22630=ORIENTED_EDGE('',*,*,#22633,.T.);
#22631=ORIENTED_EDGE('',*,*,#22634,.T.);
#22632=EDGE_CURVE('',#713,#831,#22635,.F.);
#22633=EDGE_CURVE('',#831,#719,#22636,.T.);
#22634=EDGE_CURVE('',#719,#713,#22637,.T.);
#22635=LINE('',#712,#22638);
#22636=LINE('',#830,#22639);
#22637=LINE('',#718,#22640);
#22638=VECTOR('',#22641,1.0);
#22639=VECTOR('',#22642,1.0);
#22640=VECTOR('',#22643,1.0);
#22641=DIRECTION('',(0,0,1));
#22642=DIRECTION('',(-0.09805357497882587,0.04939893645730496,-0.9939543457879536));
#22643=DIRECTION('',(0.8930672746227608,-0.4499231523247879,0));
#22644=FACE_SURFACE('',(#22649),#22645,.T.);
#22645=PLANE('',#22646);
#22646=AXIS2_PLACEMENT_3D('',#718,#22647,#22648);
#22647=DIRECTION('',(-0.44992315232478786,-0.8930672746227608,0));
#22648=DIRECTION('',(0.09805357497882587,-0.04939893645730496,0.9939543457879536));
#22649=FACE_BOUND('',#22650,.T.);
#22650=EDGE_LOOP('',(#22651,#22652,#22653));
#22651=ORIENTED_EDGE('',*,*,#22654,.T.);
#22652=ORIENTED_EDGE('',*,*,#22655,.T.);
#22653=ORIENTED_EDGE('',*,*,#22656,.T.);
#22654=EDGE_CURVE('',#719,#831,#22657,.F.);
#22655=EDGE_CURVE('',#831,#833,#22658,.T.);
#22656=EDGE_CURVE('',#833,#719,#22659,.T.);
#22657=LINE('',#718,#22660);
#22658=LINE('',#830,#22661);
#22659=LINE('',#832,#22662);
#22660=VECTOR('',#22663,1.0);
#22661=VECTOR('',#22664,1.0);
#22662=VECTOR('',#22665,1.0);
#22663=DIRECTION('',(0.09805357497882587,-0.04939893645730496,0.9939543457879536));
#22664=DIRECTION('',(-0.8930672746227608,0.4499231523247879,0));
#22665=DIRECTION('',(0,0,-1));
ENDSEC;
END-ISO-10303-21;
